---------------------------------------
Begin Slurm Prolog: Mar-07-2025 13:30:15
Job ID:    3096673
User ID:   dfu71
Account:   gts-yke8
Job name:  rag
Partition: gpu-h200
QOS:       inferno
---------------------------------------
`flash-attention` package not found, consider installing for better performance: No module named 'flash_attn'.
Current `flash-attention` does not support `window_size`. Either upgrade or use `attn_implementation='eager'`.
Loading checkpoint shards:   0%|          | 0/2 [00:00<?, ?it/s]Loading checkpoint shards:  50%|█████     | 1/2 [00:22<00:22, 22.23s/it]Loading checkpoint shards: 100%|██████████| 2/2 [00:41<00:00, 20.42s/it]Loading checkpoint shards: 100%|██████████| 2/2 [00:41<00:00, 20.69s/it]
Device set to use cuda:0
/storage/scratch1/6/dfu71/halulujah/venv_RAG/lib/python3.10/site-packages/transformers/generation/configuration_utils.py:628: UserWarning: `do_sample` is set to `False`. However, `temperature` is set to `0` -- this flag is only used in sample-based generation modes. You should set `do_sample=True` or unset `temperature`.
  warnings.warn(
The `seen_tokens` attribute is deprecated and will be removed in v4.41. Use the `cache_position` model input instead.
`get_max_cache()` is deprecated for all Cache classes. Use `get_max_cache_shape()` instead. Calling `get_max_cache()` will raise error from v4.48
You are not running the flash-attention implementation, expect numerical differences.
Loading FAISS index...
Loading corpus and metadata...
Loading BM25 index...

Query: The company in question is NVIDIA, also referred to by its stock symbol NVDA. The current year is 2024. Answer the following question using NVDA's 10-K filings, ensuring that you infer a relevant timeframe from the question. If the question asks about changes, trends, or comparisons, determine the appropriate range of years based on the current year and extract relevant information accordingly. If no specific year is mentioned, consider the past five years unless context suggests otherwise. The question is: How has the company’s stated mission or long-term vision changed over the past five years?
Edited query to be: The company in question is NVIDIA, also referred to by its stock symbol NVDA. The current year is 2024. Answer the following question using NVDA's 10-K filings, ensuring that you infer a relevant timeframe from the question. If the question asks about changes, trends, or comparisons, determine the appropriate range of years based on the current year and extract relevant information accordingly. If no specific year is mentioned, consider the past five years unless context suggests otherwise. The question is: How has the company’s stated mission or long-term vision changed over the past five years?
Extracted filters: {'company': 'NVIDIA', 'years': [2024, 2019, 2018, 2017, 2016], 'filing_type': '10-K', 'year_comparison': True}
Attempting to locate documents with the filters and query: The company in question is NVIDIA, also referred to by its stock symbol NVDA. The current year is 2024. Answer the following question using NVDA's 10-K filings, ensuring that you infer a relevant timeframe from the question. If the question asks about changes, trends, or comparisons, determine the appropriate range of years based on the current year and extract relevant information accordingly. If no specific year is mentioned, consider the past five years unless context suggests otherwise. The question is: How has the company’s stated mission or long-term vision changed over the past five years? {'company': ['NVDA'], 'year': ['2024', '2019', '2018', '2017', '2016'], 'filing_type': '10-K'}
Filtering with params: {'company': ['NVDA'], 'year': ['2024', '2019', '2018', '2017', '2016'], 'filing_type': '10-K'}
Total documents in corpus: 3668
Filter 'company': 3668 matches
Filter 'year': 1227 matches
Filter 'filing_type': 3668 matches
Final matching documents: 1227
Reverted query to be: The company in question is NVIDIA, also referred to by its stock symbol NVDA. The current year is 2024. Answer the following question using NVDA's 10-K filings, ensuring that you infer a relevant timeframe from the question. If the question asks about changes, trends, or comparisons, determine the appropriate range of years based on the current year and extract relevant information accordingly. If no specific year is mentioned, consider the past five years unless context suggests otherwise. The question is: How has the company’s stated mission or long-term vision changed over the past five years?
Response:  The provided context does not include explicit information regarding NVIDIA's (NVDA) stated mission or long-term vision changes over the past five years. The documents cited are annual reports and filings from 2016, 2018, 2020, and 2023. To analyze changes or trends in NVDA's mission or long-term vision, one would need to review the mission and vision statements within those reports or access NVDA's official communications and strategic documents from the years 2019 to 2024. Since the context does not provide this information, it is not possible to determine how NVDA's mission or long-term vision has changed over the specified period. For an accurate assessment, one would need to consult the most recent documents or official statements from NVDA.
--------------------------------------------------------------------------------

Query: The company in question is NVIDIA, also referred to by its stock symbol NVDA. The current year is 2024. Answer the following question using NVDA's 10-K filings, ensuring that you infer a relevant timeframe from the question. If the question asks about changes, trends, or comparisons, determine the appropriate range of years based on the current year and extract relevant information accordingly. If no specific year is mentioned, consider the past five years unless context suggests otherwise. The question is: Has the company expanded into new business segments or industries? Provide evidence.
Edited query to be: The company in question is NVIDIA, also referred to by its stock symbol NVDA. The current year is 2024. Answer the following question using NVDA's 10-K filings, ensuring that you infer a relevant timeframe from the question. If the question asks about changes, trends, or comparisons, determine the appropriate range of years based on the current year and extract relevant information accordingly. If no specific year is mentioned, consider the past five years unless context suggests otherwise. The question is: Has the company expanded into new business segments or industries? Provide evidence.
Extracted filters: {'company': 'NVIDIA', 'years': [2024, 2019, 2018, 2017, 2016], 'filing_type': '10-K', 'year_comparison': True}
Attempting to locate documents with the filters and query: The company in question is NVIDIA, also referred to by its stock symbol NVDA. The current year is 2024. Answer the following question using NVDA's 10-K filings, ensuring that you infer a relevant timeframe from the question. If the question asks about changes, trends, or comparisons, determine the appropriate range of years based on the current year and extract relevant information accordingly. If no specific year is mentioned, consider the past five years unless context suggests otherwise. The question is: Has the company expanded into new business segments or industries? Provide evidence. {'company': ['NVDA'], 'year': ['2024', '2019', '2018', '2017', '2016'], 'filing_type': '10-K'}
Filtering with params: {'company': ['NVDA'], 'year': ['2024', '2019', '2018', '2017', '2016'], 'filing_type': '10-K'}
Total documents in corpus: 3668
Filter 'company': 3668 matches
Filter 'year': 1227 matches
Filter 'filing_type': 3668 matches
Final matching documents: 1227
Reverted query to be: The company in question is NVIDIA, also referred to by its stock symbol NVDA. The current year is 2024. Answer the following question using NVDA's 10-K filings, ensuring that you infer a relevant timeframe from the question. If the question asks about changes, trends, or comparisons, determine the appropriate range of years based on the current year and extract relevant information accordingly. If no specific year is mentioned, consider the past five years unless context suggests otherwise. The question is: Has the company expanded into new business segments or industries? Provide evidence.
Response:  According to the NVDA 10-K filing for the year 2024, NVIDIA (NVDA) has indeed expanded into new business segments and industries. The document mentions that the company has leveraged its GPU architecture to create platforms for various computationally intensive fields beyond its original focus on PC graphics. Specifically, it states, "Our two operating segments are 'Compute & Networking' and 'Graphics.' Refer to Note 17 of the Notes to the Consolidated Financial Statements in Part IV, Item 15 of this Annual Report on Form 10-K for additional information." This indicates that NVIDIA has diversified its operations into new segments such as Compute & Networking and Graphics, which are not limited to traditional graphics but also include applications in scientific computing, AI, data science, AV, robotics, metaverse, and 3D internet. This expansion into new business segments demonstrates NVIDIA's growth and adaptation to market demands and technological advancements.
--------------------------------------------------------------------------------

Query: The company in question is NVIDIA, also referred to by its stock symbol NVDA. The current year is 2024. Answer the following question using NVDA's 10-K filings, ensuring that you infer a relevant timeframe from the question. If the question asks about changes, trends, or comparisons, determine the appropriate range of years based on the current year and extract relevant information accordingly. If no specific year is mentioned, consider the past five years unless context suggests otherwise. The question is: Has the company discontinued any major product lines or services? Explain why.
Edited query to be: The company in question is NVIDIA, also referred to by its stock symbol NVDA. The current year is 2024. Answer the following question using NVDA's 10-K filings, ensuring that you infer a relevant timeframe from the question. If the question asks about changes, trends, or comparisons, determine the appropriate range of years based on the current year and extract relevant information accordingly. If no specific year is mentioned, consider the past five years unless context suggests otherwise. The question is: Has the company discontinued any major product lines or services? Explain why.
Extracted filters: {'company': 'NVIDIA', 'years': [2024, 2023, 2022, 2021, 2020], 'filing_type': '10-K', 'year_comparison': True}
Attempting to locate documents with the filters and query: The company in question is NVIDIA, also referred to by its stock symbol NVDA. The current year is 2024. Answer the following question using NVDA's 10-K filings, ensuring that you infer a relevant timeframe from the question. If the question asks about changes, trends, or comparisons, determine the appropriate range of years based on the current year and extract relevant information accordingly. If no specific year is mentioned, consider the past five years unless context suggests otherwise. The question is: Has the company discontinued any major product lines or services? Explain why. {'company': ['NVDA'], 'year': ['2024', '2023', '2022', '2021', '2020'], 'filing_type': '10-K'}
Filtering with params: {'company': ['NVDA'], 'year': ['2024', '2023', '2022', '2021', '2020'], 'filing_type': '10-K'}
Total documents in corpus: 3668
Filter 'company': 3668 matches
Filter 'year': 829 matches
Filter 'filing_type': 3668 matches
Final matching documents: 829
Reverted query to be: The company in question is NVIDIA, also referred to by its stock symbol NVDA. The current year is 2024. Answer the following question using NVDA's 10-K filings, ensuring that you infer a relevant timeframe from the question. If the question asks about changes, trends, or comparisons, determine the appropriate range of years based on the current year and extract relevant information accordingly. If no specific year is mentioned, consider the past five years unless context suggests otherwise. The question is: Has the company discontinued any major product lines or services? Explain why.
Response:  Based on the provided context from NVDA's 10-K filings for the years 2022 and 2024, there is no explicit information indicating that NVIDIA (NVDA) has discontinued any major product lines or services. The documents mention various segments such as Graphics, Compute & Networking, and other services, but there is no mention of discontinuation. The segments include GeForce GPUs for gaming and PCs, AI and accelerated computing platforms, networking solutions, and software for building 3D designs and virtual worlds, among others.

The documents focus on financial data, such as revenue, cost of revenue, operating expenses, and cash flows, as well as details about employee retirement plans, segment information, and share repurchases. They also discuss the company's adherence to the Privacy Shield Principles for data protection and the retirement of treasury shares.

Since there is no specific mention of discontinuing major product lines or services in the provided context, we cannot infer any changes or trends regarding product discontinuation from the given documents. For a more detailed analysis of product line changes, one would need to review NVIDIA's annual reports or press releases that discuss strategic business decisions beyond the scope of the financial data provided.

It is important to note that while the provided context does not contain information about product discontinuation, companies often update their investors and stakeholders about such significant changes through different channels, which might not be reflected in financial filings alone. Therefore, for the most accurate and up-to-date information regarding product line changes, it is advisable to consult NVIDIA's official communications or press releases.

If there were a specific year mentioned in the question that was not included in the provided context, I would have to acknowledge the limitation and clarify that I cannot provide an analysis based on that year. However, as the current year is 2024 and the context includes data from both 2022 and 2024, we can only compare the information available within these two years.

In conclusion, based on the provided NVDA 10-K filings for 2022 and 2024, there is no evidence to suggest that NVIDIA has discontinued any major product lines or services.
--------------------------------------------------------------------------------

Query: The company in question is NVIDIA, also referred to by its stock symbol NVDA. The current year is 2024. Answer the following question using NVDA's 10-K filings, ensuring that you infer a relevant timeframe from the question. If the question asks about changes, trends, or comparisons, determine the appropriate range of years based on the current year and extract relevant information accordingly. If no specific year is mentioned, consider the past five years unless context suggests otherwise. The question is: How has the company’s revenue diversification (by product, service, or geography) changed?
Edited query to be: The company in question is NVIDIA, also referred to by its stock symbol NVDA. The current year is 2024. Answer the following question using NVDA's 10-K filings, ensuring that you infer a relevant timeframe from the question. If the question asks about changes, trends, or comparisons, determine the appropriate range of years based on the current year and extract relevant information accordingly. If no specific year is mentioned, consider the past five years unless context suggests otherwise. The question is: How has the company’s revenue diversification (by product, service, or geography) changed?
Extracted filters: {'company': 'NVIDIA', 'years': [2024, 2019, 2018, 2017, 2016], 'filing_type': '10-K', 'year_comparison': True}
Attempting to locate documents with the filters and query: The company in question is NVIDIA, also referred to by its stock symbol NVDA. The current year is 2024. Answer the following question using NVDA's 10-K filings, ensuring that you infer a relevant timeframe from the question. If the question asks about changes, trends, or comparisons, determine the appropriate range of years based on the current year and extract relevant information accordingly. If no specific year is mentioned, consider the past five years unless context suggests otherwise. The question is: How has the company’s revenue diversification (by product, service, or geography) changed? {'company': ['NVDA'], 'year': ['2024', '2019', '2018', '2017', '2016'], 'filing_type': '10-K'}
Filtering with params: {'company': ['NVDA'], 'year': ['2024', '2019', '2018', '2017', '2016'], 'filing_type': '10-K'}
Total documents in corpus: 3668
Filter 'company': 3668 matches
Filter 'year': 1227 matches
Filter 'filing_type': 3668 matches
Final matching documents: 1227
Reverted query to be: The company in question is NVIDIA, also referred to by its stock symbol NVDA. The current year is 2024. Answer the following question using NVDA's 10-K filings, ensuring that you infer a relevant timeframe from the question. If the question asks about changes, trends, or comparisons, determine the appropriate range of years based on the current year and extract relevant information accordingly. If no specific year is mentioned, consider the past five years unless context suggests otherwise. The question is: How has the company’s revenue diversification (by product, service, or geography) changed?
Response:  To analyze NVIDIA's revenue diversification over time, we can compare the revenue figures from the provided documents for the years 2021, 2022, and 2023, as the current year mentioned is 2024.

From the provided context:

- Revenue by Specialized Markets (in millions):
  - Data Center: $15,005 (2023), $10,613 (2022), $6,696 (2021)
  - Gaming: $9,067 (2023), $12,462 (2022), $7,759 (2021)
  - Professional Visualization: $1,544 (2023), $2,111 (2022), $1,053 (2021)
  - Automotive: $903 (2023), $566 (2022), $536 (2021)
  - OEM & Other: $455 (2023), $1,162 (2022), $631 (2021)
  - Total Revenue: $26,974 (2023), $26,914 (2022), $16,675 (2021)

- Customer Accounts Receivable (in millions):
  - Two customers accounted for 14% (2023), 11% (2022), and no specific percentage for 2021.

Based on the available data, we can observe the following trends:

1. Data Center: Revenue in this segment has increased from $6,696 million in 2021 to $15,005 million in 2023, indicating growth in this area.
2. Gaming: Revenue fluctuated, peaking at $12,462 million in 2022, but it decreased to $9,067 million in 2023, suggesting a slight decline in this market.
3. Professional Visualization: Revenue has decreased over the three years, from $2,111 million in 2022 to $1,544 million in 2023.
4. Automotive: Revenue has also decreased, from $566 million in 2022 to $903 million in 2023.
5. OEM & Other: Revenue decreased from $1,162 million in 2022 to $455 million in 2023.

Geographically, the revenue distribution is as follows:

- United States: Revenue has increased from $3,214 million in 2021 to $8,292 million in 2023.
- Taiwan: Revenue has increased from $4,531 million in 2021 to $6,986 million in 2023.
- China (including Hong Kong): Revenue has increased from $3,886 million in 2021 to $5,785 million in 2023.
- Other countries: Revenue has increased from $5,044 million in 2021 to $5,911 million in 2023.

In summary, NVIDIA's revenue diversification shows growth in the Data Center, Taiwan, China, and Other countries segments from 2021 to 2023. However, there has been a decline in the Gaming, Professional Visualization, Automotive, and OEM & Other segments. The United States remains the largest revenue contributor, but there is significant growth in other regions, particularly Taiwan and China. The concentration of revenue among a few customers is also decreasing, as indicated by the reduction in the percentage of accounts receivable from two customers in 2023 compared to 2022.

To provide a more comprehensive analysis, we would need additional data for the year 2024 to see if these trends continued or if there were any changes in the company's revenue diversification strategy.
--------------------------------------------------------------------------------

Query: The company in question is NVIDIA, also referred to by its stock symbol NVDA. The current year is 2024. Answer the following question using NVDA's 10-K filings, ensuring that you infer a relevant timeframe from the question. If the question asks about changes, trends, or comparisons, determine the appropriate range of years based on the current year and extract relevant information accordingly. If no specific year is mentioned, consider the past five years unless context suggests otherwise. The question is: Have there been changes in the company's branding or positioning in the market?
Edited query to be: The company in question is NVIDIA, also referred to by its stock symbol NVDA. The current year is 2024. Answer the following question using NVDA's 10-K filings, ensuring that you infer a relevant timeframe from the question. If the question asks about changes, trends, or comparisons, determine the appropriate range of years based on the current year and extract relevant information accordingly. If no specific year is mentioned, consider the past five years unless context suggests otherwise. The question is: Have there been changes in the company's branding or positioning in the market?
Extracted filters: {'company': 'NVIDIA', 'years': [2024, 2019, 2018, 2017, 2016], 'filing_type': '10-K', 'year_comparison': True}
Attempting to locate documents with the filters and query: The company in question is NVIDIA, also referred to by its stock symbol NVDA. The current year is 2024. Answer the following question using NVDA's 10-K filings, ensuring that you infer a relevant timeframe from the question. If the question asks about changes, trends, or comparisons, determine the appropriate range of years based on the current year and extract relevant information accordingly. If no specific year is mentioned, consider the past five years unless context suggests otherwise. The question is: Have there been changes in the company's branding or positioning in the market? {'company': ['NVDA'], 'year': ['2024', '2019', '2018', '2017', '2016'], 'filing_type': '10-K'}
Filtering with params: {'company': ['NVDA'], 'year': ['2024', '2019', '2018', '2017', '2016'], 'filing_type': '10-K'}
Total documents in corpus: 3668
Filter 'company': 3668 matches
Filter 'year': 1227 matches
Filter 'filing_type': 3668 matches
Final matching documents: 1227
Reverted query to be: The company in question is NVIDIA, also referred to by its stock symbol NVDA. The current year is 2024. Answer the following question using NVDA's 10-K filings, ensuring that you infer a relevant timeframe from the question. If the question asks about changes, trends, or comparisons, determine the appropriate range of years based on the current year and extract relevant information accordingly. If no specific year is mentioned, consider the past five years unless context suggests otherwise. The question is: Have there been changes in the company's branding or positioning in the market?
Response:  Based on the provided documents, there is no explicit mention of changes in the company's branding or positioning in the market within the excerpts from NVDA's 10-K filings for the years 2015, 2016, 2023, and 2024. The documents discuss various aspects such as data privacy, revenue recognition, and risks related to competition and market dynamics. However, they do not provide a direct comparison or statement about changes in branding or market positioning over the specified timeframe. 

For a more detailed analysis of changes in branding or market positioning, one would need to review the entire 10-K filings or additional company communications and press releases from NVIDIA. It's important to note that the excerpts provided do not contain sufficient information to conclusively answer the question about changes in branding or market positioning for NVIDIA from 2015 to 2024.

If you are looking for specific trends or comparisons, please provide more context or specify the aspects you are interested in, so I can attempt to draw more relevant conclusions from the available data.
--------------------------------------------------------------------------------

Query: The company in question is NVIDIA, also referred to by its stock symbol NVDA. The current year is 2024. Answer the following question using NVDA's 10-K filings, ensuring that you infer a relevant timeframe from the question. If the question asks about changes, trends, or comparisons, determine the appropriate range of years based on the current year and extract relevant information accordingly. If no specific year is mentioned, consider the past five years unless context suggests otherwise. The question is: How have acquisitions or divestitures affected the company’s strategic direction?
You seem to be using the pipelines sequentially on GPU. In order to maximize efficiency please use a dataset
Edited query to be: The company in question is NVIDIA, also referred to by its stock symbol NVDA. The current year is 2024. Answer the following question using NVDA's 10-K filings, ensuring that you infer a relevant timeframe from the question. If the question asks about changes, trends, or comparisons, determine the appropriate range of years based on the current year and extract relevant information accordingly. If no specific year is mentioned, consider the past five years unless context suggests otherwise. The question is: How have acquisitions or divestitures affected the company’s strategic direction?
Extracted filters: {'company': 'NVIDIA', 'years': [2024, 2019, 2018, 2017, 2016, 2015, 2014, 2013, 2012, 2011], 'filing_type': '10-K', 'year_comparison': True}
Attempting to locate documents with the filters and query: The company in question is NVIDIA, also referred to by its stock symbol NVDA. The current year is 2024. Answer the following question using NVDA's 10-K filings, ensuring that you infer a relevant timeframe from the question. If the question asks about changes, trends, or comparisons, determine the appropriate range of years based on the current year and extract relevant information accordingly. If no specific year is mentioned, consider the past five years unless context suggests otherwise. The question is: How have acquisitions or divestitures affected the company’s strategic direction? {'company': ['NVDA'], 'year': ['2024', '2019', '2018', '2017', '2016', '2015', '2014', '2013', '2012', '2011'], 'filing_type': '10-K'}
Filtering with params: {'company': ['NVDA'], 'year': ['2024', '2019', '2018', '2017', '2016', '2015', '2014', '2013', '2012', '2011'], 'filing_type': '10-K'}
Total documents in corpus: 3668
Filter 'company': 3668 matches
Filter 'year': 1987 matches
Filter 'filing_type': 3668 matches
Final matching documents: 1987
Reverted query to be: The company in question is NVIDIA, also referred to by its stock symbol NVDA. The current year is 2024. Answer the following question using NVDA's 10-K filings, ensuring that you infer a relevant timeframe from the question. If the question asks about changes, trends, or comparisons, determine the appropriate range of years based on the current year and extract relevant information accordingly. If no specific year is mentioned, consider the past five years unless context suggests otherwise. The question is: How have acquisitions or divestitures affected the company’s strategic direction?
Response:  The provided context does not include specific details about acquisitions or divestitures and their impact on NVIDIA's strategic direction. The documents cited are NVDA 10-K filings from the years 2010, 2013, 2018, and 2024. To answer the question regarding how acquisitions or divestitures have affected NVIDIA's strategic direction, we would need to analyze the content of these filings, specifically looking for mentions of such transactions and their implications.

Since the question is about the period up to 2024 and the context does not provide this information, we cannot directly infer the impact of acquisitions or divestitures on NVIDIA's strategic direction from the given data. For a comprehensive analysis, we would need to review the sections of the NVDA 10-K reports that discuss corporate strategy, business segments, and any significant transactions, including acquisitions or divestitures, within those years.

Given the lack of specific information in the provided context, we acknowledge this limitation and cannot provide a detailed answer on how acquisitions or divestitures have affected NVIDIA's strategic direction based on the current year (2024) alone. To obtain this information, a thorough examination of the relevant sections in the NVDA 10-K reports from the past five years (2019-2024) would be necessary.

If more detailed information from the NVDA 10-K reports is available, we could then compare the strategic direction and business operations before and after significant acquisitions or divestitures to understand their impact on NVIDIA's strategy.
--------------------------------------------------------------------------------

Query: The company in question is NVIDIA, also referred to by its stock symbol NVDA. The current year is 2024. Answer the following question using NVDA's 10-K filings, ensuring that you infer a relevant timeframe from the question. If the question asks about changes, trends, or comparisons, determine the appropriate range of years based on the current year and extract relevant information accordingly. If no specific year is mentioned, consider the past five years unless context suggests otherwise. The question is: Has the company entered or exited international markets? If so, what reasons were given?
Edited query to be: The company in question is NVIDIA, also referred to by its stock symbol NVDA. The current year is 2024. Answer the following question using NVDA's 10-K filings, ensuring that you infer a relevant timeframe from the question. If the question asks about changes, trends, or comparisons, determine the appropriate range of years based on the current year and extract relevant information accordingly. If no specific year is mentioned, consider the past five years unless context suggests otherwise. The question is: Has the company entered or exited international markets? If so, what reasons were given?
Extracted filters: {'company': 'NVIDIA', 'years': [2024, 2019, 2018, 2017, 2016, 2015], 'filing_type': '10-K', 'year_comparison': True}
Attempting to locate documents with the filters and query: The company in question is NVIDIA, also referred to by its stock symbol NVDA. The current year is 2024. Answer the following question using NVDA's 10-K filings, ensuring that you infer a relevant timeframe from the question. If the question asks about changes, trends, or comparisons, determine the appropriate range of years based on the current year and extract relevant information accordingly. If no specific year is mentioned, consider the past five years unless context suggests otherwise. The question is: Has the company entered or exited international markets? If so, what reasons were given? {'company': ['NVDA'], 'year': ['2024', '2019', '2018', '2017', '2016', '2015'], 'filing_type': '10-K'}
Filtering with params: {'company': ['NVDA'], 'year': ['2024', '2019', '2018', '2017', '2016', '2015'], 'filing_type': '10-K'}
Total documents in corpus: 3668
Filter 'company': 3668 matches
Filter 'year': 1359 matches
Filter 'filing_type': 3668 matches
Final matching documents: 1359
Reverted query to be: The company in question is NVIDIA, also referred to by its stock symbol NVDA. The current year is 2024. Answer the following question using NVDA's 10-K filings, ensuring that you infer a relevant timeframe from the question. If the question asks about changes, trends, or comparisons, determine the appropriate range of years based on the current year and extract relevant information accordingly. If no specific year is mentioned, consider the past five years unless context suggests otherwise. The question is: Has the company entered or exited international markets? If so, what reasons were given?
Response:  Based on the provided context from NVDA's 10-K filings for the years 2016, 2018, 2023, and 2024, NVIDIA (NVDA) has indeed entered international markets. The documents mention revenue from various countries, including the United States, Taiwan, China (including Hong Kong), and others, indicating global sales presence.

For instance, the revenue data table from the 10-K filing for 2024 shows total revenue of $26,974 million, with significant contributions from different regions:

- United States: $8,292 million
- Taiwan: $6,986 million
- China (including Hong Kong): $5,785 million
- Other countries: $5,911 million

These figures demonstrate that NVIDIA has a substantial international market presence. The company's revenue recognition policies, as detailed in the 2024 filing, also reflect its operations across various geographies, with specific mention of product sales and long-lived assets by country.

While the documents do not explicitly state reasons for entering international markets, the diversified revenue streams and the presence of long-lived assets in multiple countries suggest that NVIDIA has strategically expanded its operations globally to tap into different markets and customer segments. The company's compliance with U.S. GAAP and its adherence to the Privacy Shield Principles for data protection in international transactions further support its global business activities.

To summarize, NVIDIA has entered international markets, as evidenced by its revenue from multiple countries and the presence of long-lived assets across different regions. The exact reasons for this expansion are not detailed in the provided documents, but the company's global revenue figures and adherence to international data protection standards imply a strategic approach to global market penetration.
--------------------------------------------------------------------------------

Query: The company in question is NVIDIA, also referred to by its stock symbol NVDA. The current year is 2024. Answer the following question using NVDA's 10-K filings, ensuring that you infer a relevant timeframe from the question. If the question asks about changes, trends, or comparisons, determine the appropriate range of years based on the current year and extract relevant information accordingly. If no specific year is mentioned, consider the past five years unless context suggests otherwise. The question is: Have there been shifts in capital allocation priorities, such as investing more in R&D versus acquisitions?
Edited query to be: The company in question is NVIDIA, also referred to by its stock symbol NVDA. The current year is 2024. Answer the following question using NVDA's 10-K filings, ensuring that you infer a relevant timeframe from the question. If the question asks about changes, trends, or comparisons, determine the appropriate range of years based on the current year and extract relevant information accordingly. If no specific year is mentioned, consider the past five years unless context suggests otherwise. The question is: Have there been shifts in capital allocation priorities, such as investing more in R&D versus acquisitions?
Extracted filters: {'company': 'NVIDIA', 'years': [2024, 2019, 2018, 2017, 2016], 'filing_type': '10-K', 'year_comparison': True}
Attempting to locate documents with the filters and query: The company in question is NVIDIA, also referred to by its stock symbol NVDA. The current year is 2024. Answer the following question using NVDA's 10-K filings, ensuring that you infer a relevant timeframe from the question. If the question asks about changes, trends, or comparisons, determine the appropriate range of years based on the current year and extract relevant information accordingly. If no specific year is mentioned, consider the past five years unless context suggests otherwise. The question is: Have there been shifts in capital allocation priorities, such as investing more in R&D versus acquisitions? {'company': ['NVDA'], 'year': ['2024', '2019', '2018', '2017', '2016'], 'filing_type': '10-K'}
Filtering with params: {'company': ['NVDA'], 'year': ['2024', '2019', '2018', '2017', '2016'], 'filing_type': '10-K'}
Total documents in corpus: 3668
Filter 'company': 3668 matches
Filter 'year': 1227 matches
Filter 'filing_type': 3668 matches
Final matching documents: 1227
Reverted query to be: The company in question is NVIDIA, also referred to by its stock symbol NVDA. The current year is 2024. Answer the following question using NVDA's 10-K filings, ensuring that you infer a relevant timeframe from the question. If the question asks about changes, trends, or comparisons, determine the appropriate range of years based on the current year and extract relevant information accordingly. If no specific year is mentioned, consider the past five years unless context suggests otherwise. The question is: Have there been shifts in capital allocation priorities, such as investing more in R&D versus acquisitions?
Response:  To analyze shifts in capital allocation priorities between R&D and acquisitions for NVIDIA (NVDA) from 2024, we need to compare the relevant financial data from the 10-K filings of the past five years, specifically from 2019 to 2024.

From the provided context, we have the following cash flow information for the year ended January 28, 2024:

- Net income: $29,760 million
- Stock-based compensation expense: $3,549 million
- Depreciation and amortization: $1,508 million
- Deferred income taxes: (2,489) million
- Gains/losses on investments in non-affiliated entities, net: (238) million
- Changes in operating assets and liabilities, net of acquisitions: Accounts receivable (6,172) million, Inventories (98) million, Prepaid expenses and other assets (1,522) million, Accounts payable (1,531) million, Accrued and other current liabilities (2,025) million, Other long-term liabilities (514) million
- Net cash provided by operating activities: $28,090 million
- Proceeds from maturities of marketable securities: $9,732 million
- Proceeds from sales of marketable securities: $50 million
- Purchases of marketable securities: (18,211) million
- Purchases related to property and equipment and intangible assets: (1,069) million
- Acquisitions, net of cash acquired: (83) million
- Investments in non-affiliated entities and other: (985) million
- Net cash provided by (used in) investing activities: (10,566) million
- Proceeds related to employee stock plans: $403 million
- Payments related to repurchases of common stock: (9,533) million
- Payments related to tax on restricted stock units: (2,783) million
- Repayment of debt: (1,250) million
- Dividends paid: (395) million
- Principal payments on property and equipment and intangible assets: (74) million
- Issuance of debt, net of issuance costs: 4,977 million
- Net cash provided by (used in) financing activities: $13,633 million
- Change in cash and cash equivalents: $3,891 million
- Cash and cash equivalents at beginning of period: $3,389 million
- Cash and cash equivalents at end of period: $7,280 million

To assess the trend in capital allocation between R&D and acquisitions, we need to look at the investing activities section, particularly the "Acquisitions, net of cash acquired" and "Investments in non-affiliated entities and other" line items.

In 2024, NVIDIA had net cash used in investing activities amounting to $10,566 million, with acquisitions contributing (83) million and investments in non-affiliated entities and other at (985) million.

Comparing this to the 2019 data provided:

- Acquisitions, net of cash acquired: (83) million
- Investments in non-affiliated entities and other: (49) million
- Net cash provided by (used in) investing activities: (9,830) million

From 2019 to 2024, there is an increase in both acquisitions and investments in non-affiliated entities and other, with acquisitions increasing slightly from (83) million to (83) million (no change) and investments in non-affiliated entities and other increasing significantly from (49) million to (985) million.

While the provided data does not explicitly break down the investments into R&D and other categories, the significant increase in investments in non-affiliated entities and other could suggest a
--------------------------------------------------------------------------------

Query: The company in question is NVIDIA, also referred to by its stock symbol NVDA. The current year is 2024. Answer the following question using NVDA's 10-K filings, ensuring that you infer a relevant timeframe from the question. If the question asks about changes, trends, or comparisons, determine the appropriate range of years based on the current year and extract relevant information accordingly. If no specific year is mentioned, consider the past five years unless context suggests otherwise. The question is: Has the company adopted new business models (e.g., subscription-based vs. one-time sales)?
Edited query to be: The company in question is NVIDIA, also referred to by its stock symbol NVDA. The current year is 2024. Answer the following question using NVDA's 10-K filings, ensuring that you infer a relevant timeframe from the question. If the question asks about changes, trends, or comparisons, determine the appropriate range of years based on the current year and extract relevant information accordingly. If no specific year is mentioned, consider the past five years unless context suggests otherwise. The question is: Has the company adopted new business models (e.g., subscription-based vs. one-time sales)?
Extracted filters: {'company': 'NVIDIA', 'years': [2024, 2019, 2018, 2017, 2016, 2015], 'filing_type': '10-K', 'year_comparison': True}
Attempting to locate documents with the filters and query: The company in question is NVIDIA, also referred to by its stock symbol NVDA. The current year is 2024. Answer the following question using NVDA's 10-K filings, ensuring that you infer a relevant timeframe from the question. If the question asks about changes, trends, or comparisons, determine the appropriate range of years based on the current year and extract relevant information accordingly. If no specific year is mentioned, consider the past five years unless context suggests otherwise. The question is: Has the company adopted new business models (e.g., subscription-based vs. one-time sales)? {'company': ['NVDA'], 'year': ['2024', '2019', '2018', '2017', '2016', '2015'], 'filing_type': '10-K'}
Filtering with params: {'company': ['NVDA'], 'year': ['2024', '2019', '2018', '2017', '2016', '2015'], 'filing_type': '10-K'}
Total documents in corpus: 3668
Filter 'company': 3668 matches
Filter 'year': 1359 matches
Filter 'filing_type': 3668 matches
Final matching documents: 1359
Reverted query to be: The company in question is NVIDIA, also referred to by its stock symbol NVDA. The current year is 2024. Answer the following question using NVDA's 10-K filings, ensuring that you infer a relevant timeframe from the question. If the question asks about changes, trends, or comparisons, determine the appropriate range of years based on the current year and extract relevant information accordingly. If no specific year is mentioned, consider the past five years unless context suggests otherwise. The question is: Has the company adopted new business models (e.g., subscription-based vs. one-time sales)?
Response:  The provided context does not explicitly mention any changes or adoption of new business models such as subscription-based versus one-time sales for NVIDIA in the 10-K filings for the year 2024. The documents focus on various aspects such as data privacy, revenue recognition, and financial statements. To accurately answer whether NVIDIA has adopted new business models in 2024, one would need to review the specific section of the 2024 10-K filing that discusses revenue streams or business model changes. Since the relevant information is not provided in the context, it is not possible to determine if there has been a shift to subscription-based models or other business model changes in the year 2024. Therefore, I cannot provide a specific answer based on the given information. If more details are available in the full 2024 10-K filing, they should be consulted to address this query.
--------------------------------------------------------------------------------

Query: The company in question is NVIDIA, also referred to by its stock symbol NVDA. The current year is 2024. Answer the following question using NVDA's 10-K filings, ensuring that you infer a relevant timeframe from the question. If the question asks about changes, trends, or comparisons, determine the appropriate range of years based on the current year and extract relevant information accordingly. If no specific year is mentioned, consider the past five years unless context suggests otherwise. The question is: How has the company’s approach to digital transformation evolved?
Edited query to be: The company in question is NVIDIA, also referred to by its stock symbol NVDA. The current year is 2024. Answer the following question using NVDA's 10-K filings, ensuring that you infer a relevant timeframe from the question. If the question asks about changes, trends, or comparisons, determine the appropriate range of years based on the current year and extract relevant information accordingly. If no specific year is mentioned, consider the past five years unless context suggests otherwise. The question is: How has the company’s approach to digital transformation evolved?
Extracted filters: {'company': 'NVIDIA', 'years': [2024, 2019, 2018, 2017, 2016], 'filing_type': '10-K', 'year_comparison': True}
Attempting to locate documents with the filters and query: The company in question is NVIDIA, also referred to by its stock symbol NVDA. The current year is 2024. Answer the following question using NVDA's 10-K filings, ensuring that you infer a relevant timeframe from the question. If the question asks about changes, trends, or comparisons, determine the appropriate range of years based on the current year and extract relevant information accordingly. If no specific year is mentioned, consider the past five years unless context suggests otherwise. The question is: How has the company’s approach to digital transformation evolved? {'company': ['NVDA'], 'year': ['2024', '2019', '2018', '2017', '2016'], 'filing_type': '10-K'}
Filtering with params: {'company': ['NVDA'], 'year': ['2024', '2019', '2018', '2017', '2016'], 'filing_type': '10-K'}
Total documents in corpus: 3668
Filter 'company': 3668 matches
Filter 'year': 1227 matches
Filter 'filing_type': 3668 matches
Final matching documents: 1227
Reverted query to be: The company in question is NVIDIA, also referred to by its stock symbol NVDA. The current year is 2024. Answer the following question using NVDA's 10-K filings, ensuring that you infer a relevant timeframe from the question. If the question asks about changes, trends, or comparisons, determine the appropriate range of years based on the current year and extract relevant information accordingly. If no specific year is mentioned, consider the past five years unless context suggests otherwise. The question is: How has the company’s approach to digital transformation evolved?
Response:  Based on the provided context from NVDA's 10-K filings for the year 2024, we can infer that NVIDIA, also known as NVDA in the stock market, has been focusing on digital transformation through several key strategies and developments:

1. Expansion into computationally intensive fields: NVIDIA has expanded its focus from PC graphics to include areas like accelerated computing, AI solutions, scientific computing, data science, AV, robotics, metaverse, and 3D internet applications. This diversification indicates an evolution in their approach to digital transformation by leveraging their GPU architecture across various cutting-edge domains.

2. Product innovation and transitions: The company has seen a surge in demand for their data center systems and products in fiscal year 2024, and they are gathering customer demand indications for new product transitions. This shows an ongoing commitment to innovation and adapting to market needs.

3. Supply chain and manufacturing: NVIDIA has increased supply and capacity purchases with existing suppliers, added new vendors, and entered into prepaid manufacturing and capacity agreements. These actions reflect a strategic approach to ensure that they can meet the growing demand for their products, which is a critical aspect of digital transformation.

4. Product life cycle management: The company has reclassified certain prior fiscal year balances to conform to the current fiscal year presentation, indicating a continuous review and adjustment of their product offerings and supply chain strategies.

5. Demand and supply dynamics: The company acknowledges the complexities of product transitions, as they ship both new and prior architecture products simultaneously. They also face risks related to inventory provisions or impairments if demand does not meet expectations or if supply commitments exceed capacity. This suggests a careful balancing act in their approach to digital transformation, ensuring they can meet demand while managing supply chain complexities.

6. Long-term supply and capacity commitments: NVIDIA has entered into long-term supply and capacity commitments, but they also recognize the risk of not securing sufficient commitments to meet their business needs. This highlights their strategic planning in anticipation of future demand and supply requirements.

In summary, NVIDIA's approach to digital transformation, as evidenced by their 2024 10-K filing, involves diversification of product offerings, innovation, supply chain management, and strategic planning to meet market demands. The company's evolution in digital transformation is characterized by a focus on expanding into new technological domains, adapting to market demands, and managing supply chain complexities to support their growth.

It's important to note that the provided context does not include specific details from the years 2017 to 2023, so a direct comparison across these years cannot be made from the given information. However, the 2024 context does provide insight into the company's current strategies and challenges related to digital transformation.
--------------------------------------------------------------------------------

Query: The company in question is NVIDIA, also referred to by its stock symbol NVDA. The current year is 2024. Answer the following question using NVDA's 10-K filings, ensuring that you infer a relevant timeframe from the question. If the question asks about changes, trends, or comparisons, determine the appropriate range of years based on the current year and extract relevant information accordingly. If no specific year is mentioned, consider the past five years unless context suggests otherwise. The question is: How has the company’s identification of key competitors changed?
Edited query to be: The company in question is NVIDIA, also referred to by its stock symbol NVDA. The current year is 2024. Answer the following question using NVDA's 10-K filings, ensuring that you infer a relevant timeframe from the question. If the question asks about changes, trends, or comparisons, determine the appropriate range of years based on the current year and extract relevant information accordingly. If no specific year is mentioned, consider the past five years unless context suggests otherwise. The question is: How has the company’s identification of key competitors changed?
Extracted filters: {'company': 'NVIDIA', 'years': [2024, 2019, 2018, 2017, 2016], 'filing_type': '10-K', 'year_comparison': True}
Attempting to locate documents with the filters and query: The company in question is NVIDIA, also referred to by its stock symbol NVDA. The current year is 2024. Answer the following question using NVDA's 10-K filings, ensuring that you infer a relevant timeframe from the question. If the question asks about changes, trends, or comparisons, determine the appropriate range of years based on the current year and extract relevant information accordingly. If no specific year is mentioned, consider the past five years unless context suggests otherwise. The question is: How has the company’s identification of key competitors changed? {'company': ['NVDA'], 'year': ['2024', '2019', '2018', '2017', '2016'], 'filing_type': '10-K'}
Filtering with params: {'company': ['NVDA'], 'year': ['2024', '2019', '2018', '2017', '2016'], 'filing_type': '10-K'}
Total documents in corpus: 3668
Filter 'company': 3668 matches
Filter 'year': 1227 matches
Filter 'filing_type': 3668 matches
Final matching documents: 1227
Reverted query to be: The company in question is NVIDIA, also referred to by its stock symbol NVDA. The current year is 2024. Answer the following question using NVDA's 10-K filings, ensuring that you infer a relevant timeframe from the question. If the question asks about changes, trends, or comparisons, determine the appropriate range of years based on the current year and extract relevant information accordingly. If no specific year is mentioned, consider the past five years unless context suggests otherwise. The question is: How has the company’s identification of key competitors changed?
Response:  The provided context includes information from NVIDIA's 10-K filings for the years 2015, 2016, and 2024. To address the question about how NVIDIA's identification of key competitors has changed over time, we can compare the descriptions from these years.

In the 2015 10-K filing, NVIDIA mentions that its competitors may have "less costly products, or their products, services, and technologies may offer superior functionality or different features." Additionally, competitors with "longer operating histories, greater name recognition, larger customer bases, and greater financial, sales, marketing, and distribution resources" are noted as potential threats.

The 2016 10-K filing reiterates concerns about competitors, emphasizing that they might "more effectively identify and capitalize upon opportunities in new markets, quickly transition their semiconductor products to increasingly smaller line width geometries and obtain sufficient foundry capacity and packaging materials."

The 2024 10-K filing does not provide a direct comparison regarding the identification of key competitors. However, it does mention that the company's products, services, and technologies are designed to meet the evolving needs of markets such as Gaming, Enterprise, High Performance Computing & Cloud, and Automotive. It also discusses the competitive nature of these markets and the importance of NVIDIA's ability to "identify and develop new products, services, and technologies, and enhancements to our existing products, services, and technologies, in a timely and cost-effective manner."

Based on the available information from the 2015 and 2016 filings, there is an emphasis on the competitive landscape and the need for NVIDIA to stay ahead through innovation and market responsiveness. The 2024 filing does not explicitly detail changes in the identification of competitors but focuses on the company's ongoing efforts to innovate and meet market demands.

Without specific details from the 2024 10-K filing regarding competitor analysis, we cannot conclusively determine how NVIDIA's identification of key competitors has changed over the five-year period. However, the consistent theme of competitive pressure and the need for innovation suggests that NVIDIA likely continues to view its competitive landscape as dynamic and challenging. For a more precise analysis, the full text of the 2024 10-K would need to be reviewed to identify any new strategies or insights into competitors that NVIDIA may have provided.

In summary, while the provided context does not offer a direct comparison of competitor identification, it does reflect a sustained focus on competition and the need for NVIDIA to adapt to market changes and technological advancements. The lack of specific details from the 2024 filing makes it challenging to assess changes in competitor identification over the five-year period.
--------------------------------------------------------------------------------

Query: The company in question is NVIDIA, also referred to by its stock symbol NVDA. The current year is 2024. Answer the following question using NVDA's 10-K filings, ensuring that you infer a relevant timeframe from the question. If the question asks about changes, trends, or comparisons, determine the appropriate range of years based on the current year and extract relevant information accordingly. If no specific year is mentioned, consider the past five years unless context suggests otherwise. The question is: Have there been shifts in the company's market share, based on disclosures?
Edited query to be: The company in question is NVIDIA, also referred to by its stock symbol NVDA. The current year is 2024. Answer the following question using NVDA's 10-K filings, ensuring that you infer a relevant timeframe from the question. If the question asks about changes, trends, or comparisons, determine the appropriate range of years based on the current year and extract relevant information accordingly. If no specific year is mentioned, consider the past five years unless context suggests otherwise. The question is: Have there been shifts in the company's market share, based on disclosures?
Extracted filters: {'company': 'NVIDIA', 'years': [2024, 2019, 2018, 2017, 2016], 'filing_type': '10-K', 'year_comparison': True}
Attempting to locate documents with the filters and query: The company in question is NVIDIA, also referred to by its stock symbol NVDA. The current year is 2024. Answer the following question using NVDA's 10-K filings, ensuring that you infer a relevant timeframe from the question. If the question asks about changes, trends, or comparisons, determine the appropriate range of years based on the current year and extract relevant information accordingly. If no specific year is mentioned, consider the past five years unless context suggests otherwise. The question is: Have there been shifts in the company's market share, based on disclosures? {'company': ['NVDA'], 'year': ['2024', '2019', '2018', '2017', '2016'], 'filing_type': '10-K'}
Filtering with params: {'company': ['NVDA'], 'year': ['2024', '2019', '2018', '2017', '2016'], 'filing_type': '10-K'}
Total documents in corpus: 3668
Filter 'company': 3668 matches
Filter 'year': 1227 matches
Filter 'filing_type': 3668 matches
Final matching documents: 1227
Reverted query to be: The company in question is NVIDIA, also referred to by its stock symbol NVDA. The current year is 2024. Answer the following question using NVDA's 10-K filings, ensuring that you infer a relevant timeframe from the question. If the question asks about changes, trends, or comparisons, determine the appropriate range of years based on the current year and extract relevant information accordingly. If no specific year is mentioned, consider the past five years unless context suggests otherwise. The question is: Have there been shifts in the company's market share, based on disclosures?
Response:  I'm sorry, but I cannot provide information about NVIDIA's market share shifts based on the 10-K filings for the year 2024 as the provided context only includes data up to the year 2023. To analyze trends or changes in market share for NVIDIA from 2023 to 2024, I would need access to the company's financial data or disclosures from their 2024 filings, which are not included in the given context. Please provide the relevant data or specify if there are any documents or reports available for the year 2024 to assist with your query.
--------------------------------------------------------------------------------

Query: The company in question is NVIDIA, also referred to by its stock symbol NVDA. The current year is 2024. Answer the following question using NVDA's 10-K filings, ensuring that you infer a relevant timeframe from the question. If the question asks about changes, trends, or comparisons, determine the appropriate range of years based on the current year and extract relevant information accordingly. If no specific year is mentioned, consider the past five years unless context suggests otherwise. The question is: Have technological advancements by competitors forced the company to adapt its strategy?
Edited query to be: The company in question is NVIDIA, also referred to by its stock symbol NVDA. The current year is 2024. Answer the following question using NVDA's 10-K filings, ensuring that you infer a relevant timeframe from the question. If the question asks about changes, trends, or comparisons, determine the appropriate range of years based on the current year and extract relevant information accordingly. If no specific year is mentioned, consider the past five years unless context suggests otherwise. The question is: Have technological advancements by competitors forced the company to adapt its strategy?
Extracted filters: {'company': 'NVIDIA', 'years': [2024, 2019, 2018, 2017, 2016], 'filing_type': '10-K', 'year_comparison': True}
Attempting to locate documents with the filters and query: The company in question is NVIDIA, also referred to by its stock symbol NVDA. The current year is 2024. Answer the following question using NVDA's 10-K filings, ensuring that you infer a relevant timeframe from the question. If the question asks about changes, trends, or comparisons, determine the appropriate range of years based on the current year and extract relevant information accordingly. If no specific year is mentioned, consider the past five years unless context suggests otherwise. The question is: Have technological advancements by competitors forced the company to adapt its strategy? {'company': ['NVDA'], 'year': ['2024', '2019', '2018', '2017', '2016'], 'filing_type': '10-K'}
Filtering with params: {'company': ['NVDA'], 'year': ['2024', '2019', '2018', '2017', '2016'], 'filing_type': '10-K'}
Total documents in corpus: 3668
Filter 'company': 3668 matches
Filter 'year': 1227 matches
Filter 'filing_type': 3668 matches
Final matching documents: 1227
Reverted query to be: The company in question is NVIDIA, also referred to by its stock symbol NVDA. The current year is 2024. Answer the following question using NVDA's 10-K filings, ensuring that you infer a relevant timeframe from the question. If the question asks about changes, trends, or comparisons, determine the appropriate range of years based on the current year and extract relevant information accordingly. If no specific year is mentioned, consider the past five years unless context suggests otherwise. The question is: Have technological advancements by competitors forced the company to adapt its strategy?
Response:  According to the provided context, specifically Document 3 from NVDA's 10-K filing for the year 2024, technological advancements by competitors have indeed influenced NVIDIA's strategic adaptations. The document mentions that competitors may more effectively identify and capitalize upon opportunities in new markets, transition their semiconductor products to smaller line width geometries, and secure sufficient foundry capacity and packaging materials. In response to these competitive pressures, NVIDIA has had to adapt its strategy, which is evidenced by the company's assessment of the useful lives of its property, plant, and equipment in February 2023. The company increased the estimated useful life of its server, storage, and network equipment from three to four or five years, and its assembly and test equipment from five to seven years. This strategic adjustment resulted in a financial benefit of $33 million and $102 million for cost of revenue and operating expenses, respectively, leading to an increase in operating income of $135 million and net income of $114 million after tax, or $0.05 per both basic and diluted share. This indicates that NVIDIA is actively responding to technological advancements by competitors to maintain its competitive edge and financial performance.
--------------------------------------------------------------------------------

Query: The company in question is NVIDIA, also referred to by its stock symbol NVDA. The current year is 2024. Answer the following question using NVDA's 10-K filings, ensuring that you infer a relevant timeframe from the question. If the question asks about changes, trends, or comparisons, determine the appropriate range of years based on the current year and extract relevant information accordingly. If no specific year is mentioned, consider the past five years unless context suggests otherwise. The question is: Has the company changed its stance on pricing strategy relative to competitors?
Edited query to be: The company in question is NVIDIA, also referred to by its stock symbol NVDA. The current year is 2024. Answer the following question using NVDA's 10-K filings, ensuring that you infer a relevant timeframe from the question. If the question asks about changes, trends, or comparisons, determine the appropriate range of years based on the current year and extract relevant information accordingly. If no specific year is mentioned, consider the past five years unless context suggests otherwise. The question is: Has the company changed its stance on pricing strategy relative to competitors?
Extracted filters: {'company': 'NVIDIA', 'years': [2024, 2019, 2018, 2017, 2016], 'filing_type': '10-K', 'year_comparison': True}
Attempting to locate documents with the filters and query: The company in question is NVIDIA, also referred to by its stock symbol NVDA. The current year is 2024. Answer the following question using NVDA's 10-K filings, ensuring that you infer a relevant timeframe from the question. If the question asks about changes, trends, or comparisons, determine the appropriate range of years based on the current year and extract relevant information accordingly. If no specific year is mentioned, consider the past five years unless context suggests otherwise. The question is: Has the company changed its stance on pricing strategy relative to competitors? {'company': ['NVDA'], 'year': ['2024', '2019', '2018', '2017', '2016'], 'filing_type': '10-K'}
Filtering with params: {'company': ['NVDA'], 'year': ['2024', '2019', '2018', '2017', '2016'], 'filing_type': '10-K'}
Total documents in corpus: 3668
Filter 'company': 3668 matches
Filter 'year': 1227 matches
Filter 'filing_type': 3668 matches
Final matching documents: 1227
Reverted query to be: The company in question is NVIDIA, also referred to by its stock symbol NVDA. The current year is 2024. Answer the following question using NVDA's 10-K filings, ensuring that you infer a relevant timeframe from the question. If the question asks about changes, trends, or comparisons, determine the appropriate range of years based on the current year and extract relevant information accordingly. If no specific year is mentioned, consider the past five years unless context suggests otherwise. The question is: Has the company changed its stance on pricing strategy relative to competitors?
Response:  The provided context does not include any specific information regarding NVIDIA's (NVDA) pricing strategy or its comparison with competitors. The documents cited (NVDA 10-K reports for the years 2015, 2018, 2019, 2020, and 2023) focus on financial data, data retention policies, contractual requirements, and internal control over financial reporting. They do not discuss the company's pricing strategy or its stance relative to competitors. 

Given the lack of information in the provided context, it is not possible to determine whether NVIDIA has changed its stance on pricing strategy relative to competitors in 2024. To answer this question, one would need to review NVIDIA's 2024 10-K filing or other relevant documents that discuss pricing strategies and competitive positioning.

If more recent data or context were available, I could provide a comparison or trend analysis based on that information. However, as of the current context, no specific data can be cited to address the query about changes in NVIDIA's pricing strategy.

Reference:
- NVDA 10-K 2023
- NVDA 10-K 2020
- NVDA 10-K 2019
- NVDA 10-K 2018
- NVDA 10-K 2015

(Note: The reference years are based on the context provided and are not indicative of a five-year analysis as requested since the year 2024 is beyond the provided data range.)
--------------------------------------------------------------------------------

Query: The company in question is NVIDIA, also referred to by its stock symbol NVDA. The current year is 2024. Answer the following question using NVDA's 10-K filings, ensuring that you infer a relevant timeframe from the question. If the question asks about changes, trends, or comparisons, determine the appropriate range of years based on the current year and extract relevant information accordingly. If no specific year is mentioned, consider the past five years unless context suggests otherwise. The question is: How has the company responded to new market entrants in its industry?
Edited query to be: The company in question is NVIDIA, also referred to by its stock symbol NVDA. The current year is 2024. Answer the following question using NVDA's 10-K filings, ensuring that you infer a relevant timeframe from the question. If the question asks about changes, trends, or comparisons, determine the appropriate range of years based on the current year and extract relevant information accordingly. If no specific year is mentioned, consider the past five years unless context suggests otherwise. The question is: How has the company responded to new market entrants in its industry?
Extracted filters: {'company': 'NVIDIA', 'years': [2024, 2019, 2018, 2017, 2016], 'filing_type': '10-K', 'year_comparison': True}
Attempting to locate documents with the filters and query: The company in question is NVIDIA, also referred to by its stock symbol NVDA. The current year is 2024. Answer the following question using NVDA's 10-K filings, ensuring that you infer a relevant timeframe from the question. If the question asks about changes, trends, or comparisons, determine the appropriate range of years based on the current year and extract relevant information accordingly. If no specific year is mentioned, consider the past five years unless context suggests otherwise. The question is: How has the company responded to new market entrants in its industry? {'company': ['NVDA'], 'year': ['2024', '2019', '2018', '2017', '2016'], 'filing_type': '10-K'}
Filtering with params: {'company': ['NVDA'], 'year': ['2024', '2019', '2018', '2017', '2016'], 'filing_type': '10-K'}
Total documents in corpus: 3668
Filter 'company': 3668 matches
Filter 'year': 1227 matches
Filter 'filing_type': 3668 matches
Final matching documents: 1227
Reverted query to be: The company in question is NVIDIA, also referred to by its stock symbol NVDA. The current year is 2024. Answer the following question using NVDA's 10-K filings, ensuring that you infer a relevant timeframe from the question. If the question asks about changes, trends, or comparisons, determine the appropriate range of years based on the current year and extract relevant information accordingly. If no specific year is mentioned, consider the past five years unless context suggests otherwise. The question is: How has the company responded to new market entrants in its industry?
Response:  Based on the provided context from NVDA's 10-K filings for the years 2015, 2016, 2018, and 2024, NVIDIA has consistently emphasized the competitive nature of its target markets, which include Gaming, Enterprise, High Performance Computing & Cloud, and Automotive. The company acknowledges that these markets are extremely competitive, with the potential for intensified competition as current competitors expand their offerings and new competitors enter. NVIDIA's success is heavily reliant on its ability to quickly identify and develop new products, services, and technologies, as well as enhance existing ones, to achieve market acceptance.

In response to new market entrants, NVIDIA has focused on innovation and adapting to changing market needs and technology trends. For instance, the 2018 filing mentions the importance of competing in significant international markets like China and the need to anticipate emerging technology trends. The 2024 filing further elaborates on the company's response to competition by adjusting estimates for the useful lives of its property, plant, and equipment, which resulted in a financial benefit of $135 million and net income increase of $114 million after tax. This adjustment reflects NVIDIA's proactive approach to managing its assets and operations in response to market conditions, including competition.

While the specific strategies and outcomes of NVIDIA's responses to new market entrants over the past five years are not detailed in the provided context, the general approach highlighted in the 10-K filings suggests a focus on innovation, cost-effective product development, and adapting to technological advancements. The company's ability to maintain a competitive edge and respond to new entrants is crucial to its success, as indicated by the ongoing discussion of risks related to competition in the 10-K filings.

It's important to note that the detailed impact of these strategies on NVIDIA's performance against new market entrants would require a more in-depth analysis of the company's financial and operational data over the specified timeframe, which is not fully covered by the provided context.
--------------------------------------------------------------------------------

Query: The company in question is NVIDIA, also referred to by its stock symbol NVDA. The current year is 2024. Answer the following question using NVDA's 10-K filings, ensuring that you infer a relevant timeframe from the question. If the question asks about changes, trends, or comparisons, determine the appropriate range of years based on the current year and extract relevant information accordingly. If no specific year is mentioned, consider the past five years unless context suggests otherwise. The question is: Have there been shifts in the company’s industry ranking or recognition?
Edited query to be: The company in question is NVIDIA, also referred to by its stock symbol NVDA. The current year is 2024. Answer the following question using NVDA's 10-K filings, ensuring that you infer a relevant timeframe from the question. If the question asks about changes, trends, or comparisons, determine the appropriate range of years based on the current year and extract relevant information accordingly. If no specific year is mentioned, consider the past five years unless context suggests otherwise. The question is: Have there been shifts in the company’s industry ranking or recognition?
Extracted filters: {'company': 'NVIDIA', 'years': [2024, 2019, 2018, 2017, 2016], 'filing_type': '10-K', 'year_comparison': True}
Attempting to locate documents with the filters and query: The company in question is NVIDIA, also referred to by its stock symbol NVDA. The current year is 2024. Answer the following question using NVDA's 10-K filings, ensuring that you infer a relevant timeframe from the question. If the question asks about changes, trends, or comparisons, determine the appropriate range of years based on the current year and extract relevant information accordingly. If no specific year is mentioned, consider the past five years unless context suggests otherwise. The question is: Have there been shifts in the company’s industry ranking or recognition? {'company': ['NVDA'], 'year': ['2024', '2019', '2018', '2017', '2016'], 'filing_type': '10-K'}
Filtering with params: {'company': ['NVDA'], 'year': ['2024', '2019', '2018', '2017', '2016'], 'filing_type': '10-K'}
Total documents in corpus: 3668
Filter 'company': 3668 matches
Filter 'year': 1227 matches
Filter 'filing_type': 3668 matches
Final matching documents: 1227
Reverted query to be: The company in question is NVIDIA, also referred to by its stock symbol NVDA. The current year is 2024. Answer the following question using NVDA's 10-K filings, ensuring that you infer a relevant timeframe from the question. If the question asks about changes, trends, or comparisons, determine the appropriate range of years based on the current year and extract relevant information accordingly. If no specific year is mentioned, consider the past five years unless context suggests otherwise. The question is: Have there been shifts in the company’s industry ranking or recognition?
Response:  I'm sorry, but I cannot provide real-time or updated information, including specific details from NVIDIA's (NVDA) 10-K filings for the year 2024 or any shifts in the company's industry ranking or recognition. To answer such a question accurately, you would need to access and review the most recent 10-K filing or industry reports from NVIDIA for the year 2024 or analyze data from the past five years to identify any trends or changes.

For historical context, you can look at NVDA's 10-K filings from previous years, such as 2016, 2018, and 2023, to understand the company's performance and standing in the industry over time. However, for the current year's data, please refer to the latest filings or industry analysis reports.

If you have access to NVDA's 10-K filings for 2024, you can compare the relevant sections, such as the Management's Discussion and Analysis of Financial Condition and Results of Operations, Market Risk Disclosures, or any industry recognition or ranking mentions, to identify any shifts or trends. Remember to cite the specific sections and years when discussing the company's industry ranking or recognition.
--------------------------------------------------------------------------------

Query: The company in question is NVIDIA, also referred to by its stock symbol NVDA. The current year is 2024. Answer the following question using NVDA's 10-K filings, ensuring that you infer a relevant timeframe from the question. If the question asks about changes, trends, or comparisons, determine the appropriate range of years based on the current year and extract relevant information accordingly. If no specific year is mentioned, consider the past five years unless context suggests otherwise. The question is: Have changes in customer demand influenced the company’s competitive strategy?
Edited query to be: The company in question is NVIDIA, also referred to by its stock symbol NVDA. The current year is 2024. Answer the following question using NVDA's 10-K filings, ensuring that you infer a relevant timeframe from the question. If the question asks about changes, trends, or comparisons, determine the appropriate range of years based on the current year and extract relevant information accordingly. If no specific year is mentioned, consider the past five years unless context suggests otherwise. The question is: Have changes in customer demand influenced the company’s competitive strategy?
Extracted filters: {'company': 'NVIDIA', 'years': [2024, 2019, 2018, 2017, 2016], 'filing_type': '10-K', 'year_comparison': True}
Attempting to locate documents with the filters and query: The company in question is NVIDIA, also referred to by its stock symbol NVDA. The current year is 2024. Answer the following question using NVDA's 10-K filings, ensuring that you infer a relevant timeframe from the question. If the question asks about changes, trends, or comparisons, determine the appropriate range of years based on the current year and extract relevant information accordingly. If no specific year is mentioned, consider the past five years unless context suggests otherwise. The question is: Have changes in customer demand influenced the company’s competitive strategy? {'company': ['NVDA'], 'year': ['2024', '2019', '2018', '2017', '2016'], 'filing_type': '10-K'}
Filtering with params: {'company': ['NVDA'], 'year': ['2024', '2019', '2018', '2017', '2016'], 'filing_type': '10-K'}
Total documents in corpus: 3668
Filter 'company': 3668 matches
Filter 'year': 1227 matches
Filter 'filing_type': 3668 matches
Final matching documents: 1227
Reverted query to be: The company in question is NVIDIA, also referred to by its stock symbol NVDA. The current year is 2024. Answer the following question using NVDA's 10-K filings, ensuring that you infer a relevant timeframe from the question. If the question asks about changes, trends, or comparisons, determine the appropriate range of years based on the current year and extract relevant information accordingly. If no specific year is mentioned, consider the past five years unless context suggests otherwise. The question is: Have changes in customer demand influenced the company’s competitive strategy?
Response:  Based on the provided context from NVDA's 10-K filings, we can infer the following about NVIDIA's competitive strategy in relation to customer demand changes:

- Document 1 (NVDA 10-K 2023) mentions that the company's success depends on identifying and developing new products, services, and technologies, as well as enhancing existing ones, in a timely and cost-effective manner to achieve market acceptance. It also states that failure to anticipate changing needs and emerging technology trends could harm the business.

- Document 2 (NVDA 10-K 2016) indicates that competition in the markets NVIDIA serves (Gaming, Enterprise, High Performance Computing & Cloud, and Automotive) is intense, and competitors may offer cost-effective or superior products and services. Competitors with more resources might better capitalize on new market opportunities and technological advancements.

- Document 3 (NVDA 10-K 2015) does not explicitly mention customer demand influencing competitive strategy but discusses risks related to the company's ability to compete in target markets and the potential impact of competitors' products, services, and technologies.

- Document 4 (NVDA 10-K 2020) provides financial data but does not directly address customer demand or competitive strategy.

- Document 5 (NVDA 10-K 2019) does not discuss customer demand or competitive strategy either.

Given the information from the 10-K filings spanning from 2015 to 2023, it is evident that NVIDIA recognizes the importance of adapting to market needs and technological trends as part of its competitive strategy. While the documents do not provide specific details on how changes in customer demand have directly influenced NVIDIA's strategy, they do highlight the company's reliance on innovation and market responsiveness to maintain its competitive edge.

Since the current year is 2024 and the context only includes data up to 2023, we cannot provide specific changes or trends from 2024. However, based on the past five years' information, it is reasonable to infer that NVIDIA likely continues to adapt its competitive strategy in response to customer demand and market dynamics, as this has been a consistent theme in their risk factors and business considerations.

In summary, while the provided documents do not contain explicit details about changes in customer demand from 2024, the pattern of NVIDIA's focus on innovation and market responsiveness suggests that customer demand changes have likely influenced their competitive strategy over the past five years.
--------------------------------------------------------------------------------

Query: The company in question is NVIDIA, also referred to by its stock symbol NVDA. The current year is 2024. Answer the following question using NVDA's 10-K filings, ensuring that you infer a relevant timeframe from the question. If the question asks about changes, trends, or comparisons, determine the appropriate range of years based on the current year and extract relevant information accordingly. If no specific year is mentioned, consider the past five years unless context suggests otherwise. The question is: How has the company adjusted to supply chain disruptions affecting its industry?
Edited query to be: The company in question is NVIDIA, also referred to by its stock symbol NVDA. The current year is 2024. Answer the following question using NVDA's 10-K filings, ensuring that you infer a relevant timeframe from the question. If the question asks about changes, trends, or comparisons, determine the appropriate range of years based on the current year and extract relevant information accordingly. If no specific year is mentioned, consider the past five years unless context suggests otherwise. The question is: How has the company adjusted to supply chain disruptions affecting its industry?
Extracted filters: {'company': 'NVIDIA', 'years': [2024, 2023, 2022, 2021, 2020], 'filing_type': '10-K', 'year_comparison': True}
Attempting to locate documents with the filters and query: The company in question is NVIDIA, also referred to by its stock symbol NVDA. The current year is 2024. Answer the following question using NVDA's 10-K filings, ensuring that you infer a relevant timeframe from the question. If the question asks about changes, trends, or comparisons, determine the appropriate range of years based on the current year and extract relevant information accordingly. If no specific year is mentioned, consider the past five years unless context suggests otherwise. The question is: How has the company adjusted to supply chain disruptions affecting its industry? {'company': ['NVDA'], 'year': ['2024', '2023', '2022', '2021', '2020'], 'filing_type': '10-K'}
Filtering with params: {'company': ['NVDA'], 'year': ['2024', '2023', '2022', '2021', '2020'], 'filing_type': '10-K'}
Total documents in corpus: 3668
Filter 'company': 3668 matches
Filter 'year': 829 matches
Filter 'filing_type': 3668 matches
Final matching documents: 829
Reverted query to be: The company in question is NVIDIA, also referred to by its stock symbol NVDA. The current year is 2024. Answer the following question using NVDA's 10-K filings, ensuring that you infer a relevant timeframe from the question. If the question asks about changes, trends, or comparisons, determine the appropriate range of years based on the current year and extract relevant information accordingly. If no specific year is mentioned, consider the past five years unless context suggests otherwise. The question is: How has the company adjusted to supply chain disruptions affecting its industry?
Response:  The provided context does not explicitly mention supply chain disruptions or how NVIDIA (NVDA) has adjusted to such challenges. The information given focuses on data privacy, data retention, data subject rights, contractual requirements, and financial data from various years (2019, 2020, 2022, and 2024). To answer how NVIDIA has adjusted to supply chain disruptions, we would need additional information or documents that specifically address this topic. Without relevant details in the context, we cannot infer or analyze the company's response to supply chain disruptions based on the given data.

If you are looking for information on supply chain adjustments, it would be advisable to review NVIDIA's more recent filings or press releases that might discuss such strategic responses, especially considering the current year is 2024, and the past five years could provide insights into the company's evolution in this area.

Reference: NVDA 10-K 2024 (as the current year mentioned in the query)
--------------------------------------------------------------------------------

Query: The company in question is NVIDIA, also referred to by its stock symbol NVDA. The current year is 2024. Answer the following question using NVDA's 10-K filings, ensuring that you infer a relevant timeframe from the question. If the question asks about changes, trends, or comparisons, determine the appropriate range of years based on the current year and extract relevant information accordingly. If no specific year is mentioned, consider the past five years unless context suggests otherwise. The question is: Have regulatory changes benefited or harmed the company’s competitive position?
Edited query to be: The company in question is NVIDIA, also referred to by its stock symbol NVDA. The current year is 2024. Answer the following question using NVDA's 10-K filings, ensuring that you infer a relevant timeframe from the question. If the question asks about changes, trends, or comparisons, determine the appropriate range of years based on the current year and extract relevant information accordingly. If no specific year is mentioned, consider the past five years unless context suggests otherwise. The question is: Have regulatory changes benefited or harmed the company’s competitive position?
Extracted filters: {'company': 'NVIDIA', 'years': [2024, 2019, 2018, 2017, 2016], 'filing_type': '10-K', 'year_comparison': True}
Attempting to locate documents with the filters and query: The company in question is NVIDIA, also referred to by its stock symbol NVDA. The current year is 2024. Answer the following question using NVDA's 10-K filings, ensuring that you infer a relevant timeframe from the question. If the question asks about changes, trends, or comparisons, determine the appropriate range of years based on the current year and extract relevant information accordingly. If no specific year is mentioned, consider the past five years unless context suggests otherwise. The question is: Have regulatory changes benefited or harmed the company’s competitive position? {'company': ['NVDA'], 'year': ['2024', '2019', '2018', '2017', '2016'], 'filing_type': '10-K'}
Filtering with params: {'company': ['NVDA'], 'year': ['2024', '2019', '2018', '2017', '2016'], 'filing_type': '10-K'}
Total documents in corpus: 3668
Filter 'company': 3668 matches
Filter 'year': 1227 matches
Filter 'filing_type': 3668 matches
Final matching documents: 1227
Reverted query to be: The company in question is NVIDIA, also referred to by its stock symbol NVDA. The current year is 2024. Answer the following question using NVDA's 10-K filings, ensuring that you infer a relevant timeframe from the question. If the question asks about changes, trends, or comparisons, determine the appropriate range of years based on the current year and extract relevant information accordingly. If no specific year is mentioned, consider the past five years unless context suggests otherwise. The question is: Have regulatory changes benefited or harmed the company’s competitive position?
Response:  Based on the provided context, specifically the NVDA 10-K filings from 2018 and 2019, we can analyze the impact of regulatory changes on NVIDIA's competitive position. However, the information given does not include data beyond 2019, and since the current year is 2024, we lack direct insights into the effects of regulatory changes from 2020 to 2023.

From the 2018 NVDA 10-K, we know that NVIDIA is an emerging growth company, and there's no indication of whether it elected to use the extended transition period for complying with new or revised financial accounting standards. The document also mentions potential impacts of regulations on costs, competitive position, and business operations, but does not provide specific outcomes or trends.

The 2019 NVDA 10-K does not directly address the impact of regulatory changes on NVIDIA's competitive position either. It provides financial data, including revenue, cost of revenue, gross profit, and net income, but does not discuss regulatory changes or their effects.

Given the lack of specific data on regulatory changes from 2020 to 2023, we cannot definitively determine whether these changes have benefited or harmed NVIDIA's competitive position. To accurately assess this, we would need more recent information from NVIDIA's filings or reports that cover the period from 2020 to 2023.

In summary, while we understand that NVIDIA acknowledges potential risks and impacts from regulatory changes in its risk factors, the provided context only includes financial data from 2018 and 2019, and does not offer sufficient evidence to conclude the effect of regulatory changes on the company's competitive position between 2020 and 2023. Additional data from NVIDIA's filings in the years 2020 to 2023 would be necessary to answer this question with certainty.
--------------------------------------------------------------------------------

Query: The company in question is NVIDIA, also referred to by its stock symbol NVDA. The current year is 2024. Answer the following question using NVDA's 10-K filings, ensuring that you infer a relevant timeframe from the question. If the question asks about changes, trends, or comparisons, determine the appropriate range of years based on the current year and extract relevant information accordingly. If no specific year is mentioned, consider the past five years unless context suggests otherwise. The question is: Has the company adopted partnerships or joint ventures to compete more effectively?
Edited query to be: The company in question is NVIDIA, also referred to by its stock symbol NVDA. The current year is 2024. Answer the following question using NVDA's 10-K filings, ensuring that you infer a relevant timeframe from the question. If the question asks about changes, trends, or comparisons, determine the appropriate range of years based on the current year and extract relevant information accordingly. If no specific year is mentioned, consider the past five years unless context suggests otherwise. The question is: Has the company adopted partnerships or joint ventures to compete more effectively?
Extracted filters: {'company': 'NVIDIA', 'years': [2024, 2019, 2018, 2017, 2016], 'filing_type': '10-K', 'year_comparison': True}
Attempting to locate documents with the filters and query: The company in question is NVIDIA, also referred to by its stock symbol NVDA. The current year is 2024. Answer the following question using NVDA's 10-K filings, ensuring that you infer a relevant timeframe from the question. If the question asks about changes, trends, or comparisons, determine the appropriate range of years based on the current year and extract relevant information accordingly. If no specific year is mentioned, consider the past five years unless context suggests otherwise. The question is: Has the company adopted partnerships or joint ventures to compete more effectively? {'company': ['NVDA'], 'year': ['2024', '2019', '2018', '2017', '2016'], 'filing_type': '10-K'}
Filtering with params: {'company': ['NVDA'], 'year': ['2024', '2019', '2018', '2017', '2016'], 'filing_type': '10-K'}
Total documents in corpus: 3668
Filter 'company': 3668 matches
Filter 'year': 1227 matches
Filter 'filing_type': 3668 matches
Final matching documents: 1227
Reverted query to be: The company in question is NVIDIA, also referred to by its stock symbol NVDA. The current year is 2024. Answer the following question using NVDA's 10-K filings, ensuring that you infer a relevant timeframe from the question. If the question asks about changes, trends, or comparisons, determine the appropriate range of years based on the current year and extract relevant information accordingly. If no specific year is mentioned, consider the past five years unless context suggests otherwise. The question is: Has the company adopted partnerships or joint ventures to compete more effectively?
Response:  The provided context does not explicitly mention any partnerships or joint ventures adopted by NVIDIA (as indicated by the stock symbol NVDA) in the fiscal year 2024 or any other specific year within the last five years. The documents focus on privacy principles, data retention, data subject rights, contractual requirements, and revenue recognition practices. To answer questions about partnerships or joint ventures, additional information or a different document that specifically addresses such strategic business decisions would be required. Therefore, based on the given context, we cannot determine if NVIDIA has adopted partnerships or joint ventures to compete more effectively in the fiscal year 2024.
--------------------------------------------------------------------------------

Query: The company in question is NVIDIA, also referred to by its stock symbol NVDA. The current year is 2024. Answer the following question using NVDA's 10-K filings, ensuring that you infer a relevant timeframe from the question. If the question asks about changes, trends, or comparisons, determine the appropriate range of years based on the current year and extract relevant information accordingly. If no specific year is mentioned, consider the past five years unless context suggests otherwise. The question is: What new risks have been introduced in recent years that were not present before?
Edited query to be: The company in question is NVIDIA, also referred to by its stock symbol NVDA. The current year is 2024. Answer the following question using NVDA's 10-K filings, ensuring that you infer a relevant timeframe from the question. If the question asks about changes, trends, or comparisons, determine the appropriate range of years based on the current year and extract relevant information accordingly. If no specific year is mentioned, consider the past five years unless context suggests otherwise. The question is: What new risks have been introduced in recent years that were not present before?
Extracted filters: {'company': 'NVIDIA', 'years': [2024, 2019, 2018, 2017, 2016], 'filing_type': '10-K', 'year_comparison': True}
Attempting to locate documents with the filters and query: The company in question is NVIDIA, also referred to by its stock symbol NVDA. The current year is 2024. Answer the following question using NVDA's 10-K filings, ensuring that you infer a relevant timeframe from the question. If the question asks about changes, trends, or comparisons, determine the appropriate range of years based on the current year and extract relevant information accordingly. If no specific year is mentioned, consider the past five years unless context suggests otherwise. The question is: What new risks have been introduced in recent years that were not present before? {'company': ['NVDA'], 'year': ['2024', '2019', '2018', '2017', '2016'], 'filing_type': '10-K'}
Filtering with params: {'company': ['NVDA'], 'year': ['2024', '2019', '2018', '2017', '2016'], 'filing_type': '10-K'}
Total documents in corpus: 3668
Filter 'company': 3668 matches
Filter 'year': 1227 matches
Filter 'filing_type': 3668 matches
Final matching documents: 1227
Reverted query to be: The company in question is NVIDIA, also referred to by its stock symbol NVDA. The current year is 2024. Answer the following question using NVDA's 10-K filings, ensuring that you infer a relevant timeframe from the question. If the question asks about changes, trends, or comparisons, determine the appropriate range of years based on the current year and extract relevant information accordingly. If no specific year is mentioned, consider the past five years unless context suggests otherwise. The question is: What new risks have been introduced in recent years that were not present before?
Response:  Based on the provided context from NVDA's 10-K filings for the years 2023 and 2024, we can identify several new risks that have been introduced or emphasized in recent years:

1. **Regulatory Risks**: The 2024 filing (NVDA 10-K 2024) mentions the impact of potential governmental regulations on various aspects such as IP ownership and infringement, taxes, import/export requirements, tariffs, anti-corruption, business acquisitions, foreign exchange controls, cash repatriation restrictions, data privacy requirements, competition and antitrust, advertising, employment, product regulations, cybersecurity, environmental, health and safety requirements, the responsible use of AI, climate change, cryptocurrency, and consumer laws. These regulations could increase costs, impact competitive position, and negatively affect the business, financial condition, and results of operations.

2. **Sustainability and Environmental Risks**: The 2024 filing (NVDA 10-K 2024) discusses the company's efforts to address climate impacts across its product lifecycle and assess risks, including current and emerging regulations and market impacts. The company aims to purchase or generate enough renewable energy to match 100% of its global electricity usage by fiscal year 2025, and by fiscal year 2026, it plans to engage manufacturing suppliers to adopt science-based targets for reducing GHG emissions.

3. **Data Privacy and Security**: While not explicitly stated as a new risk in 2024, the 2016 filing (NVDA 10-K 2016) mentions the company's adherence to the Privacy Shield Principles and the potential liability if third-party agents process personal data inconsistently. This indicates an ongoing concern with data privacy and security, which has become increasingly complex with evolving regulations and heightened public awareness.

4. **Technological and Market Evolution**: The 2020 filing (NVDA 10-K 2020) highlights the risk of failing to meet the evolving needs of markets and identify new products, services, or technologies. The rapid technological change and evolving industry standards in markets like Gaming, Professional Visualization, Datacenter, and Automotive, as well as the need for significant investments in research and development, are ongoing concerns.

5. **Competition Intensity**: The 2020 filing (NVDA 10-K 2020) also underscores the risk of increased competition as competitors expand their offerings, improve functionality, and gain advantages through longer operating histories, larger customer bases, and more comprehensive resources.

6. **Supply Chain and Operational Risks**: The 2024 filing (NVDA 10-K 2024) briefly mentions the company's goal to engage manufacturing suppliers to adopt science-based targets for reducing GHG emissions, which implies a focus on sustainability and potential risks associated with supply chain management and operational adjustments.

From the context of the 2024 filing, it appears that the company has been increasingly focusing on sustainability, environmental impact, and data privacy risks in recent years. These areas have gained prominence due to regulatory changes, market demands, and global concerns about climate change and data security. It's important to note that while these risks are more explicitly mentioned in the 2024 filing, they may have been present to some extent in earlier years but have become more pronounced or have been addressed with greater detail in recent years.

In summary, the new risks introduced or emphasized in recent years, particularly from the 2023 and 2024 filings, include regulatory risks related to sustainability and data privacy, increased focus on environmental impact and renewable energy, and the complexities of supply chain management in the context of sustainability goals. These risks reflect the evolving business landscape and the company's response to global challenges and regulatory requirements.
--------------------------------------------------------------------------------

Query: The company in question is NVIDIA, also referred to by its stock symbol NVDA. The current year is 2024. Answer the following question using NVDA's 10-K filings, ensuring that you infer a relevant timeframe from the question. If the question asks about changes, trends, or comparisons, determine the appropriate range of years based on the current year and extract relevant information accordingly. If no specific year is mentioned, consider the past five years unless context suggests otherwise. The question is: Have any previously listed risks been removed? If so, why?
Edited query to be: The company in question is NVIDIA, also referred to by its stock symbol NVDA. The current year is 2024. Answer the following question using NVDA's 10-K filings, ensuring that you infer a relevant timeframe from the question. If the question asks about changes, trends, or comparisons, determine the appropriate range of years based on the current year and extract relevant information accordingly. If no specific year is mentioned, consider the past five years unless context suggests otherwise. The question is: Have any previously listed risks been removed? If so, why?
Extracted filters: {'company': 'NVIDIA', 'years': [2024, 2019, 2018, 2017, 2016], 'filing_type': '10-K', 'year_comparison': True}
Attempting to locate documents with the filters and query: The company in question is NVIDIA, also referred to by its stock symbol NVDA. The current year is 2024. Answer the following question using NVDA's 10-K filings, ensuring that you infer a relevant timeframe from the question. If the question asks about changes, trends, or comparisons, determine the appropriate range of years based on the current year and extract relevant information accordingly. If no specific year is mentioned, consider the past five years unless context suggests otherwise. The question is: Have any previously listed risks been removed? If so, why? {'company': ['NVDA'], 'year': ['2024', '2019', '2018', '2017', '2016'], 'filing_type': '10-K'}
Filtering with params: {'company': ['NVDA'], 'year': ['2024', '2019', '2018', '2017', '2016'], 'filing_type': '10-K'}
Total documents in corpus: 3668
Filter 'company': 3668 matches
Filter 'year': 1227 matches
Filter 'filing_type': 3668 matches
Final matching documents: 1227
Reverted query to be: The company in question is NVIDIA, also referred to by its stock symbol NVDA. The current year is 2024. Answer the following question using NVDA's 10-K filings, ensuring that you infer a relevant timeframe from the question. If the question asks about changes, trends, or comparisons, determine the appropriate range of years based on the current year and extract relevant information accordingly. If no specific year is mentioned, consider the past five years unless context suggests otherwise. The question is: Have any previously listed risks been removed? If so, why?
Response:  Based on the provided context from NVDA's 10-K filings for the years 2015, 2016, 2018, 2020, and 2023, there is no explicit mention of previously listed risks being removed. Each document outlines various risks related to the business, industry, and partners, such as competition, market changes, and the ability to successfully compete and innovate.

The documents consistently mention the competitive nature of the markets NVIDIA operates in, including gaming, professional visualization, datacenter, automotive, enterprise, high-performance computing & cloud, and the risks associated with not anticipating market needs or technology trends. The documents also discuss the importance of NVIDIA's ability to identify, develop, and adapt new products and services, as well as the potential harm from competitors' advantages like cost, functionality, and resources.

Since the question pertains to the year 2024 and the provided context only includes data up to 2023, there is no direct information available within these documents to indicate whether any risks have been removed since then. To accurately determine any changes or removals of risks, one would need to review NVIDIA's 10-K filings for the year 2024 or any subsequent updates beyond the provided context.

In summary, without information from NVIDIA's 10-K filing for the year 2024 or later, it is not possible to infer whether any previously listed risks have been removed. Any analysis would be speculative and not based on the provided data.
--------------------------------------------------------------------------------

Query: The company in question is NVIDIA, also referred to by its stock symbol NVDA. The current year is 2024. Answer the following question using NVDA's 10-K filings, ensuring that you infer a relevant timeframe from the question. If the question asks about changes, trends, or comparisons, determine the appropriate range of years based on the current year and extract relevant information accordingly. If no specific year is mentioned, consider the past five years unless context suggests otherwise. The question is: Has the company disclosed any material cybersecurity risks over time?
Edited query to be: The company in question is NVIDIA, also referred to by its stock symbol NVDA. The current year is 2024. Answer the following question using NVDA's 10-K filings, ensuring that you infer a relevant timeframe from the question. If the question asks about changes, trends, or comparisons, determine the appropriate range of years based on the current year and extract relevant information accordingly. If no specific year is mentioned, consider the past five years unless context suggests otherwise. The question is: Has the company disclosed any material cybersecurity risks over time?
Extracted filters: {'company': 'NVIDIA', 'years': [2024, 2019, 2018, 2017, 2016, 2015, 2014, 2013, 2012, 2011], 'filing_type': '10-K', 'year_comparison': True}
Attempting to locate documents with the filters and query: The company in question is NVIDIA, also referred to by its stock symbol NVDA. The current year is 2024. Answer the following question using NVDA's 10-K filings, ensuring that you infer a relevant timeframe from the question. If the question asks about changes, trends, or comparisons, determine the appropriate range of years based on the current year and extract relevant information accordingly. If no specific year is mentioned, consider the past five years unless context suggests otherwise. The question is: Has the company disclosed any material cybersecurity risks over time? {'company': ['NVDA'], 'year': ['2024', '2019', '2018', '2017', '2016', '2015', '2014', '2013', '2012', '2011'], 'filing_type': '10-K'}
Filtering with params: {'company': ['NVDA'], 'year': ['2024', '2019', '2018', '2017', '2016', '2015', '2014', '2013', '2012', '2011'], 'filing_type': '10-K'}
Total documents in corpus: 3668
Filter 'company': 3668 matches
Filter 'year': 1987 matches
Filter 'filing_type': 3668 matches
Final matching documents: 1987
Reverted query to be: The company in question is NVIDIA, also referred to by its stock symbol NVDA. The current year is 2024. Answer the following question using NVDA's 10-K filings, ensuring that you infer a relevant timeframe from the question. If the question asks about changes, trends, or comparisons, determine the appropriate range of years based on the current year and extract relevant information accordingly. If no specific year is mentioned, consider the past five years unless context suggests otherwise. The question is: Has the company disclosed any material cybersecurity risks over time?
Response:  The provided context does not explicitly mention cybersecurity risks in the NVDA 10-K filings for the years 2010, 2013, 2016, or 2023. Therefore, based on the given information, I cannot provide a direct answer regarding the disclosure of material cybersecurity risks by NVIDIA over the specified timeframe. For an accurate assessment, one would need to review the most recent or specific sections of the NVDA 10-K filings or other relevant documents that address cybersecurity concerns. If such information is not available in the provided context, it is acknowledged as a limitation.
--------------------------------------------------------------------------------

Query: The company in question is NVIDIA, also referred to by its stock symbol NVDA. The current year is 2024. Answer the following question using NVDA's 10-K filings, ensuring that you infer a relevant timeframe from the question. If the question asks about changes, trends, or comparisons, determine the appropriate range of years based on the current year and extract relevant information accordingly. If no specific year is mentioned, consider the past five years unless context suggests otherwise. The question is: How have external risks such as geopolitical tensions affected the company?
Edited query to be: The company in question is NVIDIA, also referred to by its stock symbol NVDA. The current year is 2024. Answer the following question using NVDA's 10-K filings, ensuring that you infer a relevant timeframe from the question. If the question asks about changes, trends, or comparisons, determine the appropriate range of years based on the current year and extract relevant information accordingly. If no specific year is mentioned, consider the past five years unless context suggests otherwise. The question is: How have external risks such as geopolitical tensions affected the company?
Extracted filters: {'company': 'NVIDIA', 'years': [2024, 2019, 2018, 2017, 2016], 'filing_type': '10-K', 'year_comparison': True}
Attempting to locate documents with the filters and query: The company in question is NVIDIA, also referred to by its stock symbol NVDA. The current year is 2024. Answer the following question using NVDA's 10-K filings, ensuring that you infer a relevant timeframe from the question. If the question asks about changes, trends, or comparisons, determine the appropriate range of years based on the current year and extract relevant information accordingly. If no specific year is mentioned, consider the past five years unless context suggests otherwise. The question is: How have external risks such as geopolitical tensions affected the company? {'company': ['NVDA'], 'year': ['2024', '2019', '2018', '2017', '2016'], 'filing_type': '10-K'}
Filtering with params: {'company': ['NVDA'], 'year': ['2024', '2019', '2018', '2017', '2016'], 'filing_type': '10-K'}
Total documents in corpus: 3668
Filter 'company': 3668 matches
Filter 'year': 1227 matches
Filter 'filing_type': 3668 matches
Final matching documents: 1227
Reverted query to be: The company in question is NVIDIA, also referred to by its stock symbol NVDA. The current year is 2024. Answer the following question using NVDA's 10-K filings, ensuring that you infer a relevant timeframe from the question. If the question asks about changes, trends, or comparisons, determine the appropriate range of years based on the current year and extract relevant information accordingly. If no specific year is mentioned, consider the past five years unless context suggests otherwise. The question is: How have external risks such as geopolitical tensions affected the company?
Response:  The provided context does not include specific details about the impact of geopolitical tensions on NVIDIA (NVDA) from the 10-K filings for the year 2024 or any other specific year. To analyze how external risks, including geopolitical tensions, have affected NVIDIA, one would typically review the "Item 1A. Risk Factors" section of the company's annual reports, which discusses various risks that could harm the business, financial condition, and results of operations.

Since the context does not provide the necessary information for the year 2024, I am unable to directly cite specific numbers or trends related to geopolitical tensions from the NVDA 10-K filing for that year. However, based on the general structure of annual reports, one could infer that NVIDIA, like many companies, would assess and disclose the potential impact of geopolitical risks in their risk factors, particularly in sections discussing the business environment, international operations, and supply chain vulnerabilities.

For the most accurate and detailed analysis, it would be necessary to access the full NVDA 10-K filing for the year 2024 or review the risk factors section of the report. If you have access to the report, you can look for mentions of geopolitical tensions and their potential impact on the company's operations, financial performance, and strategic decisions.

Remember to format financial figures appropriately with commas and currency symbols if they are provided in the report. If the question pertains to a comparison across years, ensure to identify the differences between the years mentioned in the context. In this case, since no specific year or data is provided, I can only acknowledge the limitation and cannot offer a direct comparison.

If you need information on a different year or a more detailed analysis, please provide the relevant excerpts or specify the year for which you require data.
--------------------------------------------------------------------------------

Query: The company in question is NVIDIA, also referred to by its stock symbol NVDA. The current year is 2024. Answer the following question using NVDA's 10-K filings, ensuring that you infer a relevant timeframe from the question. If the question asks about changes, trends, or comparisons, determine the appropriate range of years based on the current year and extract relevant information accordingly. If no specific year is mentioned, consider the past five years unless context suggests otherwise. The question is: Have there been significant changes in litigation or regulatory scrutiny?
Edited query to be: The company in question is NVIDIA, also referred to by its stock symbol NVDA. The current year is 2024. Answer the following question using NVDA's 10-K filings, ensuring that you infer a relevant timeframe from the question. If the question asks about changes, trends, or comparisons, determine the appropriate range of years based on the current year and extract relevant information accordingly. If no specific year is mentioned, consider the past five years unless context suggests otherwise. The question is: Have there been significant changes in litigation or regulatory scrutiny?
Extracted filters: {'company': 'NVIDIA', 'years': [2024, 2019, 2018, 2017, 2016], 'filing_type': '10-K', 'year_comparison': True}
Attempting to locate documents with the filters and query: The company in question is NVIDIA, also referred to by its stock symbol NVDA. The current year is 2024. Answer the following question using NVDA's 10-K filings, ensuring that you infer a relevant timeframe from the question. If the question asks about changes, trends, or comparisons, determine the appropriate range of years based on the current year and extract relevant information accordingly. If no specific year is mentioned, consider the past five years unless context suggests otherwise. The question is: Have there been significant changes in litigation or regulatory scrutiny? {'company': ['NVDA'], 'year': ['2024', '2019', '2018', '2017', '2016'], 'filing_type': '10-K'}
Filtering with params: {'company': ['NVDA'], 'year': ['2024', '2019', '2018', '2017', '2016'], 'filing_type': '10-K'}
Total documents in corpus: 3668
Filter 'company': 3668 matches
Filter 'year': 1227 matches
Filter 'filing_type': 3668 matches
Final matching documents: 1227
Reverted query to be: The company in question is NVIDIA, also referred to by its stock symbol NVDA. The current year is 2024. Answer the following question using NVDA's 10-K filings, ensuring that you infer a relevant timeframe from the question. If the question asks about changes, trends, or comparisons, determine the appropriate range of years based on the current year and extract relevant information accordingly. If no specific year is mentioned, consider the past five years unless context suggests otherwise. The question is: Have there been significant changes in litigation or regulatory scrutiny?
Response:  The provided context includes NVDA's 10-K filings for the years 2018, 2023, and 2024. To address the question about significant changes in litigation or regulatory scrutiny, we can compare the information available for these years.

In the 2018 NVDA 10-K filing, there is no explicit mention of litigation or regulatory scrutiny. However, it is important to note that the document also states that the company operates under the Privacy Shield Principles and is subject to various laws, including tax, exchange control, labor, and securities laws.

Moving to the 2023 NVDA 10-K filing, there is no direct mention of litigation or regulatory scrutiny either. The document discusses the company's adherence to the Privacy Shield Principles and the potential liability if third-party agents process personal data inconsistently.

Finally, the 2024 NVDA 10-K filing mentions the company's internal control over financial reporting, which is audited by PricewaterhouseCoopers LLP. While it does not explicitly address litigation or regulatory scrutiny, the mention of internal control improvements (such as the increased estimated useful life of property, plant, and equipment) could imply a focus on managing risks, including those related to legal and regulatory compliance.

Based on the available information from the 10-K filings for 2018, 2023, and 2024, there is no clear evidence of significant changes or trends in litigation or regulatory scrutiny. The documents do not provide specific details on this topic, and any inference would be limited to the context given.

In conclusion, without explicit references to litigation or regulatory scrutiny in the provided documents, it is not possible to determine significant changes or trends in this area from the NVDA 10-K filings for the years 2018, 2023, and 2024. Further analysis or additional documents may be required to provide a more comprehensive answer.
--------------------------------------------------------------------------------

Query: The company in question is NVIDIA, also referred to by its stock symbol NVDA. The current year is 2024. Answer the following question using NVDA's 10-K filings, ensuring that you infer a relevant timeframe from the question. If the question asks about changes, trends, or comparisons, determine the appropriate range of years based on the current year and extract relevant information accordingly. If no specific year is mentioned, consider the past five years unless context suggests otherwise. The question is: Has the company adjusted its risk mitigation strategies in response to external threats?
Edited query to be: The company in question is NVIDIA, also referred to by its stock symbol NVDA. The current year is 2024. Answer the following question using NVDA's 10-K filings, ensuring that you infer a relevant timeframe from the question. If the question asks about changes, trends, or comparisons, determine the appropriate range of years based on the current year and extract relevant information accordingly. If no specific year is mentioned, consider the past five years unless context suggests otherwise. The question is: Has the company adjusted its risk mitigation strategies in response to external threats?
Extracted filters: {'company': 'NVIDIA', 'years': [2024, 2019, 2018, 2017, 2016], 'filing_type': '10-K', 'year_comparison': True}
Attempting to locate documents with the filters and query: The company in question is NVIDIA, also referred to by its stock symbol NVDA. The current year is 2024. Answer the following question using NVDA's 10-K filings, ensuring that you infer a relevant timeframe from the question. If the question asks about changes, trends, or comparisons, determine the appropriate range of years based on the current year and extract relevant information accordingly. If no specific year is mentioned, consider the past five years unless context suggests otherwise. The question is: Has the company adjusted its risk mitigation strategies in response to external threats? {'company': ['NVDA'], 'year': ['2024', '2019', '2018', '2017', '2016'], 'filing_type': '10-K'}
Filtering with params: {'company': ['NVDA'], 'year': ['2024', '2019', '2018', '2017', '2016'], 'filing_type': '10-K'}
Total documents in corpus: 3668
Filter 'company': 3668 matches
Filter 'year': 1227 matches
Filter 'filing_type': 3668 matches
Final matching documents: 1227
Reverted query to be: The company in question is NVIDIA, also referred to by its stock symbol NVDA. The current year is 2024. Answer the following question using NVDA's 10-K filings, ensuring that you infer a relevant timeframe from the question. If the question asks about changes, trends, or comparisons, determine the appropriate range of years based on the current year and extract relevant information accordingly. If no specific year is mentioned, consider the past five years unless context suggests otherwise. The question is: Has the company adjusted its risk mitigation strategies in response to external threats?
Response:  The provided context includes NVDA's 10-K filings from the years 2015, 2016, 2018, 2019, and 2023. To assess whether NVDA (NVIDIA) has adjusted its risk mitigation strategies in response to external threats, we would need to analyze the "Risk Factors" section across these filings.

From the 2015 (NVDA 10-K 2015) and 2016 (NVDA 10-K 2016) documents, we see that the company acknowledges risks related to competition, market changes, and the need to anticipate emerging technology trends. The 2018 (NVDA 10-K 2018) filing might provide further insights into how the company has evolved its strategies over time. However, there is no specific mention of risk mitigation strategies in the provided context.

The 2019 (NVDA 10-K 2019) document mentions the evaluation of the effectiveness of controls and the risk that these controls may become inadequate due to changing conditions or a deterioration in compliance with policies or procedures. This suggests an ongoing concern with risk management practices.

Given the available information, we cannot definitively conclude how NVDA has adjusted its risk mitigation strategies in response to external threats between 2015 and 2023. To obtain a comprehensive understanding, one would need to review the "Risk Factors" section in detail across these filings and look for any explicit mentions or discussions of changes in risk management approaches.

For a more accurate analysis, it would be necessary to access the full text of the 2019 10-K filing and potentially earlier filings to identify any updates or shifts in NVDA's risk mitigation strategies. It's important to note that without direct references to changes in strategies or specific actions taken by the company, any inference would be speculative.

In summary, based on the provided context, we cannot conclusively determine whether NVDA has adjusted its risk mitigation strategies in response to external threats between 2015 and 2023. Further examination of the detailed "Risk Factors" sections in the 10-K filings from these years would be required to make a well-informed assessment.
--------------------------------------------------------------------------------

Query: The company in question is NVIDIA, also referred to by its stock symbol NVDA. The current year is 2024. Answer the following question using NVDA's 10-K filings, ensuring that you infer a relevant timeframe from the question. If the question asks about changes, trends, or comparisons, determine the appropriate range of years based on the current year and extract relevant information accordingly. If no specific year is mentioned, consider the past five years unless context suggests otherwise. The question is: Have there been any notable changes in environmental, social, and governance (ESG) risks?
Edited query to be: The company in question is NVIDIA, also referred to by its stock symbol NVDA. The current year is 2024. Answer the following question using NVDA's 10-K filings, ensuring that you infer a relevant timeframe from the question. If the question asks about changes, trends, or comparisons, determine the appropriate range of years based on the current year and extract relevant information accordingly. If no specific year is mentioned, consider the past five years unless context suggests otherwise. The question is: Have there been any notable changes in environmental, social, and governance (ESG) risks?
Extracted filters: {'company': 'NVIDIA', 'years': [2024, 2019, 2018, 2017, 2016], 'filing_type': '10-K', 'year_comparison': True}
Attempting to locate documents with the filters and query: The company in question is NVIDIA, also referred to by its stock symbol NVDA. The current year is 2024. Answer the following question using NVDA's 10-K filings, ensuring that you infer a relevant timeframe from the question. If the question asks about changes, trends, or comparisons, determine the appropriate range of years based on the current year and extract relevant information accordingly. If no specific year is mentioned, consider the past five years unless context suggests otherwise. The question is: Have there been any notable changes in environmental, social, and governance (ESG) risks? {'company': ['NVDA'], 'year': ['2024', '2019', '2018', '2017', '2016'], 'filing_type': '10-K'}
Filtering with params: {'company': ['NVDA'], 'year': ['2024', '2019', '2018', '2017', '2016'], 'filing_type': '10-K'}
Total documents in corpus: 3668
Filter 'company': 3668 matches
Filter 'year': 1227 matches
Filter 'filing_type': 3668 matches
Final matching documents: 1227
Reverted query to be: The company in question is NVIDIA, also referred to by its stock symbol NVDA. The current year is 2024. Answer the following question using NVDA's 10-K filings, ensuring that you infer a relevant timeframe from the question. If the question asks about changes, trends, or comparisons, determine the appropriate range of years based on the current year and extract relevant information accordingly. If no specific year is mentioned, consider the past five years unless context suggests otherwise. The question is: Have there been any notable changes in environmental, social, and governance (ESG) risks?
Response:  Based on the provided context, specifically from NVDA's 10-K filings for the years 2023 and 2024, there have been notable changes and commitments in environmental, social, and governance (ESG) risks.

In 2023, NVIDIA highlighted its goal to purchase 10% of its total electricity usage through renewable energy by the end of fiscal year 2025, with a current achievement of 44% in fiscal year 2023. This indicates an ongoing commitment to reducing the company's carbon footprint and aligning with sustainability goals.

Furthermore, in 2024, NVIDIA's 10-K filing mentions its aim to engage manufacturing suppliers, which make up at least 67% of its scope 3 GHG emissions, with the goal of promoting supplier adoption of science-based targets. This demonstrates a focus on extending its sustainability efforts beyond its direct operations to its supply chain.

Additionally, the company's governance practices are reviewed annually by the Nominating and Corporate Governance Committee, taking into account stakeholder expectations, market trends, and business risks and opportunities, reflecting a commitment to integrating ESG principles into corporate governance.

While the provided context does not detail specific changes or trends in ESG risks over the past five years, the mentioned initiatives in 2023 and 2024 suggest that NVIDIA is actively addressing and evolving its approach to ESG risks.

To gain a more comprehensive understanding of the changes and trends in ESG risks over a broader timeframe, one would need to review NVIDIA's 10-K filings from the past five years, including the years 2019, 2020, 2021, and 2022. The context provided does not contain this information, so a detailed comparison cannot be made.

In summary, based on the available information from the 2023 and 2024 filings, NVIDIA has shown a commitment to improving its environmental sustainability and governance practices, but a full analysis of changes and trends over the past five years would require additional data from those years.
--------------------------------------------------------------------------------

Query: The company in question is NVIDIA, also referred to by its stock symbol NVDA. The current year is 2024. Answer the following question using NVDA's 10-K filings, ensuring that you infer a relevant timeframe from the question. If the question asks about changes, trends, or comparisons, determine the appropriate range of years based on the current year and extract relevant information accordingly. If no specific year is mentioned, consider the past five years unless context suggests otherwise. The question is: Has the company faced new legal challenges related to antitrust concerns?
Edited query to be: The company in question is NVIDIA, also referred to by its stock symbol NVDA. The current year is 2024. Answer the following question using NVDA's 10-K filings, ensuring that you infer a relevant timeframe from the question. If the question asks about changes, trends, or comparisons, determine the appropriate range of years based on the current year and extract relevant information accordingly. If no specific year is mentioned, consider the past five years unless context suggests otherwise. The question is: Has the company faced new legal challenges related to antitrust concerns?
Extracted filters: {'company': 'NVIDIA', 'years': [2024, 2019, 2018, 2017, 2016], 'filing_type': '10-K', 'year_comparison': True}
Attempting to locate documents with the filters and query: The company in question is NVIDIA, also referred to by its stock symbol NVDA. The current year is 2024. Answer the following question using NVDA's 10-K filings, ensuring that you infer a relevant timeframe from the question. If the question asks about changes, trends, or comparisons, determine the appropriate range of years based on the current year and extract relevant information accordingly. If no specific year is mentioned, consider the past five years unless context suggests otherwise. The question is: Has the company faced new legal challenges related to antitrust concerns? {'company': ['NVDA'], 'year': ['2024', '2019', '2018', '2017', '2016'], 'filing_type': '10-K'}
Filtering with params: {'company': ['NVDA'], 'year': ['2024', '2019', '2018', '2017', '2016'], 'filing_type': '10-K'}
Total documents in corpus: 3668
Filter 'company': 3668 matches
Filter 'year': 1227 matches
Filter 'filing_type': 3668 matches
Final matching documents: 1227
Reverted query to be: The company in question is NVIDIA, also referred to by its stock symbol NVDA. The current year is 2024. Answer the following question using NVDA's 10-K filings, ensuring that you infer a relevant timeframe from the question. If the question asks about changes, trends, or comparisons, determine the appropriate range of years based on the current year and extract relevant information accordingly. If no specific year is mentioned, consider the past five years unless context suggests otherwise. The question is: Has the company faced new legal challenges related to antitrust concerns?
Response:  The provided context does not contain specific information regarding new legal challenges related to antitrust concerns for NVIDIA (NVDA) in the year 2024. The documents referenced include NVDA's 10-K filings from 2016, 2018, and 2023, but there is no mention of antitrust issues or legal challenges in these documents. To accurately answer whether NVIDIA faced new legal challenges related to antitrust concerns in 2024, one would need access to more recent filings or reports beyond the provided context. Therefore, based on the given information, it is not possible to determine if there were such challenges in 2024.
--------------------------------------------------------------------------------

Query: The company in question is NVIDIA, also referred to by its stock symbol NVDA. The current year is 2024. Answer the following question using NVDA's 10-K filings, ensuring that you infer a relevant timeframe from the question. If the question asks about changes, trends, or comparisons, determine the appropriate range of years based on the current year and extract relevant information accordingly. If no specific year is mentioned, consider the past five years unless context suggests otherwise. The question is: How has the company’s disclosure on supply chain risks evolved?
Edited query to be: The company in question is NVIDIA, also referred to by its stock symbol NVDA. The current year is 2024. Answer the following question using NVDA's 10-K filings, ensuring that you infer a relevant timeframe from the question. If the question asks about changes, trends, or comparisons, determine the appropriate range of years based on the current year and extract relevant information accordingly. If no specific year is mentioned, consider the past five years unless context suggests otherwise. The question is: How has the company’s disclosure on supply chain risks evolved?
Extracted filters: {'company': 'NVIDIA', 'years': [2024, 2019, 2018, 2017, 2016], 'filing_type': '10-K', 'year_comparison': True}
Attempting to locate documents with the filters and query: The company in question is NVIDIA, also referred to by its stock symbol NVDA. The current year is 2024. Answer the following question using NVDA's 10-K filings, ensuring that you infer a relevant timeframe from the question. If the question asks about changes, trends, or comparisons, determine the appropriate range of years based on the current year and extract relevant information accordingly. If no specific year is mentioned, consider the past five years unless context suggests otherwise. The question is: How has the company’s disclosure on supply chain risks evolved? {'company': ['NVDA'], 'year': ['2024', '2019', '2018', '2017', '2016'], 'filing_type': '10-K'}
Filtering with params: {'company': ['NVDA'], 'year': ['2024', '2019', '2018', '2017', '2016'], 'filing_type': '10-K'}
Total documents in corpus: 3668
Filter 'company': 3668 matches
Filter 'year': 1227 matches
Filter 'filing_type': 3668 matches
Final matching documents: 1227
Reverted query to be: The company in question is NVIDIA, also referred to by its stock symbol NVDA. The current year is 2024. Answer the following question using NVDA's 10-K filings, ensuring that you infer a relevant timeframe from the question. If the question asks about changes, trends, or comparisons, determine the appropriate range of years based on the current year and extract relevant information accordingly. If no specific year is mentioned, consider the past five years unless context suggests otherwise. The question is: How has the company’s disclosure on supply chain risks evolved?
Response:  The provided context includes NVIDIA's (NVDA) 10-K filings from the years 2015, 2016, 2018, and 2023. To analyze the evolution of the company's disclosure on supply chain risks, we can compare the information from these years.

In the 2015 10-K filing, NVDA mentions risks related to its business, industry, and partners, including the competitive nature of the markets it serves and the potential for competitors to more effectively identify and capitalize upon opportunities in new markets. This suggests an acknowledgment of supply chain risks, particularly in terms of competition and market dynamics.

The 2016 10-K filing reiterates the competitive risks, emphasizing the importance of successfully competing in target markets, including significant international markets like China. The company's success is tied to its ability to identify and develop new products, services, and technologies, which implies a reliance on a robust and reliable supply chain.

The 2018 10-K filing does not explicitly mention supply chain risks. However, it does discuss the company's executive compensation, security ownership of certain beneficial owners and management, and related stockholder matters, which could indirectly relate to supply chain management as these areas impact corporate strategy and decision-making.

The 2023 10-K filing includes a discussion of risks related to the business, industry, and partners, with a focus on the competitive nature of the markets and the need to anticipate changing needs and emerging technology trends. It also mentions the company's reliance on its ability to identify and develop new products, services, and technologies, which again implies the importance of a reliable supply chain.

Based on the available information, it appears that NVDA has consistently recognized the importance of supply chain risks in its 10-K filings, with a slight shift towards a more detailed discussion of the company's ability to adapt to market changes and technology trends in the 2023 filing. However, without explicit details on supply chain risks in the 2018 and 2023 filings, it is challenging to provide a comprehensive analysis of how the company's disclosure on this topic has evolved.

To get a more accurate understanding of the evolution of NVDA's disclosure on supply chain risks, one would need to review the specific sections of the 2018 and 2023 10-K filings that address this topic. It is also worth noting that the context does not provide information beyond the years 2015, 2016, 2018, and 2023, so any analysis beyond these years would be speculative.

In summary, based on the provided context, NVDA has acknowledged supply chain risks in its 10-K filings since 2015, with a potential increased focus on adapting to market changes and technology trends in the most recent filing of 2023. However, without explicit details from the 2018 and 2023 filings, it is difficult to determine the full extent of the evolution in their disclosure on this topic.

Reference:
- NVDA 10-K 2015
- NVDA 10-K 2016
- NVDA 10-K 2018
- NVDA 10-K 2023

Note: The analysis is limited to the years provided in the context and does not include data from 2024 or beyond.
--------------------------------------------------------------------------------

Query: The company in question is NVIDIA, also referred to by its stock symbol NVDA. The current year is 2024. Answer the following question using NVDA's 10-K filings, ensuring that you infer a relevant timeframe from the question. If the question asks about changes, trends, or comparisons, determine the appropriate range of years based on the current year and extract relevant information accordingly. If no specific year is mentioned, consider the past five years unless context suggests otherwise. The question is: What changes have been made to the company’s approach to intellectual property protection?
Edited query to be: The company in question is NVIDIA, also referred to by its stock symbol NVDA. The current year is 2024. Answer the following question using NVDA's 10-K filings, ensuring that you infer a relevant timeframe from the question. If the question asks about changes, trends, or comparisons, determine the appropriate range of years based on the current year and extract relevant information accordingly. If no specific year is mentioned, consider the past five years unless context suggests otherwise. The question is: What changes have been made to the company’s approach to intellectual property protection?
Extracted filters: {'company': 'NVIDIA', 'years': [2024, 2019, 2018, 2017, 2016], 'filing_type': '10-K', 'year_comparison': True}
Attempting to locate documents with the filters and query: The company in question is NVIDIA, also referred to by its stock symbol NVDA. The current year is 2024. Answer the following question using NVDA's 10-K filings, ensuring that you infer a relevant timeframe from the question. If the question asks about changes, trends, or comparisons, determine the appropriate range of years based on the current year and extract relevant information accordingly. If no specific year is mentioned, consider the past five years unless context suggests otherwise. The question is: What changes have been made to the company’s approach to intellectual property protection? {'company': ['NVDA'], 'year': ['2024', '2019', '2018', '2017', '2016'], 'filing_type': '10-K'}
Filtering with params: {'company': ['NVDA'], 'year': ['2024', '2019', '2018', '2017', '2016'], 'filing_type': '10-K'}
Total documents in corpus: 3668
Filter 'company': 3668 matches
Filter 'year': 1227 matches
Filter 'filing_type': 3668 matches
Final matching documents: 1227
Reverted query to be: The company in question is NVIDIA, also referred to by its stock symbol NVDA. The current year is 2024. Answer the following question using NVDA's 10-K filings, ensuring that you infer a relevant timeframe from the question. If the question asks about changes, trends, or comparisons, determine the appropriate range of years based on the current year and extract relevant information accordingly. If no specific year is mentioned, consider the past five years unless context suggests otherwise. The question is: What changes have been made to the company’s approach to intellectual property protection?
Response:  I'm sorry, but I cannot provide specific information on changes to NVIDIA's approach to intellectual property protection based on the provided context. The context includes data from 2016, 2018, and 2023, but does not contain details regarding the company's intellectual property strategy or any changes therein. To answer this question accurately, I would need access to NVIDIA's (NVDA) 10-K filings or other relevant documents from the year 2024 or the past five years that discuss their intellectual property protection policies.
--------------------------------------------------------------------------------

Query: The company in question is NVIDIA, also referred to by its stock symbol NVDA. The current year is 2024. Answer the following question using NVDA's 10-K filings, ensuring that you infer a relevant timeframe from the question. If the question asks about changes, trends, or comparisons, determine the appropriate range of years based on the current year and extract relevant information accordingly. If no specific year is mentioned, consider the past five years unless context suggests otherwise. The question is: Have there been significant changes in the executive leadership team?
Edited query to be: The company in question is NVIDIA, also referred to by its stock symbol NVDA. The current year is 2024. Answer the following question using NVDA's 10-K filings, ensuring that you infer a relevant timeframe from the question. If the question asks about changes, trends, or comparisons, determine the appropriate range of years based on the current year and extract relevant information accordingly. If no specific year is mentioned, consider the past five years unless context suggests otherwise. The question is: Have there been significant changes in the executive leadership team?
Extracted filters: {'company': 'NVIDIA', 'years': [2024, 2019, 2018, 2017, 2016], 'filing_type': '10-K', 'year_comparison': True}
Attempting to locate documents with the filters and query: The company in question is NVIDIA, also referred to by its stock symbol NVDA. The current year is 2024. Answer the following question using NVDA's 10-K filings, ensuring that you infer a relevant timeframe from the question. If the question asks about changes, trends, or comparisons, determine the appropriate range of years based on the current year and extract relevant information accordingly. If no specific year is mentioned, consider the past five years unless context suggests otherwise. The question is: Have there been significant changes in the executive leadership team? {'company': ['NVDA'], 'year': ['2024', '2019', '2018', '2017', '2016'], 'filing_type': '10-K'}
Filtering with params: {'company': ['NVDA'], 'year': ['2024', '2019', '2018', '2017', '2016'], 'filing_type': '10-K'}
Total documents in corpus: 3668
Filter 'company': 3668 matches
Filter 'year': 1227 matches
Filter 'filing_type': 3668 matches
Final matching documents: 1227
Reverted query to be: The company in question is NVIDIA, also referred to by its stock symbol NVDA. The current year is 2024. Answer the following question using NVDA's 10-K filings, ensuring that you infer a relevant timeframe from the question. If the question asks about changes, trends, or comparisons, determine the appropriate range of years based on the current year and extract relevant information accordingly. If no specific year is mentioned, consider the past five years unless context suggests otherwise. The question is: Have there been significant changes in the executive leadership team?
Response:  The provided context includes NVDA's 10-K filings for the years 2018, 2019, and 2023, but does not provide information regarding executive leadership changes for the year 2024. To answer the question about significant changes in the executive leadership team for NVDA in 2024, we would need data from the company's 10-K filings or other reliable sources from 2024 or subsequent updates. Since the context does not contain this information, we cannot determine any changes or trends in the executive leadership team for the year 2024 based on the given data.

Reference: NVDA 10-K 2023, NVDA 10-K 2018, NVDA 10-K 2019

Note: The analysis is based on the years provided in the context (2018, 2019, and 2023) and acknowledges the limitation that the year 2024 is not covered in the given information.
--------------------------------------------------------------------------------

Query: The company in question is NVIDIA, also referred to by its stock symbol NVDA. The current year is 2024. Answer the following question using NVDA's 10-K filings, ensuring that you infer a relevant timeframe from the question. If the question asks about changes, trends, or comparisons, determine the appropriate range of years based on the current year and extract relevant information accordingly. If no specific year is mentioned, consider the past five years unless context suggests otherwise. The question is: Have there been changes in the board of directors’ composition or governance policies?
Edited query to be: The company in question is NVIDIA, also referred to by its stock symbol NVDA. The current year is 2024. Answer the following question using NVDA's 10-K filings, ensuring that you infer a relevant timeframe from the question. If the question asks about changes, trends, or comparisons, determine the appropriate range of years based on the current year and extract relevant information accordingly. If no specific year is mentioned, consider the past five years unless context suggests otherwise. The question is: Have there been changes in the board of directors’ composition or governance policies?
Extracted filters: {'company': 'NVIDIA', 'years': [2024, 2019, 2018, 2017, 2016], 'filing_type': '10-K', 'year_comparison': True}
Attempting to locate documents with the filters and query: The company in question is NVIDIA, also referred to by its stock symbol NVDA. The current year is 2024. Answer the following question using NVDA's 10-K filings, ensuring that you infer a relevant timeframe from the question. If the question asks about changes, trends, or comparisons, determine the appropriate range of years based on the current year and extract relevant information accordingly. If no specific year is mentioned, consider the past five years unless context suggests otherwise. The question is: Have there been changes in the board of directors’ composition or governance policies? {'company': ['NVDA'], 'year': ['2024', '2019', '2018', '2017', '2016'], 'filing_type': '10-K'}
Filtering with params: {'company': ['NVDA'], 'year': ['2024', '2019', '2018', '2017', '2016'], 'filing_type': '10-K'}
Total documents in corpus: 3668
Filter 'company': 3668 matches
Filter 'year': 1227 matches
Filter 'filing_type': 3668 matches
Final matching documents: 1227
Reverted query to be: The company in question is NVIDIA, also referred to by its stock symbol NVDA. The current year is 2024. Answer the following question using NVDA's 10-K filings, ensuring that you infer a relevant timeframe from the question. If the question asks about changes, trends, or comparisons, determine the appropriate range of years based on the current year and extract relevant information accordingly. If no specific year is mentioned, consider the past five years unless context suggests otherwise. The question is: Have there been changes in the board of directors’ composition or governance policies?
Response:  Based on the provided context from NVDA's 10-K filings for the years 2023 and 2024, there is information regarding the identification of directors and executive officers, as well as the company's governance structure. However, specific details about changes in the board of directors' composition or governance policies are not explicitly mentioned in the excerpts.

To accurately answer this question, one would need to review the full text of the 2024 Proxy Statement under "Item 10. Directors, Executive Officers and Corporate Governance" and compare it with the information from the 2023 Proxy Statement. Since the context does not provide direct comparisons or specific changes, it is not possible to determine from the given excerpts alone whether there have been changes in the board of directors' composition or governance policies between 2023 and 2024.

For a more comprehensive analysis, one would need to access the complete 2024 Proxy Statement and review any notes or discussions related to changes in governance or director appointments. If such changes have occurred, they would typically be highlighted in the annual report or summarized in the proxy statement for the shareholders' consideration.

Given the limitation of the provided context, it is not possible to definitively state whether there have been changes in the board of directors' composition or governance policies in NVIDIA between 2023 and 2024. To obtain this information, one would need to refer to the full 2024 Proxy Statement or other official communications from NVIDIA.
--------------------------------------------------------------------------------

Query: The company in question is NVIDIA, also referred to by its stock symbol NVDA. The current year is 2024. Answer the following question using NVDA's 10-K filings, ensuring that you infer a relevant timeframe from the question. If the question asks about changes, trends, or comparisons, determine the appropriate range of years based on the current year and extract relevant information accordingly. If no specific year is mentioned, consider the past five years unless context suggests otherwise. The question is: Have the CEO’s stated priorities changed in their annual letters to shareholders?
Edited query to be: The company in question is NVIDIA, also referred to by its stock symbol NVDA. The current year is 2024. Answer the following question using NVDA's 10-K filings, ensuring that you infer a relevant timeframe from the question. If the question asks about changes, trends, or comparisons, determine the appropriate range of years based on the current year and extract relevant information accordingly. If no specific year is mentioned, consider the past five years unless context suggests otherwise. The question is: Have the CEO’s stated priorities changed in their annual letters to shareholders?
Extracted filters: {'company': 'NVIDIA', 'years': [2024, 2023, 2022, 2021, 2020], 'filing_type': '10-K', 'year_comparison': True}
Attempting to locate documents with the filters and query: The company in question is NVIDIA, also referred to by its stock symbol NVDA. The current year is 2024. Answer the following question using NVDA's 10-K filings, ensuring that you infer a relevant timeframe from the question. If the question asks about changes, trends, or comparisons, determine the appropriate range of years based on the current year and extract relevant information accordingly. If no specific year is mentioned, consider the past five years unless context suggests otherwise. The question is: Have the CEO’s stated priorities changed in their annual letters to shareholders? {'company': ['NVDA'], 'year': ['2024', '2023', '2022', '2021', '2020'], 'filing_type': '10-K'}
Filtering with params: {'company': ['NVDA'], 'year': ['2024', '2023', '2022', '2021', '2020'], 'filing_type': '10-K'}
Total documents in corpus: 3668
Filter 'company': 3668 matches
Filter 'year': 829 matches
Filter 'filing_type': 3668 matches
Final matching documents: 829
Reverted query to be: The company in question is NVIDIA, also referred to by its stock symbol NVDA. The current year is 2024. Answer the following question using NVDA's 10-K filings, ensuring that you infer a relevant timeframe from the question. If the question asks about changes, trends, or comparisons, determine the appropriate range of years based on the current year and extract relevant information accordingly. If no specific year is mentioned, consider the past five years unless context suggests otherwise. The question is: Have the CEO’s stated priorities changed in their annual letters to shareholders?
Response:  The provided context does not include information about the CEO's annual letters to shareholders or any statements regarding changes in the CEO's stated priorities over time. The documents cited are financial statements and certifications from NVIDIA's 10-K filings for the years 2019, 2022, and 2023, as well as an auditor's report for 2024. To analyze changes in the CEO's stated priorities in annual letters to shareholders, one would need access to those specific letters or summaries of their content. Therefore, based on the given context, it is not possible to determine if there have been changes in the CEO's stated priorities in their annual letters to shareholders.
--------------------------------------------------------------------------------

Query: The company in question is NVIDIA, also referred to by its stock symbol NVDA. The current year is 2024. Answer the following question using NVDA's 10-K filings, ensuring that you infer a relevant timeframe from the question. If the question asks about changes, trends, or comparisons, determine the appropriate range of years based on the current year and extract relevant information accordingly. If no specific year is mentioned, consider the past five years unless context suggests otherwise. The question is: Has the company introduced any corporate restructuring or reorganization initiatives?
Edited query to be: The company in question is NVIDIA, also referred to by its stock symbol NVDA. The current year is 2024. Answer the following question using NVDA's 10-K filings, ensuring that you infer a relevant timeframe from the question. If the question asks about changes, trends, or comparisons, determine the appropriate range of years based on the current year and extract relevant information accordingly. If no specific year is mentioned, consider the past five years unless context suggests otherwise. The question is: Has the company introduced any corporate restructuring or reorganization initiatives?
Extracted filters: {'company': 'NVIDIA', 'years': [2024, 2019, 2018, 2017, 2016], 'filing_type': '10-K', 'year_comparison': True}
Attempting to locate documents with the filters and query: The company in question is NVIDIA, also referred to by its stock symbol NVDA. The current year is 2024. Answer the following question using NVDA's 10-K filings, ensuring that you infer a relevant timeframe from the question. If the question asks about changes, trends, or comparisons, determine the appropriate range of years based on the current year and extract relevant information accordingly. If no specific year is mentioned, consider the past five years unless context suggests otherwise. The question is: Has the company introduced any corporate restructuring or reorganization initiatives? {'company': ['NVDA'], 'year': ['2024', '2019', '2018', '2017', '2016'], 'filing_type': '10-K'}
Filtering with params: {'company': ['NVDA'], 'year': ['2024', '2019', '2018', '2017', '2016'], 'filing_type': '10-K'}
Total documents in corpus: 3668
Filter 'company': 3668 matches
Filter 'year': 1227 matches
Filter 'filing_type': 3668 matches
Final matching documents: 1227
Reverted query to be: The company in question is NVIDIA, also referred to by its stock symbol NVDA. The current year is 2024. Answer the following question using NVDA's 10-K filings, ensuring that you infer a relevant timeframe from the question. If the question asks about changes, trends, or comparisons, determine the appropriate range of years based on the current year and extract relevant information accordingly. If no specific year is mentioned, consider the past five years unless context suggests otherwise. The question is: Has the company introduced any corporate restructuring or reorganization initiatives?
Response:  The provided context does not explicitly mention any corporate restructuring or reorganization initiatives for NVIDIA (NVDA) in the year 2024. The documents cited include the company's 10-K filings for the years 2016, 2018, 2023, and 2024. To determine if there have been any restructuring or reorganization initiatives in 2024, one would need to review the most recent 10-K filing or other official company announcements from that year. Since the specific information for 2024 is not provided in the context, it is not possible to answer this question based on the given data. For the most accurate and up-to-date information, it is recommended to consult NVDA's latest 10-K filing or official press releases.
--------------------------------------------------------------------------------

Query: The company in question is NVIDIA, also referred to by its stock symbol NVDA. The current year is 2024. Answer the following question using NVDA's 10-K filings, ensuring that you infer a relevant timeframe from the question. If the question asks about changes, trends, or comparisons, determine the appropriate range of years based on the current year and extract relevant information accordingly. If no specific year is mentioned, consider the past five years unless context suggests otherwise. The question is: Have changes in executive compensation structures affected strategic decision-making?
Edited query to be: The company in question is NVIDIA, also referred to by its stock symbol NVDA. The current year is 2024. Answer the following question using NVDA's 10-K filings, ensuring that you infer a relevant timeframe from the question. If the question asks about changes, trends, or comparisons, determine the appropriate range of years based on the current year and extract relevant information accordingly. If no specific year is mentioned, consider the past five years unless context suggests otherwise. The question is: Have changes in executive compensation structures affected strategic decision-making?
Extracted filters: {'company': 'NVIDIA', 'years': [2024, 2019, 2018, 2017, 2016], 'filing_type': '10-K', 'year_comparison': True}
Attempting to locate documents with the filters and query: The company in question is NVIDIA, also referred to by its stock symbol NVDA. The current year is 2024. Answer the following question using NVDA's 10-K filings, ensuring that you infer a relevant timeframe from the question. If the question asks about changes, trends, or comparisons, determine the appropriate range of years based on the current year and extract relevant information accordingly. If no specific year is mentioned, consider the past five years unless context suggests otherwise. The question is: Have changes in executive compensation structures affected strategic decision-making? {'company': ['NVDA'], 'year': ['2024', '2019', '2018', '2017', '2016'], 'filing_type': '10-K'}
Filtering with params: {'company': ['NVDA'], 'year': ['2024', '2019', '2018', '2017', '2016'], 'filing_type': '10-K'}
Total documents in corpus: 3668
Filter 'company': 3668 matches
Filter 'year': 1227 matches
Filter 'filing_type': 3668 matches
Final matching documents: 1227
Reverted query to be: The company in question is NVIDIA, also referred to by its stock symbol NVDA. The current year is 2024. Answer the following question using NVDA's 10-K filings, ensuring that you infer a relevant timeframe from the question. If the question asks about changes, trends, or comparisons, determine the appropriate range of years based on the current year and extract relevant information accordingly. If no specific year is mentioned, consider the past five years unless context suggests otherwise. The question is: Have changes in executive compensation structures affected strategic decision-making?
Response:  The provided context does not directly address changes in executive compensation structures or their impact on strategic decision-making. The documents cited are from NVIDIA's (NVDA) 10-K filings for the years 2015, 2017, 2019, and 2023, with a reference to a 2024 filing. To analyze changes in executive compensation structures and their potential effects on strategic decision-making, we would need to examine the 2024 10-K filing or any subsequent reports that discuss compensation policies and their implications.

Given the available information, we cannot definitively answer whether changes in executive compensation structures have affected strategic decision-making for NVIDIA in 2024. However, we can observe some trends from the past data:

- From 2015 to 2017, there was a shift from granting stock options to granting RSUs, PSUs, and market-based PSUs, reflecting changing market trends for equity incentives at peer companies.
- The number of PSUs granted is contingent on the company's level of achievement versus corporate financial performance targets.
- The estimated stock-based compensation expense related to equity awards that are not expected to vest decreased from $98 million in 2017 to $88 million in 2019.

These trends indicate that NVIDIA has been adjusting its equity incentive plans over time, potentially in response to strategic considerations. However, without specific details from the 2024 10-K or other relevant documents, we cannot draw a direct conclusion about the impact of these changes on strategic decision-making.

For a more accurate analysis, we would need to review the 2024 10-K filing or other internal documents that discuss the rationale behind compensation structure changes and their strategic implications.
--------------------------------------------------------------------------------

Query: The company in question is NVIDIA, also referred to by its stock symbol NVDA. The current year is 2024. Answer the following question using NVDA's 10-K filings, ensuring that you infer a relevant timeframe from the question. If the question asks about changes, trends, or comparisons, determine the appropriate range of years based on the current year and extract relevant information accordingly. If no specific year is mentioned, consider the past five years unless context suggests otherwise. The question is: Have there been major shifts in shareholder activism or governance disputes?
Edited query to be: The company in question is NVIDIA, also referred to by its stock symbol NVDA. The current year is 2024. Answer the following question using NVDA's 10-K filings, ensuring that you infer a relevant timeframe from the question. If the question asks about changes, trends, or comparisons, determine the appropriate range of years based on the current year and extract relevant information accordingly. If no specific year is mentioned, consider the past five years unless context suggests otherwise. The question is: Have there been major shifts in shareholder activism or governance disputes?
Extracted filters: {'company': 'NVIDIA', 'years': [2024, 2019, 2018, 2017, 2016], 'filing_type': '10-K', 'year_comparison': True}
Attempting to locate documents with the filters and query: The company in question is NVIDIA, also referred to by its stock symbol NVDA. The current year is 2024. Answer the following question using NVDA's 10-K filings, ensuring that you infer a relevant timeframe from the question. If the question asks about changes, trends, or comparisons, determine the appropriate range of years based on the current year and extract relevant information accordingly. If no specific year is mentioned, consider the past five years unless context suggests otherwise. The question is: Have there been major shifts in shareholder activism or governance disputes? {'company': ['NVDA'], 'year': ['2024', '2019', '2018', '2017', '2016'], 'filing_type': '10-K'}
Filtering with params: {'company': ['NVDA'], 'year': ['2024', '2019', '2018', '2017', '2016'], 'filing_type': '10-K'}
Total documents in corpus: 3668
Filter 'company': 3668 matches
Filter 'year': 1227 matches
Filter 'filing_type': 3668 matches
Final matching documents: 1227
Reverted query to be: The company in question is NVIDIA, also referred to by its stock symbol NVDA. The current year is 2024. Answer the following question using NVDA's 10-K filings, ensuring that you infer a relevant timeframe from the question. If the question asks about changes, trends, or comparisons, determine the appropriate range of years based on the current year and extract relevant information accordingly. If no specific year is mentioned, consider the past five years unless context suggests otherwise. The question is: Have there been major shifts in shareholder activism or governance disputes?
Response:  The provided context includes NVDA's 10-K filings from the years 2016, 2017, 2018, 2019, and 2023. To assess major shifts in shareholder activism or governance disputes, we would need to analyze the information from these filings.

However, the given context does not contain specific details about shareholder activism or governance disputes. It focuses on the company's adherence to the Privacy Shield Principles, data retention policies, data subject rights, contractual requirements, and the market value of voting stock held by non-affiliates. There is also mention of the company's equity compensation plans and related transactions, but no explicit mention of shareholder activism or governance disputes.

Given the lack of direct information in the provided context, we cannot definitively determine if there have been major shifts in shareholder activism or governance disputes between 2016 and 2023. To obtain a comprehensive understanding, one would need to review the full 10-K filings or additional reports that discuss these issues specifically.

If you are looking for trends or comparisons in the market value of voting stock held by non-affiliates, here are the figures from the provided context:

- July 27, 2018: Approximately $146.66 billion
- July 29, 2016: Approximately $28.98 billion

These figures indicate an increase in the market value of voting stock held by non-affiliates over the two-year period. However, without specific details on shareholder activism or governance disputes, we cannot draw conclusions about these areas from the given data.

For a thorough analysis of shareholder activism or governance disputes, it is recommended to review the relevant sections of NVDA's 10-K filings from the years in question or consult additional sources that discuss these topics.
--------------------------------------------------------------------------------

Query: The company in question is NVIDIA, also referred to by its stock symbol NVDA. The current year is 2024. Answer the following question using NVDA's 10-K filings, ensuring that you infer a relevant timeframe from the question. If the question asks about changes, trends, or comparisons, determine the appropriate range of years based on the current year and extract relevant information accordingly. If no specific year is mentioned, consider the past five years unless context suggests otherwise. The question is: How have changes in leadership impacted the company’s culture and workforce?
Edited query to be: The company in question is NVIDIA, also referred to by its stock symbol NVDA. The current year is 2024. Answer the following question using NVDA's 10-K filings, ensuring that you infer a relevant timeframe from the question. If the question asks about changes, trends, or comparisons, determine the appropriate range of years based on the current year and extract relevant information accordingly. If no specific year is mentioned, consider the past five years unless context suggests otherwise. The question is: How have changes in leadership impacted the company’s culture and workforce?
Extracted filters: {'company': 'NVIDIA', 'years': [2024, 2019, 2018, 2017, 2016], 'filing_type': '10-K', 'year_comparison': True}
Attempting to locate documents with the filters and query: The company in question is NVIDIA, also referred to by its stock symbol NVDA. The current year is 2024. Answer the following question using NVDA's 10-K filings, ensuring that you infer a relevant timeframe from the question. If the question asks about changes, trends, or comparisons, determine the appropriate range of years based on the current year and extract relevant information accordingly. If no specific year is mentioned, consider the past five years unless context suggests otherwise. The question is: How have changes in leadership impacted the company’s culture and workforce? {'company': ['NVDA'], 'year': ['2024', '2019', '2018', '2017', '2016'], 'filing_type': '10-K'}
Filtering with params: {'company': ['NVDA'], 'year': ['2024', '2019', '2018', '2017', '2016'], 'filing_type': '10-K'}
Total documents in corpus: 3668
Filter 'company': 3668 matches
Filter 'year': 1227 matches
Filter 'filing_type': 3668 matches
Final matching documents: 1227
Reverted query to be: The company in question is NVIDIA, also referred to by its stock symbol NVDA. The current year is 2024. Answer the following question using NVDA's 10-K filings, ensuring that you infer a relevant timeframe from the question. If the question asks about changes, trends, or comparisons, determine the appropriate range of years based on the current year and extract relevant information accordingly. If no specific year is mentioned, consider the past five years unless context suggests otherwise. The question is: How have changes in leadership impacted the company’s culture and workforce?
Response:  The provided context does not contain specific information about changes in leadership and their direct impact on the company's culture and workforce within NVIDIA (NVDA). The documents reference executive officers and their roles but do not detail any transitions or cultural shifts associated with these changes. To analyze how leadership changes have impacted NVIDIA's culture and workforce, one would need to review internal company reports, employee surveys, or statements from the period of leadership transition.

For a comprehensive understanding, it would be necessary to examine NVIDIA's annual reports (10-K filings) and possibly other internal documents or press releases from the years following the leadership changes. The relevant timeframe to consider would be from the year of the leadership change to the present, which in this case would be from 2024 back to 2019, as the most recent document provided is the 10-K for 2019. However, without specific details in the context, any analysis would be speculative.

To accurately assess the impact of leadership changes on company culture and workforce, one would need to look at employee engagement scores, diversity statistics, retention rates, promotion trends, and other human resource data that may be included in more recent annual reports or corporate communications.

Given the lack of specific information in the provided context, it is not possible to directly answer how leadership changes have impacted NVIDIA's culture and workforce. Further research into NVIDIA's internal documents and reports from 2019 to 2024 would be required to provide a detailed analysis.
--------------------------------------------------------------------------------

Query: The company in question is NVIDIA, also referred to by its stock symbol NVDA. The current year is 2024. Answer the following question using NVDA's 10-K filings, ensuring that you infer a relevant timeframe from the question. If the question asks about changes, trends, or comparisons, determine the appropriate range of years based on the current year and extract relevant information accordingly. If no specific year is mentioned, consider the past five years unless context suggests otherwise. The question is: Has the company altered its shareholder engagement strategies?
Edited query to be: The company in question is NVIDIA, also referred to by its stock symbol NVDA. The current year is 2024. Answer the following question using NVDA's 10-K filings, ensuring that you infer a relevant timeframe from the question. If the question asks about changes, trends, or comparisons, determine the appropriate range of years based on the current year and extract relevant information accordingly. If no specific year is mentioned, consider the past five years unless context suggests otherwise. The question is: Has the company altered its shareholder engagement strategies?
Extracted filters: {'company': 'NVIDIA', 'years': [2024, 2023, 2022, 2021, 2020], 'filing_type': '10-K', 'year_comparison': True}
Attempting to locate documents with the filters and query: The company in question is NVIDIA, also referred to by its stock symbol NVDA. The current year is 2024. Answer the following question using NVDA's 10-K filings, ensuring that you infer a relevant timeframe from the question. If the question asks about changes, trends, or comparisons, determine the appropriate range of years based on the current year and extract relevant information accordingly. If no specific year is mentioned, consider the past five years unless context suggests otherwise. The question is: Has the company altered its shareholder engagement strategies? {'company': ['NVDA'], 'year': ['2024', '2023', '2022', '2021', '2020'], 'filing_type': '10-K'}
Filtering with params: {'company': ['NVDA'], 'year': ['2024', '2023', '2022', '2021', '2020'], 'filing_type': '10-K'}
Total documents in corpus: 3668
Filter 'company': 3668 matches
Filter 'year': 829 matches
Filter 'filing_type': 3668 matches
Final matching documents: 829
Reverted query to be: The company in question is NVIDIA, also referred to by its stock symbol NVDA. The current year is 2024. Answer the following question using NVDA's 10-K filings, ensuring that you infer a relevant timeframe from the question. If the question asks about changes, trends, or comparisons, determine the appropriate range of years based on the current year and extract relevant information accordingly. If no specific year is mentioned, consider the past five years unless context suggests otherwise. The question is: Has the company altered its shareholder engagement strategies?
Response:  The provided context includes NVDA's 10-K filings for the years 2019, 2021, and 2022. However, there is no explicit information regarding changes or trends in shareholder engagement strategies within these documents. The documents mention the company's commitment to disclosing material financial information through various channels, including their investor relations website, SEC filings, press releases, and social media, but they do not detail specific strategies or changes in how the company engages with its shareholders over time.

Given the lack of direct information in the provided context, I cannot definitively answer whether NVDA has altered its shareholder engagement strategies between 2019 and 2022. To accurately assess any changes or trends in shareholder engagement strategies since 2022, one would need access to more recent or additional documents beyond the scope of the provided context.

If you are seeking information specifically about NVDA's shareholder engagement strategies for the year 2024, I must acknowledge that the provided context does not contain data for that year, and thus, I am unable to provide an analysis based on the given information. It would be advisable to review NVDA's most recent SEC filings or public disclosures for the latest insights into their shareholder engagement practices.
--------------------------------------------------------------------------------

Query: The company in question is NVIDIA, also referred to by its stock symbol NVDA. The current year is 2024. Answer the following question using NVDA's 10-K filings, ensuring that you infer a relevant timeframe from the question. If the question asks about changes, trends, or comparisons, determine the appropriate range of years based on the current year and extract relevant information accordingly. If no specific year is mentioned, consider the past five years unless context suggests otherwise. The question is: Have there been any notable changes in insider ownership and executive stock sales?
Edited query to be: The company in question is NVIDIA, also referred to by its stock symbol NVDA. The current year is 2024. Answer the following question using NVDA's 10-K filings, ensuring that you infer a relevant timeframe from the question. If the question asks about changes, trends, or comparisons, determine the appropriate range of years based on the current year and extract relevant information accordingly. If no specific year is mentioned, consider the past five years unless context suggests otherwise. The question is: Have there been any notable changes in insider ownership and executive stock sales?
Extracted filters: {'company': 'NVIDIA', 'years': [2024, 2019, 2018, 2017, 2016], 'filing_type': '10-K', 'year_comparison': True}
Attempting to locate documents with the filters and query: The company in question is NVIDIA, also referred to by its stock symbol NVDA. The current year is 2024. Answer the following question using NVDA's 10-K filings, ensuring that you infer a relevant timeframe from the question. If the question asks about changes, trends, or comparisons, determine the appropriate range of years based on the current year and extract relevant information accordingly. If no specific year is mentioned, consider the past five years unless context suggests otherwise. The question is: Have there been any notable changes in insider ownership and executive stock sales? {'company': ['NVDA'], 'year': ['2024', '2019', '2018', '2017', '2016'], 'filing_type': '10-K'}
Filtering with params: {'company': ['NVDA'], 'year': ['2024', '2019', '2018', '2017', '2016'], 'filing_type': '10-K'}
Total documents in corpus: 3668
Filter 'company': 3668 matches
Filter 'year': 1227 matches
Filter 'filing_type': 3668 matches
Final matching documents: 1227
Reverted query to be: The company in question is NVIDIA, also referred to by its stock symbol NVDA. The current year is 2024. Answer the following question using NVDA's 10-K filings, ensuring that you infer a relevant timeframe from the question. If the question asks about changes, trends, or comparisons, determine the appropriate range of years based on the current year and extract relevant information accordingly. If no specific year is mentioned, consider the past five years unless context suggests otherwise. The question is: Have there been any notable changes in insider ownership and executive stock sales?
Response:  The provided context includes NVDA's 10-K filings from the years 2015, 2016, 2017, 2018, 2019, and 2023. However, there is no specific information regarding changes in insider ownership or executive stock sales within the given context for the year 2024. To answer the question about notable changes in insider ownership and executive stock sales for NVDA in 2024, one would need to access the most recent 10-K filing or other relevant SEC disclosures from that year. Since the context does not provide the necessary data for the year 2024, an accurate response cannot be provided based on the given information. It is recommended to review NVDA's latest 10-K filing or their investor relations website for the most current data on insider ownership and executive stock sales trends.
--------------------------------------------------------------------------------

Query: The company in question is NVIDIA, also referred to by its stock symbol NVDA. The current year is 2024. Answer the following question using NVDA's 10-K filings, ensuring that you infer a relevant timeframe from the question. If the question asks about changes, trends, or comparisons, determine the appropriate range of years based on the current year and extract relevant information accordingly. If no specific year is mentioned, consider the past five years unless context suggests otherwise. The question is: Has the company adopted new governance frameworks in response to regulatory changes?
Edited query to be: The company in question is NVIDIA, also referred to by its stock symbol NVDA. The current year is 2024. Answer the following question using NVDA's 10-K filings, ensuring that you infer a relevant timeframe from the question. If the question asks about changes, trends, or comparisons, determine the appropriate range of years based on the current year and extract relevant information accordingly. If no specific year is mentioned, consider the past five years unless context suggests otherwise. The question is: Has the company adopted new governance frameworks in response to regulatory changes?
Extracted filters: {'company': 'NVIDIA', 'years': [2024, 2019, 2018, 2017, 2016], 'filing_type': '10-K', 'year_comparison': True}
Attempting to locate documents with the filters and query: The company in question is NVIDIA, also referred to by its stock symbol NVDA. The current year is 2024. Answer the following question using NVDA's 10-K filings, ensuring that you infer a relevant timeframe from the question. If the question asks about changes, trends, or comparisons, determine the appropriate range of years based on the current year and extract relevant information accordingly. If no specific year is mentioned, consider the past five years unless context suggests otherwise. The question is: Has the company adopted new governance frameworks in response to regulatory changes? {'company': ['NVDA'], 'year': ['2024', '2019', '2018', '2017', '2016'], 'filing_type': '10-K'}
Filtering with params: {'company': ['NVDA'], 'year': ['2024', '2019', '2018', '2017', '2016'], 'filing_type': '10-K'}
Total documents in corpus: 3668
Filter 'company': 3668 matches
Filter 'year': 1227 matches
Filter 'filing_type': 3668 matches
Final matching documents: 1227
Reverted query to be: The company in question is NVIDIA, also referred to by its stock symbol NVDA. The current year is 2024. Answer the following question using NVDA's 10-K filings, ensuring that you infer a relevant timeframe from the question. If the question asks about changes, trends, or comparisons, determine the appropriate range of years based on the current year and extract relevant information accordingly. If no specific year is mentioned, consider the past five years unless context suggests otherwise. The question is: Has the company adopted new governance frameworks in response to regulatory changes?
Response:  The provided context does not include specific information about NVIDIA (NVDA) adopting new governance frameworks in response to regulatory changes for the year 2024. The documents cited are from the company's 10-K filings for the years 2016, 2018, 2019, and 2023. To determine if there have been any changes, trends, or adoptions of new governance frameworks in response to regulatory changes since 2023, one would need to review NVDA's most recent filings or official statements from the company. As of the information given, we cannot infer whether new governance frameworks have been adopted in 2024.

Reference:
- NVDA 10-K 2023
- NVDA 10-K 2018
- NVDA 10-K 2019
- NVDA 10-K 2016

Given the lack of information for the year 2024 in the provided context, it is not possible to answer the question about changes in governance frameworks for that year.
--------------------------------------------------------------------------------

Query: The company in question is NVIDIA, also referred to by its stock symbol NVDA. The current year is 2024. Answer the following question using NVDA's 10-K filings, ensuring that you infer a relevant timeframe from the question. If the question asks about changes, trends, or comparisons, determine the appropriate range of years based on the current year and extract relevant information accordingly. If no specific year is mentioned, consider the past five years unless context suggests otherwise. The question is: How has the company’s supply chain strategy evolved in response to external disruptions?
Edited query to be: The company in question is NVIDIA, also referred to by its stock symbol NVDA. The current year is 2024. Answer the following question using NVDA's 10-K filings, ensuring that you infer a relevant timeframe from the question. If the question asks about changes, trends, or comparisons, determine the appropriate range of years based on the current year and extract relevant information accordingly. If no specific year is mentioned, consider the past five years unless context suggests otherwise. The question is: How has the company’s supply chain strategy evolved in response to external disruptions?
Extracted filters: {'company': 'NVIDIA', 'years': [2024, 2019, 2018, 2017, 2016], 'filing_type': '10-K', 'year_comparison': True}
Attempting to locate documents with the filters and query: The company in question is NVIDIA, also referred to by its stock symbol NVDA. The current year is 2024. Answer the following question using NVDA's 10-K filings, ensuring that you infer a relevant timeframe from the question. If the question asks about changes, trends, or comparisons, determine the appropriate range of years based on the current year and extract relevant information accordingly. If no specific year is mentioned, consider the past five years unless context suggests otherwise. The question is: How has the company’s supply chain strategy evolved in response to external disruptions? {'company': ['NVDA'], 'year': ['2024', '2019', '2018', '2017', '2016'], 'filing_type': '10-K'}
Filtering with params: {'company': ['NVDA'], 'year': ['2024', '2019', '2018', '2017', '2016'], 'filing_type': '10-K'}
Total documents in corpus: 3668
Filter 'company': 3668 matches
Filter 'year': 1227 matches
Filter 'filing_type': 3668 matches
Final matching documents: 1227
Reverted query to be: The company in question is NVIDIA, also referred to by its stock symbol NVDA. The current year is 2024. Answer the following question using NVDA's 10-K filings, ensuring that you infer a relevant timeframe from the question. If the question asks about changes, trends, or comparisons, determine the appropriate range of years based on the current year and extract relevant information accordingly. If no specific year is mentioned, consider the past five years unless context suggests otherwise. The question is: How has the company’s supply chain strategy evolved in response to external disruptions?
Response:  Based on the provided context from NVDA's 10-K filings for the years 2020, 2023, and 2024, the company, NVIDIA (NVDA), has experienced significant changes in its supply chain strategy in response to external disruptions.

In 2020, the context does not provide specific details on supply chain strategy. However, the 2023 and 2024 filings indicate that NVIDIA's supply chain has faced challenges due to supply chain conditions, product complexity, and demand fluctuations. As of the end of fiscal year 2023, purchase obligations and prepaid supply agreements represented more than half of the company's total supply, with inventory provisions for excess inventory and purchase obligations totaling $2.17 billion. This suggests that NVIDIA had to manage a substantial amount of prepaid commitments and inventory, which could be vulnerable to misalignment with actual product demand.

By fiscal year 2024, NVIDIA continued to deal with supply chain complexities, as indicated by the additional $2.5 billion in short-term prepaid supply and capacity agreements included in Prepaid expenses and other current assets. The company also recorded an expense of approximately $1.4 billion in cost of revenue for inventory purchase obligations that exceeded demand projections, supplier charges, and penalties related to cancellations and underutilization.

Moreover, NVIDIA's supply chain strategy also involves product transitions, which are complex due to the simultaneous shipment of new and legacy architecture products. The company and its channel partners prepare for these transitions, which can create volatility in revenue and supply levels. The transition of the architecture of their Data Center, Professional Visualization, and Gaming products is an example of such complexity.

In summary, over the past three years, NVIDIA has had to adapt its supply chain strategy to manage increased prepaid commitments, inventory provisions, and the complexities of product transitions. The company has faced challenges with aligning inventory and supply commitments with demand, and has had to deal with the volatility introduced by product transitions and the uncertainty of new or emerging use cases and applications.

For a more detailed analysis of the evolution of NVIDIA's supply chain strategy, one would need to review the specific sections of the 10-K filings that discuss supply chain management, inventory levels, and product transition strategies for the years 2020 to 2024. However, based on the provided context, it is evident that NVIDIA has had to continuously adjust its supply chain operations to respond to external disruptions and maintain its business operations.
--------------------------------------------------------------------------------

Query: The company in question is NVIDIA, also referred to by its stock symbol NVDA. The current year is 2024. Answer the following question using NVDA's 10-K filings, ensuring that you infer a relevant timeframe from the question. If the question asks about changes, trends, or comparisons, determine the appropriate range of years based on the current year and extract relevant information accordingly. If no specific year is mentioned, consider the past five years unless context suggests otherwise. The question is: Has the company moved toward greater vertical integration? Provide examples.
Edited query to be: The company in question is NVIDIA, also referred to by its stock symbol NVDA. The current year is 2024. Answer the following question using NVDA's 10-K filings, ensuring that you infer a relevant timeframe from the question. If the question asks about changes, trends, or comparisons, determine the appropriate range of years based on the current year and extract relevant information accordingly. If no specific year is mentioned, consider the past five years unless context suggests otherwise. The question is: Has the company moved toward greater vertical integration? Provide examples.
Extracted filters: {'company': 'NVIDIA', 'years': [2024, 2019, 2018, 2017, 2016], 'filing_type': '10-K', 'year_comparison': True}
Attempting to locate documents with the filters and query: The company in question is NVIDIA, also referred to by its stock symbol NVDA. The current year is 2024. Answer the following question using NVDA's 10-K filings, ensuring that you infer a relevant timeframe from the question. If the question asks about changes, trends, or comparisons, determine the appropriate range of years based on the current year and extract relevant information accordingly. If no specific year is mentioned, consider the past five years unless context suggests otherwise. The question is: Has the company moved toward greater vertical integration? Provide examples. {'company': ['NVDA'], 'year': ['2024', '2019', '2018', '2017', '2016'], 'filing_type': '10-K'}
Filtering with params: {'company': ['NVDA'], 'year': ['2024', '2019', '2018', '2017', '2016'], 'filing_type': '10-K'}
Total documents in corpus: 3668
Filter 'company': 3668 matches
Filter 'year': 1227 matches
Filter 'filing_type': 3668 matches
Final matching documents: 1227
Reverted query to be: The company in question is NVIDIA, also referred to by its stock symbol NVDA. The current year is 2024. Answer the following question using NVDA's 10-K filings, ensuring that you infer a relevant timeframe from the question. If the question asks about changes, trends, or comparisons, determine the appropriate range of years based on the current year and extract relevant information accordingly. If no specific year is mentioned, consider the past five years unless context suggests otherwise. The question is: Has the company moved toward greater vertical integration? Provide examples.
Response:  Based on the provided context from NVDA's 10-K filings for the year 2024, there is no explicit mention of the company, NVIDIA (NVDA), moving toward greater vertical integration. The documents focus on various aspects such as data privacy, contractual requirements for personal data, and revenue recognition principles. However, there is a mention of an increase in the estimated useful life of certain assets like server, storage, network equipment, and assembly and test equipment from three to four or five years in February 2023. This change resulted in a financial benefit of $33 million for cost of revenue and $102 million for operating expenses, leading to an increase in operating income and net income.

While this adjustment in asset lifespan estimation could imply a strategic decision regarding asset management and potentially a move towards greater efficiency, it does not directly indicate a move towards vertical integration, which typically involves the company acquiring or developing capabilities to control more stages of its production or service delivery. To provide a more definitive answer on NVIDIA's vertical integration strategy, additional context or specific references to such strategic moves in the financial filings would be necessary.

Given the current year is 2024 and the documents provided do not contain explicit details on vertical integration, we cannot conclusively answer whether NVIDIA has moved toward greater vertical integration without further information. The relevant timeframe for comparison would be the past five years, as suggested in the instructions, but the provided context does not offer sufficient details to analyze this trend.

In summary, the provided context does not contain explicit evidence of NVIDIA's move towards greater vertical integration. To accurately determine if there has been a shift in this direction, one would need to review NVIDIA's financial and operational reports from the past five years or more for specific strategic initiatives or acquisitions that would suggest such a change.
--------------------------------------------------------------------------------

Query: The company in question is NVIDIA, also referred to by its stock symbol NVDA. The current year is 2024. Answer the following question using NVDA's 10-K filings, ensuring that you infer a relevant timeframe from the question. If the question asks about changes, trends, or comparisons, determine the appropriate range of years based on the current year and extract relevant information accordingly. If no specific year is mentioned, consider the past five years unless context suggests otherwise. The question is: Have there been changes in key suppliers or sourcing strategies?
Edited query to be: The company in question is NVIDIA, also referred to by its stock symbol NVDA. The current year is 2024. Answer the following question using NVDA's 10-K filings, ensuring that you infer a relevant timeframe from the question. If the question asks about changes, trends, or comparisons, determine the appropriate range of years based on the current year and extract relevant information accordingly. If no specific year is mentioned, consider the past five years unless context suggests otherwise. The question is: Have there been changes in key suppliers or sourcing strategies?
Extracted filters: {'company': 'NVIDIA', 'years': [2024, 2019, 2018, 2017, 2016], 'filing_type': '10-K', 'year_comparison': True}
Attempting to locate documents with the filters and query: The company in question is NVIDIA, also referred to by its stock symbol NVDA. The current year is 2024. Answer the following question using NVDA's 10-K filings, ensuring that you infer a relevant timeframe from the question. If the question asks about changes, trends, or comparisons, determine the appropriate range of years based on the current year and extract relevant information accordingly. If no specific year is mentioned, consider the past five years unless context suggests otherwise. The question is: Have there been changes in key suppliers or sourcing strategies? {'company': ['NVDA'], 'year': ['2024', '2019', '2018', '2017', '2016'], 'filing_type': '10-K'}
Filtering with params: {'company': ['NVDA'], 'year': ['2024', '2019', '2018', '2017', '2016'], 'filing_type': '10-K'}
Total documents in corpus: 3668
Filter 'company': 3668 matches
Filter 'year': 1227 matches
Filter 'filing_type': 3668 matches
Final matching documents: 1227
Reverted query to be: The company in question is NVIDIA, also referred to by its stock symbol NVDA. The current year is 2024. Answer the following question using NVDA's 10-K filings, ensuring that you infer a relevant timeframe from the question. If the question asks about changes, trends, or comparisons, determine the appropriate range of years based on the current year and extract relevant information accordingly. If no specific year is mentioned, consider the past five years unless context suggests otherwise. The question is: Have there been changes in key suppliers or sourcing strategies?
Response:  The provided context does not include specific information regarding changes in key suppliers or sourcing strategies for NVIDIA (NVDA) in the year 2024 or any comparative analysis with previous years. The documents cited are from the 10-K filings of NVIDIA for the years 2016, 2015, 2014, 2023, and 2020. To answer the question about changes in key suppliers or sourcing strategies for NVIDIA in 2024, we would need access to more recent or specific data beyond the years mentioned in the provided context. Therefore, based on the given information, we cannot determine any changes or trends in suppliers or sourcing strategies for NVIDIA in 2024.
--------------------------------------------------------------------------------

Query: The company in question is NVIDIA, also referred to by its stock symbol NVDA. The current year is 2024. Answer the following question using NVDA's 10-K filings, ensuring that you infer a relevant timeframe from the question. If the question asks about changes, trends, or comparisons, determine the appropriate range of years based on the current year and extract relevant information accordingly. If no specific year is mentioned, consider the past five years unless context suggests otherwise. The question is: How has the company responded to inflationary pressures on raw materials or logistics?
Edited query to be: The company in question is NVIDIA, also referred to by its stock symbol NVDA. The current year is 2024. Answer the following question using NVDA's 10-K filings, ensuring that you infer a relevant timeframe from the question. If the question asks about changes, trends, or comparisons, determine the appropriate range of years based on the current year and extract relevant information accordingly. If no specific year is mentioned, consider the past five years unless context suggests otherwise. The question is: How has the company responded to inflationary pressures on raw materials or logistics?
Extracted filters: {'company': 'NVIDIA', 'years': [2024, 2023, 2022, 2021, 2020], 'filing_type': '10-K', 'year_comparison': True}
Attempting to locate documents with the filters and query: The company in question is NVIDIA, also referred to by its stock symbol NVDA. The current year is 2024. Answer the following question using NVDA's 10-K filings, ensuring that you infer a relevant timeframe from the question. If the question asks about changes, trends, or comparisons, determine the appropriate range of years based on the current year and extract relevant information accordingly. If no specific year is mentioned, consider the past five years unless context suggests otherwise. The question is: How has the company responded to inflationary pressures on raw materials or logistics? {'company': ['NVDA'], 'year': ['2024', '2023', '2022', '2021', '2020'], 'filing_type': '10-K'}
Filtering with params: {'company': ['NVDA'], 'year': ['2024', '2023', '2022', '2021', '2020'], 'filing_type': '10-K'}
Total documents in corpus: 3668
Filter 'company': 3668 matches
Filter 'year': 829 matches
Filter 'filing_type': 3668 matches
Final matching documents: 829
Reverted query to be: The company in question is NVIDIA, also referred to by its stock symbol NVDA. The current year is 2024. Answer the following question using NVDA's 10-K filings, ensuring that you infer a relevant timeframe from the question. If the question asks about changes, trends, or comparisons, determine the appropriate range of years based on the current year and extract relevant information accordingly. If no specific year is mentioned, consider the past five years unless context suggests otherwise. The question is: How has the company responded to inflationary pressures on raw materials or logistics?
Response:  The provided context does not include specific information regarding the company's response to inflationary pressures on raw materials or logistics. The documents cited are from NVIDIA's (NVDA) 10-K filings for the years 2019, 2020, 2022, and 2024. To analyze how NVIDIA has responded to inflationary pressures on raw materials or logistics, one would need to review the financial statements and notes within these filings, focusing on any discussion of cost increases, supply chain challenges, or strategic initiatives related to these issues.

Since the context does not provide this information, I am unable to directly answer the question based on the given data. However, typically, companies address such concerns in their management discussion and analysis (MD&A) sections, notes on financial statements, or in dedicated sections discussing risks and uncertainties. To obtain an accurate response, it would be necessary to review the relevant sections of NVIDIA's 2024 10-K filing or any subsequent filings that may contain updates on these topics.

For a more detailed analysis, you would need to look for mentions of cost of goods sold (COGS), supply chain logistics, raw material prices, and any strategic responses or mitigation efforts in the 2024 filing or in discussions about risks and uncertainties. If such information is not present in the provided documents, it may be found in the full text of the 10-K or in NVIDIA's management's discussion and analysis (MD&A) sections.

Remember to format financial figures appropriately with commas and currency symbols when presenting any extracted data. If the question pertains to a specific year not included in the context, acknowledge this limitation, as I cannot provide information beyond the years mentioned in the provided documents.
--------------------------------------------------------------------------------

Query: The company in question is NVIDIA, also referred to by its stock symbol NVDA. The current year is 2024. Answer the following question using NVDA's 10-K filings, ensuring that you infer a relevant timeframe from the question. If the question asks about changes, trends, or comparisons, determine the appropriate range of years based on the current year and extract relevant information accordingly. If no specific year is mentioned, consider the past five years unless context suggests otherwise. The question is: Have there been operational efficiency initiatives that impacted margins?
Edited query to be: The company in question is NVIDIA, also referred to by its stock symbol NVDA. The current year is 2024. Answer the following question using NVDA's 10-K filings, ensuring that you infer a relevant timeframe from the question. If the question asks about changes, trends, or comparisons, determine the appropriate range of years based on the current year and extract relevant information accordingly. If no specific year is mentioned, consider the past five years unless context suggests otherwise. The question is: Have there been operational efficiency initiatives that impacted margins?
Extracted filters: {'company': 'NVIDIA', 'years': [2024, 2019, 2018, 2017, 2016], 'filing_type': '10-K', 'year_comparison': True}
Attempting to locate documents with the filters and query: The company in question is NVIDIA, also referred to by its stock symbol NVDA. The current year is 2024. Answer the following question using NVDA's 10-K filings, ensuring that you infer a relevant timeframe from the question. If the question asks about changes, trends, or comparisons, determine the appropriate range of years based on the current year and extract relevant information accordingly. If no specific year is mentioned, consider the past five years unless context suggests otherwise. The question is: Have there been operational efficiency initiatives that impacted margins? {'company': ['NVDA'], 'year': ['2024', '2019', '2018', '2017', '2016'], 'filing_type': '10-K'}
Filtering with params: {'company': ['NVDA'], 'year': ['2024', '2019', '2018', '2017', '2016'], 'filing_type': '10-K'}
Total documents in corpus: 3668
Filter 'company': 3668 matches
Filter 'year': 1227 matches
Filter 'filing_type': 3668 matches
Final matching documents: 1227
Reverted query to be: The company in question is NVIDIA, also referred to by its stock symbol NVDA. The current year is 2024. Answer the following question using NVDA's 10-K filings, ensuring that you infer a relevant timeframe from the question. If the question asks about changes, trends, or comparisons, determine the appropriate range of years based on the current year and extract relevant information accordingly. If no specific year is mentioned, consider the past five years unless context suggests otherwise. The question is: Have there been operational efficiency initiatives that impacted margins?
Response:  Based on the provided context from NVDA's 10-K filings, we can analyze operational efficiency initiatives and their impact on margins over the past few years leading up to 2024. However, the context only includes data up to the year 2023. To infer trends or changes up to 2024, we would need data from NVDA's 2024 filings, which is not provided.

From the documents available:

- In the Compute & Networking segment, the gross margin decreased by 7.5% in fiscal year 2023 compared to fiscal year 2022, primarily due to inventory provisions.
- The Graphics segment also saw a decrease in gross margin by 0.9% in fiscal year 2023 compared to fiscal year 2022, attributed to inventory and related provisions and lower margins of GeForce GPUs.

These decreases in gross margins suggest that there may have been challenges in operational efficiency, potentially impacting margins negatively. The reasons for these decreases include inventory provisions and lower margins on specific products like GeForce GPUs.

To fully understand the impact of operational efficiency initiatives on margins up to 2024, we would need to analyze NVDA's financial data from 2024. Without that data, we can only speculate based on the trends observed in the available documents.

In summary, based on the context up to 2023, there were negative impacts on margins due to inventory provisions and lower product margins. However, without data from 2024, we cannot definitively conclude whether there have been operational efficiency initiatives that positively impacted margins in the year 2024.

Reference:
- NVDA 10-K 2023 (Document 1)
- NVDA 10-K 2023 (Document 2)
- NVDA 10-K 2015 (Document 3)
- NVDA 10-K 2020 (Document 4)
- NVDA 10-K 2019 (Document 5)

Note: The analysis is limited to the years provided in the context (2015-2023) and cannot provide insights into the year 2024.
--------------------------------------------------------------------------------

Query: The company in question is NVIDIA, also referred to by its stock symbol NVDA. The current year is 2024. Answer the following question using NVDA's 10-K filings, ensuring that you infer a relevant timeframe from the question. If the question asks about changes, trends, or comparisons, determine the appropriate range of years based on the current year and extract relevant information accordingly. If no specific year is mentioned, consider the past five years unless context suggests otherwise. The question is: Have production facilities been expanded, closed, or relocated?
Edited query to be: The company in question is NVIDIA, also referred to by its stock symbol NVDA. The current year is 2024. Answer the following question using NVDA's 10-K filings, ensuring that you infer a relevant timeframe from the question. If the question asks about changes, trends, or comparisons, determine the appropriate range of years based on the current year and extract relevant information accordingly. If no specific year is mentioned, consider the past five years unless context suggests otherwise. The question is: Have production facilities been expanded, closed, or relocated?
Extracted filters: {'company': 'NVIDIA', 'years': [2024, 2019, 2018, 2017, 2016], 'filing_type': '10-K', 'year_comparison': True}
Attempting to locate documents with the filters and query: The company in question is NVIDIA, also referred to by its stock symbol NVDA. The current year is 2024. Answer the following question using NVDA's 10-K filings, ensuring that you infer a relevant timeframe from the question. If the question asks about changes, trends, or comparisons, determine the appropriate range of years based on the current year and extract relevant information accordingly. If no specific year is mentioned, consider the past five years unless context suggests otherwise. The question is: Have production facilities been expanded, closed, or relocated? {'company': ['NVDA'], 'year': ['2024', '2019', '2018', '2017', '2016'], 'filing_type': '10-K'}
Filtering with params: {'company': ['NVDA'], 'year': ['2024', '2019', '2018', '2017', '2016'], 'filing_type': '10-K'}
Total documents in corpus: 3668
Filter 'company': 3668 matches
Filter 'year': 1227 matches
Filter 'filing_type': 3668 matches
Final matching documents: 1227
Reverted query to be: The company in question is NVIDIA, also referred to by its stock symbol NVDA. The current year is 2024. Answer the following question using NVDA's 10-K filings, ensuring that you infer a relevant timeframe from the question. If the question asks about changes, trends, or comparisons, determine the appropriate range of years based on the current year and extract relevant information accordingly. If no specific year is mentioned, consider the past five years unless context suggests otherwise. The question is: Have production facilities been expanded, closed, or relocated?
Response:  The provided context does not contain specific information regarding the expansion, closure, or relocation of production facilities for NVIDIA (NVDA) as of the 10-K filings for the year 2024. The documents mention supply chain conditions, product transitions, and new product offerings such as the EGNIVIA AI Cloud Service, but do not detail changes to production facilities. To answer this question accurately, one would need to review NVIDIA's most recent or specific filings or press releases that discuss their manufacturing and operational strategies, which are not included in the given context.
--------------------------------------------------------------------------------

Query: The company in question is NVIDIA, also referred to by its stock symbol NVDA. The current year is 2024. Answer the following question using NVDA's 10-K filings, ensuring that you infer a relevant timeframe from the question. If the question asks about changes, trends, or comparisons, determine the appropriate range of years based on the current year and extract relevant information accordingly. If no specific year is mentioned, consider the past five years unless context suggests otherwise. The question is: Has automation played a larger role in the company’s operations over time?
Edited query to be: The company in question is NVIDIA, also referred to by its stock symbol NVDA. The current year is 2024. Answer the following question using NVDA's 10-K filings, ensuring that you infer a relevant timeframe from the question. If the question asks about changes, trends, or comparisons, determine the appropriate range of years based on the current year and extract relevant information accordingly. If no specific year is mentioned, consider the past five years unless context suggests otherwise. The question is: Has automation played a larger role in the company’s operations over time?
Extracted filters: {'company': 'NVIDIA', 'years': [2024, 2019, 2018, 2017, 2016], 'filing_type': '10-K', 'year_comparison': True}
Attempting to locate documents with the filters and query: The company in question is NVIDIA, also referred to by its stock symbol NVDA. The current year is 2024. Answer the following question using NVDA's 10-K filings, ensuring that you infer a relevant timeframe from the question. If the question asks about changes, trends, or comparisons, determine the appropriate range of years based on the current year and extract relevant information accordingly. If no specific year is mentioned, consider the past five years unless context suggests otherwise. The question is: Has automation played a larger role in the company’s operations over time? {'company': ['NVDA'], 'year': ['2024', '2019', '2018', '2017', '2016'], 'filing_type': '10-K'}
Filtering with params: {'company': ['NVDA'], 'year': ['2024', '2019', '2018', '2017', '2016'], 'filing_type': '10-K'}
Total documents in corpus: 3668
Filter 'company': 3668 matches
Filter 'year': 1227 matches
Filter 'filing_type': 3668 matches
Final matching documents: 1227
Reverted query to be: The company in question is NVIDIA, also referred to by its stock symbol NVDA. The current year is 2024. Answer the following question using NVDA's 10-K filings, ensuring that you infer a relevant timeframe from the question. If the question asks about changes, trends, or comparisons, determine the appropriate range of years based on the current year and extract relevant information accordingly. If no specific year is mentioned, consider the past five years unless context suggests otherwise. The question is: Has automation played a larger role in the company’s operations over time?
Response:  To assess whether automation has played a larger role in NVIDIA's operations over time, we can examine the provided documents from different years, specifically focusing on the 5-year range leading up to 2024.

From Document 4, we learn that in fiscal year 2016, NVIDIA launched the EGNIVIA SHIELD Android TV device and GeForce NOW, which indicates an expansion into cloud-based services and gaming. Additionally, the company announced partnerships for the EGNIVIA DRIVE PX platform, targeting the automotive market with self-driving capabilities.

Document 3 provides information on the company's history, starting with PC graphics and extending to artificial intelligence, and mentions the Tegra brand, which integrates an entire computer onto a single chip, indicating a focus on hardware that supports automation and AI.

Document 2, from the fiscal year 2017, does not explicitly mention automation but does discuss the company's consolidated financial statements and critical accounting policies, including revenue recognition from product sales.

Document 1, from the fiscal year 2023, does not directly address automation but discusses the company's adherence to the Privacy Shield Principles and data retention policies.

Finally, Document 5, from the fiscal year 2019, presents the consolidated statements of income and comprehensive income, showing revenue and other financial metrics. While it does not detail automation, the growth in revenue from $6,910 million in 2017 to $11,716 million in 2019 could suggest an expansion in operations, potentially including automation.

Based on the available documents, there is an indication of NVIDIA's involvement in automation-related products and services, particularly with the introduction of the EGNIVIA DRIVE PX platform in 2016 and its application in autonomous driving. However, without specific financial data or detailed information on automation's contribution to revenue or operations over the years 2017 to 2024, it is challenging to definitively conclude whether automation has played a larger role in NVIDIA's operations over time. The documents do not provide explicit financial data or trends related to automation.

To obtain a more accurate analysis, we would need additional information or data specifically related to automation's impact on NVIDIA's operations and financials from the 2017 to 2024 period.

Reference:
- NVDA 10-K 2023
- NVDA 10-K 2024
- NVDA 10-K 2017
- NVDA 10-K 2019

Given the lack of specific data on automation, we cannot conclusively answer the question about its growing role in NVIDIA's operations over the specified timeframe. Additional data would be required to make a definitive comparison.
--------------------------------------------------------------------------------

Query: The company in question is NVIDIA, also referred to by its stock symbol NVDA. The current year is 2024. Answer the following question using NVDA's 10-K filings, ensuring that you infer a relevant timeframe from the question. If the question asks about changes, trends, or comparisons, determine the appropriate range of years based on the current year and extract relevant information accordingly. If no specific year is mentioned, consider the past five years unless context suggests otherwise. The question is: Have changes in supplier relationships led to cost savings or new risks?
Edited query to be: The company in question is NVIDIA, also referred to by its stock symbol NVDA. The current year is 2024. Answer the following question using NVDA's 10-K filings, ensuring that you infer a relevant timeframe from the question. If the question asks about changes, trends, or comparisons, determine the appropriate range of years based on the current year and extract relevant information accordingly. If no specific year is mentioned, consider the past five years unless context suggests otherwise. The question is: Have changes in supplier relationships led to cost savings or new risks?
Extracted filters: {'company': 'NVIDIA', 'years': [2024, 2019, 2018, 2017, 2016], 'filing_type': '10-K', 'year_comparison': True}
Attempting to locate documents with the filters and query: The company in question is NVIDIA, also referred to by its stock symbol NVDA. The current year is 2024. Answer the following question using NVDA's 10-K filings, ensuring that you infer a relevant timeframe from the question. If the question asks about changes, trends, or comparisons, determine the appropriate range of years based on the current year and extract relevant information accordingly. If no specific year is mentioned, consider the past five years unless context suggests otherwise. The question is: Have changes in supplier relationships led to cost savings or new risks? {'company': ['NVDA'], 'year': ['2024', '2019', '2018', '2017', '2016'], 'filing_type': '10-K'}
Filtering with params: {'company': ['NVDA'], 'year': ['2024', '2019', '2018', '2017', '2016'], 'filing_type': '10-K'}
Total documents in corpus: 3668
Filter 'company': 3668 matches
Filter 'year': 1227 matches
Filter 'filing_type': 3668 matches
Final matching documents: 1227
Reverted query to be: The company in question is NVIDIA, also referred to by its stock symbol NVDA. The current year is 2024. Answer the following question using NVDA's 10-K filings, ensuring that you infer a relevant timeframe from the question. If the question asks about changes, trends, or comparisons, determine the appropriate range of years based on the current year and extract relevant information accordingly. If no specific year is mentioned, consider the past five years unless context suggests otherwise. The question is: Have changes in supplier relationships led to cost savings or new risks?
Response:  Based on the provided context from NVDA's 10-K filings for the years 2020 and 2024, we can analyze the impact of supplier relationships on cost savings or new risks.

In the fiscal year 2024, as per the document (NVDA 10-K 2024), the company recorded an expense of approximately $1.4 billion in cost of revenue for inventory purchase obligations that exceeded current demand projections, supplier charges, and penalties related to cancellations and underutilization. This indicates that there may have been changes in supplier relationships or procurement strategies that led to increased costs. However, the document does not explicitly mention the reasons behind these changes or whether they were due to cost savings or new risks.

Comparatively, in the fiscal year 2020, the company recorded an expense of approximately $1.1 billion in cost of revenue for similar reasons. This suggests that there might have been an ongoing trend of increased costs related to inventory purchase obligations over the past four years.

To further understand the impact of supplier relationships on cost savings or new risks, we would need more detailed information on the changes in supplier strategies, negotiation outcomes, and any shifts in procurement policies. The documents provided do not offer explicit details on these aspects, so we can only infer that there has been an increase in costs related to inventory purchase obligations over the past four years.

In conclusion, based on the information from the NVDA 10-K filings for the years 2020 and 2024, there is an indication of increased costs related to inventory purchase obligations, but it is unclear whether this is due to cost savings or new risks. More detailed information would be required to make a definitive assessment.

Reference:
- NVDA 10-K 2024, Note 12: Supplier Relationships
- NVDA 10-K 2020, Note 12: Supplier Relationships

Note: The analysis is limited to the information provided in the context and does not include any additional details that may exist in the full 10-K filings or other company documents.
--------------------------------------------------------------------------------

Query: The company in question is NVIDIA, also referred to by its stock symbol NVDA. The current year is 2024. Answer the following question using NVDA's 10-K filings, ensuring that you infer a relevant timeframe from the question. If the question asks about changes, trends, or comparisons, determine the appropriate range of years based on the current year and extract relevant information accordingly. If no specific year is mentioned, consider the past five years unless context suggests otherwise. The question is: How has the company’s crisis management approach evolved over time?
Edited query to be: The company in question is NVIDIA, also referred to by its stock symbol NVDA. The current year is 2024. Answer the following question using NVDA's 10-K filings, ensuring that you infer a relevant timeframe from the question. If the question asks about changes, trends, or comparisons, determine the appropriate range of years based on the current year and extract relevant information accordingly. If no specific year is mentioned, consider the past five years unless context suggests otherwise. The question is: How has the company’s crisis management approach evolved over time?
Extracted filters: {'company': 'NVIDIA', 'years': [2024, 2019, 2018, 2017, 2016, 2015, 2014, 2013, 2012, 2011], 'filing_type': '10-K', 'year_comparison': True}
Attempting to locate documents with the filters and query: The company in question is NVIDIA, also referred to by its stock symbol NVDA. The current year is 2024. Answer the following question using NVDA's 10-K filings, ensuring that you infer a relevant timeframe from the question. If the question asks about changes, trends, or comparisons, determine the appropriate range of years based on the current year and extract relevant information accordingly. If no specific year is mentioned, consider the past five years unless context suggests otherwise. The question is: How has the company’s crisis management approach evolved over time? {'company': ['NVDA'], 'year': ['2024', '2019', '2018', '2017', '2016', '2015', '2014', '2013', '2012', '2011'], 'filing_type': '10-K'}
Filtering with params: {'company': ['NVDA'], 'year': ['2024', '2019', '2018', '2017', '2016', '2015', '2014', '2013', '2012', '2011'], 'filing_type': '10-K'}
Total documents in corpus: 3668
Filter 'company': 3668 matches
Filter 'year': 1987 matches
Filter 'filing_type': 3668 matches
Final matching documents: 1987
Reverted query to be: The company in question is NVIDIA, also referred to by its stock symbol NVDA. The current year is 2024. Answer the following question using NVDA's 10-K filings, ensuring that you infer a relevant timeframe from the question. If the question asks about changes, trends, or comparisons, determine the appropriate range of years based on the current year and extract relevant information accordingly. If no specific year is mentioned, consider the past five years unless context suggests otherwise. The question is: How has the company’s crisis management approach evolved over time?
Response:  The provided context includes data from the years 2012, 2014, 2023, and 2024. To analyze NVIDIA's (NVDA) crisis management approach evolution, we can compare the information from these years.

From the 2012 NVDA 10-K, we learn about the company's adherence to the Privacy Shield Principles for data protection and the contractual requirement for personal data, which implies an emphasis on compliance with legal frameworks and data privacy.

The 2014 NVDA 10-K does not explicitly mention crisis management but provides a snapshot of financial position and internal control over financial reporting, which can be indirectly related to how the company manages risks, including those related to data privacy and security.

The 2023 NVDA 10-K mentions the company's commitment to data retention, subject rights of data subjects, and the contractual nature of personal data processing. This suggests an ongoing focus on data governance, which is a critical aspect of crisis management, especially in the context of data breaches or privacy concerns.

The 2024 NVDA 10-K provides details on unrealized losses in investment categories, specifically in debt securities issued by the U.S. Treasury and U.S. government agencies, as well as the fair value of financial assets and liabilities. The mention of unrealized losses and fair value assessments indicates that the company is actively managing its investment portfolio and financial risk exposure, which are essential components of crisis management.

Based on the available information, we can infer that NVIDIA has maintained a focus on data privacy and financial risk management over the years. The shift from a general emphasis on compliance and data governance in 2012 and 2013 to more specific financial risk management in 2023 and 2024 suggests an evolution in the company's crisis management approach, with a growing emphasis on financial stability and investment risk assessment.

However, without more detailed information on specific crisis events or the company's crisis management strategies, it is challenging to provide a comprehensive analysis of the evolution of NVIDIA's crisis management approach. The data from the 2024 NVDA 10-K indicates a continued focus on financial risk management but does not directly address crisis management practices.

In summary, based on the provided context, NVIDIA's crisis management approach appears to have evolved from a strong emphasis on data privacy and compliance to a more nuanced focus on financial risk management and investment portfolio oversight in recent years. For a more detailed analysis, additional context on specific crisis events and the company's response strategies would be necessary.

Reference:
- NVDA 10-K 2023
- NVDA 10-K 2024 (for investment risk management and financial asset valuation)
--------------------------------------------------------------------------------

Query: The company in question is NVIDIA, also referred to by its stock symbol NVDA. The current year is 2024. Answer the following question using NVDA's 10-K filings, ensuring that you infer a relevant timeframe from the question. If the question asks about changes, trends, or comparisons, determine the appropriate range of years based on the current year and extract relevant information accordingly. If no specific year is mentioned, consider the past five years unless context suggests otherwise. The question is: Has the company responded to sustainability concerns in its supply chain?
Edited query to be: The company in question is NVIDIA, also referred to by its stock symbol NVDA. The current year is 2024. Answer the following question using NVDA's 10-K filings, ensuring that you infer a relevant timeframe from the question. If the question asks about changes, trends, or comparisons, determine the appropriate range of years based on the current year and extract relevant information accordingly. If no specific year is mentioned, consider the past five years unless context suggests otherwise. The question is: Has the company responded to sustainability concerns in its supply chain?
Extracted filters: {'company': 'NVIDIA', 'years': [2024, 2019, 2018, 2017, 2016], 'filing_type': '10-K', 'year_comparison': True}
Attempting to locate documents with the filters and query: The company in question is NVIDIA, also referred to by its stock symbol NVDA. The current year is 2024. Answer the following question using NVDA's 10-K filings, ensuring that you infer a relevant timeframe from the question. If the question asks about changes, trends, or comparisons, determine the appropriate range of years based on the current year and extract relevant information accordingly. If no specific year is mentioned, consider the past five years unless context suggests otherwise. The question is: Has the company responded to sustainability concerns in its supply chain? {'company': ['NVDA'], 'year': ['2024', '2019', '2018', '2017', '2016'], 'filing_type': '10-K'}
Filtering with params: {'company': ['NVDA'], 'year': ['2024', '2019', '2018', '2017', '2016'], 'filing_type': '10-K'}
Total documents in corpus: 3668
Filter 'company': 3668 matches
Filter 'year': 1227 matches
Filter 'filing_type': 3668 matches
Final matching documents: 1227
Reverted query to be: The company in question is NVIDIA, also referred to by its stock symbol NVDA. The current year is 2024. Answer the following question using NVDA's 10-K filings, ensuring that you infer a relevant timeframe from the question. If the question asks about changes, trends, or comparisons, determine the appropriate range of years based on the current year and extract relevant information accordingly. If no specific year is mentioned, consider the past five years unless context suggests otherwise. The question is: Has the company responded to sustainability concerns in its supply chain?
Response:  According to the provided context, NVIDIA (NVDA) has addressed sustainability concerns in its supply chain, particularly regarding environmental impacts. The documents mention that in fiscal year 2024, NVIDIA aimed to purchase 10% of its total electricity use through renewable energy or generate enough renewable energy to match 100% of its global electricity usage for offices and data centers by the end of fiscal year 2025. Additionally, in fiscal year 2023, NVIDIA increased the percentage of its total electricity use matched by renewable energy purchases to 44%. This indicates that the company has been actively working on sustainability initiatives in its supply chain, with specific targets set for the future (fiscal year 2025).

Relevant information from the context:
- Fiscal year 2024: Aim to purchase 10% of total electricity use through renewable energy or match 100% of global electricity usage for offices and data centers by the end of fiscal year 2025.
- Fiscal year 2023: Increased the percentage of total electricity use matched by renewable energy purchases to 44%.

These details suggest that NVIDIA has indeed responded to sustainability concerns in its supply chain by setting goals to increase the use of renewable energy in its operations.
--------------------------------------------------------------------------------

Query: The company in question is NVIDIA, also referred to by its stock symbol NVDA. The current year is 2024. Answer the following question using NVDA's 10-K filings, ensuring that you infer a relevant timeframe from the question. If the question asks about changes, trends, or comparisons, determine the appropriate range of years based on the current year and extract relevant information accordingly. If no specific year is mentioned, consider the past five years unless context suggests otherwise. The question is: How has the company’s ESG reporting evolved over time?
Edited query to be: The company in question is NVIDIA, also referred to by its stock symbol NVDA. The current year is 2024. Answer the following question using NVDA's 10-K filings, ensuring that you infer a relevant timeframe from the question. If the question asks about changes, trends, or comparisons, determine the appropriate range of years based on the current year and extract relevant information accordingly. If no specific year is mentioned, consider the past five years unless context suggests otherwise. The question is: How has the company’s ESG reporting evolved over time?
Extracted filters: {'company': 'NVIDIA', 'years': [2024, 2019, 2018, 2017, 2016, 2015, 2014, 2013, 2012, 2011], 'filing_type': '10-K', 'year_comparison': True}
Attempting to locate documents with the filters and query: The company in question is NVIDIA, also referred to by its stock symbol NVDA. The current year is 2024. Answer the following question using NVDA's 10-K filings, ensuring that you infer a relevant timeframe from the question. If the question asks about changes, trends, or comparisons, determine the appropriate range of years based on the current year and extract relevant information accordingly. If no specific year is mentioned, consider the past five years unless context suggests otherwise. The question is: How has the company’s ESG reporting evolved over time? {'company': ['NVDA'], 'year': ['2024', '2019', '2018', '2017', '2016', '2015', '2014', '2013', '2012', '2011'], 'filing_type': '10-K'}
Filtering with params: {'company': ['NVDA'], 'year': ['2024', '2019', '2018', '2017', '2016', '2015', '2014', '2013', '2012', '2011'], 'filing_type': '10-K'}
Total documents in corpus: 3668
Filter 'company': 3668 matches
Filter 'year': 1987 matches
Filter 'filing_type': 3668 matches
Final matching documents: 1987
Reverted query to be: The company in question is NVIDIA, also referred to by its stock symbol NVDA. The current year is 2024. Answer the following question using NVDA's 10-K filings, ensuring that you infer a relevant timeframe from the question. If the question asks about changes, trends, or comparisons, determine the appropriate range of years based on the current year and extract relevant information accordingly. If no specific year is mentioned, consider the past five years unless context suggests otherwise. The question is: How has the company’s ESG reporting evolved over time?
Response:  The provided context includes NVIDIA's (NVDA) 10-K filings from the years 2010, 2017, 2020, and 2023. To analyze the evolution of the company's Environmental, Social, and Governance (ESG) reporting over time, we can compare the available data from these years.

From the context:

- Document 1 (NVDA 10-K 2023) mentions the company's adherence to the Privacy Shield Principles, which relates to data protection, a social aspect of ESG. It outlines the company's data retention policy, subject rights of data subjects, and contractual requirements for personal data processing.

- Document 5 (NVDA 10-K 2017) includes a certification by the CEO and CFO regarding compliance with the Exchange Act and the fair presentation of the company's financial condition and operations. However, it does not provide specific details on ESG reporting.

Given that we only have information from 2010, 2017, 2020, and 2023, we cannot provide a comprehensive analysis of the evolution of NVIDIA's ESG reporting. We can only note that there is an increase in the availability of information about data protection and privacy from 2017 to 2023, which may suggest a growing focus on social aspects of ESG. However, without data from the years 2018 to 2022, we cannot determine a clear trend or significant changes in ESG reporting.

To fully understand NVIDIA's ESG reporting evolution, we would need additional information from the 10-K filings for the years 2018 to 2022. Since this information is not provided, we must acknowledge the limitation in our analysis.

In summary, based on the available documents from 2010, 2017, 2020, and 2023, we can infer a potential increased focus on data protection and privacy in NVIDIA's ESG reporting. However, without data from the intervening years, we cannot conclusively determine the overall trend or significant changes in ESG reporting from 2010 to 2023.

Reference:
- NVDA 10-K 2023
- NVDA 10-K 2017
- NVDA 10-K 2020
- NVDA 10-K 2010

Note: The analysis is limited to the years provided in the context, and the full evolution of NVIDIA's ESG reporting from 2010 to 2024 cannot be determined.
--------------------------------------------------------------------------------

Query: The company in question is NVIDIA, also referred to by its stock symbol NVDA. The current year is 2024. Answer the following question using NVDA's 10-K filings, ensuring that you infer a relevant timeframe from the question. If the question asks about changes, trends, or comparisons, determine the appropriate range of years based on the current year and extract relevant information accordingly. If no specific year is mentioned, consider the past five years unless context suggests otherwise. The question is: Has the company introduced new sustainability initiatives or targets?
Edited query to be: The company in question is NVIDIA, also referred to by its stock symbol NVDA. The current year is 2024. Answer the following question using NVDA's 10-K filings, ensuring that you infer a relevant timeframe from the question. If the question asks about changes, trends, or comparisons, determine the appropriate range of years based on the current year and extract relevant information accordingly. If no specific year is mentioned, consider the past five years unless context suggests otherwise. The question is: Has the company introduced new sustainability initiatives or targets?
Extracted filters: {'company': 'NVIDIA', 'years': [2024, 2023, 2022, 2021, 2020], 'filing_type': '10-K', 'year_comparison': True}
Attempting to locate documents with the filters and query: The company in question is NVIDIA, also referred to by its stock symbol NVDA. The current year is 2024. Answer the following question using NVDA's 10-K filings, ensuring that you infer a relevant timeframe from the question. If the question asks about changes, trends, or comparisons, determine the appropriate range of years based on the current year and extract relevant information accordingly. If no specific year is mentioned, consider the past five years unless context suggests otherwise. The question is: Has the company introduced new sustainability initiatives or targets? {'company': ['NVDA'], 'year': ['2024', '2023', '2022', '2021', '2020'], 'filing_type': '10-K'}
Filtering with params: {'company': ['NVDA'], 'year': ['2024', '2023', '2022', '2021', '2020'], 'filing_type': '10-K'}
Total documents in corpus: 3668
Filter 'company': 3668 matches
Filter 'year': 829 matches
Filter 'filing_type': 3668 matches
Final matching documents: 829
Reverted query to be: The company in question is NVIDIA, also referred to by its stock symbol NVDA. The current year is 2024. Answer the following question using NVDA's 10-K filings, ensuring that you infer a relevant timeframe from the question. If the question asks about changes, trends, or comparisons, determine the appropriate range of years based on the current year and extract relevant information accordingly. If no specific year is mentioned, consider the past five years unless context suggests otherwise. The question is: Has the company introduced new sustainability initiatives or targets?
Response:  According to the provided context, specifically Document 3 from NVDA's 10-K filing for the year 2024, NVIDIA has set new sustainability initiatives and targets. The company aims to purchase or generate enough renewable energy to match 100% of its global electricity usage for its offices and data centers by the end of fiscal year 2025. Additionally, in fiscal year 2024, NVIDIA increased the percentage of its total electricity use matched by renewable energy purchases to 44%, up from previous years. These initiatives are part of NVIDIA's commitment to environmental sustainability and addressing climate change impacts across their product lifecycle.

For a more detailed comparison with past years, we would need to look at the sustainability metrics reported in fiscal year 2023 and the expected metrics for fiscal year 2022, which were expected to be published in May 2022. However, the context does not provide specific figures for fiscal year 2022, so we can only base our comparison on the information from fiscal year 2024 and the stated goal for 2025.

To summarize, as of the 2024 filing, NVIDIA has indeed introduced new sustainability initiatives, specifically targeting 100% renewable energy usage for their global electricity needs by the end of fiscal year 2025.
--------------------------------------------------------------------------------

Query: The company in question is NVIDIA, also referred to by its stock symbol NVDA. The current year is 2024. Answer the following question using NVDA's 10-K filings, ensuring that you infer a relevant timeframe from the question. If the question asks about changes, trends, or comparisons, determine the appropriate range of years based on the current year and extract relevant information accordingly. If no specific year is mentioned, consider the past five years unless context suggests otherwise. The question is: How has the company’s stance on climate-related risks changed?
Edited query to be: The company in question is NVIDIA, also referred to by its stock symbol NVDA. The current year is 2024. Answer the following question using NVDA's 10-K filings, ensuring that you infer a relevant timeframe from the question. If the question asks about changes, trends, or comparisons, determine the appropriate range of years based on the current year and extract relevant information accordingly. If no specific year is mentioned, consider the past five years unless context suggests otherwise. The question is: How has the company’s stance on climate-related risks changed?
Extracted filters: {'company': 'NVIDIA', 'years': [2024, 2019, 2018, 2017, 2016], 'filing_type': '10-K', 'year_comparison': True}
Attempting to locate documents with the filters and query: The company in question is NVIDIA, also referred to by its stock symbol NVDA. The current year is 2024. Answer the following question using NVDA's 10-K filings, ensuring that you infer a relevant timeframe from the question. If the question asks about changes, trends, or comparisons, determine the appropriate range of years based on the current year and extract relevant information accordingly. If no specific year is mentioned, consider the past five years unless context suggests otherwise. The question is: How has the company’s stance on climate-related risks changed? {'company': ['NVDA'], 'year': ['2024', '2019', '2018', '2017', '2016'], 'filing_type': '10-K'}
Filtering with params: {'company': ['NVDA'], 'year': ['2024', '2019', '2018', '2017', '2016'], 'filing_type': '10-K'}
Total documents in corpus: 3668
Filter 'company': 3668 matches
Filter 'year': 1227 matches
Filter 'filing_type': 3668 matches
Final matching documents: 1227
Reverted query to be: The company in question is NVIDIA, also referred to by its stock symbol NVDA. The current year is 2024. Answer the following question using NVDA's 10-K filings, ensuring that you infer a relevant timeframe from the question. If the question asks about changes, trends, or comparisons, determine the appropriate range of years based on the current year and extract relevant information accordingly. If no specific year is mentioned, consider the past five years unless context suggests otherwise. The question is: How has the company’s stance on climate-related risks changed?
Response:  According to the provided context, specifically Document 4 from NVDA's 10-K filing for the year 2024, NVIDIA has not experienced any material impact on their capital expenditures, results of operations, or competitive position due to global environmental sustainability regulations, compliance, or costs associated with sourcing renewable energy. Their goal is to purchase or generate renewable energy to match 100% of their global electricity usage for offices and data centers by fiscal year 2025. Additionally, they aim to engage with manufacturing suppliers to address at least 67% of their scope 3 category 1 GHG emissions with the objective of encouraging supplier adoption of science-based targets.

Comparing this to the context from Document 1, which is from the 10-K filing for the year 2018, there is no mention of climate-related risks or goals regarding renewable energy usage. Therefore, based on the information provided, it can be inferred that NVIDIA's stance on climate-related risks has become more proactive and specific in recent years, with clear targets set for fiscal year 2025. The company has shifted from having no material impact in 2018 to setting ambitious goals for renewable energy usage and engaging suppliers in sustainability efforts by 2024.

To summarize, between 2018 and 2024, NVIDIA has evolved from having no significant climate-related financial impacts to setting concrete targets for renewable energy usage and supplier engagement in sustainability practices. This indicates a growing emphasis on environmental sustainability and a proactive approach to managing climate-related risks.
--------------------------------------------------------------------------------

Query: The company in question is NVIDIA, also referred to by its stock symbol NVDA. The current year is 2024. Answer the following question using NVDA's 10-K filings, ensuring that you infer a relevant timeframe from the question. If the question asks about changes, trends, or comparisons, determine the appropriate range of years based on the current year and extract relevant information accordingly. If no specific year is mentioned, consider the past five years unless context suggests otherwise. The question is: Has the company adopted any new diversity, equity, and inclusion (DEI) policies?
Edited query to be: The company in question is NVIDIA, also referred to by its stock symbol NVDA. The current year is 2024. Answer the following question using NVDA's 10-K filings, ensuring that you infer a relevant timeframe from the question. If the question asks about changes, trends, or comparisons, determine the appropriate range of years based on the current year and extract relevant information accordingly. If no specific year is mentioned, consider the past five years unless context suggests otherwise. The question is: Has the company adopted any new diversity, equity, and inclusion (DEI) policies?
Extracted filters: {'company': 'NVIDIA', 'years': [2024, 2019, 2018, 2017, 2016], 'filing_type': '10-K', 'year_comparison': True}
Attempting to locate documents with the filters and query: The company in question is NVIDIA, also referred to by its stock symbol NVDA. The current year is 2024. Answer the following question using NVDA's 10-K filings, ensuring that you infer a relevant timeframe from the question. If the question asks about changes, trends, or comparisons, determine the appropriate range of years based on the current year and extract relevant information accordingly. If no specific year is mentioned, consider the past five years unless context suggests otherwise. The question is: Has the company adopted any new diversity, equity, and inclusion (DEI) policies? {'company': ['NVDA'], 'year': ['2024', '2019', '2018', '2017', '2016'], 'filing_type': '10-K'}
Filtering with params: {'company': ['NVDA'], 'year': ['2024', '2019', '2018', '2017', '2016'], 'filing_type': '10-K'}
Total documents in corpus: 3668
Filter 'company': 3668 matches
Filter 'year': 1227 matches
Filter 'filing_type': 3668 matches
Final matching documents: 1227
Reverted query to be: The company in question is NVIDIA, also referred to by its stock symbol NVDA. The current year is 2024. Answer the following question using NVDA's 10-K filings, ensuring that you infer a relevant timeframe from the question. If the question asks about changes, trends, or comparisons, determine the appropriate range of years based on the current year and extract relevant information accordingly. If no specific year is mentioned, consider the past five years unless context suggests otherwise. The question is: Has the company adopted any new diversity, equity, and inclusion (DEI) policies?
Response:  The provided context does not explicitly mention any new diversity, equity, and inclusion (DEI) policies adopted by NVIDIA (NVDA) in the year 2024. The documents reference sustainability and governance, with a focus on environmental sustainability, corporate governance, and the company's commitment to address global challenges through computing technologies. However, there is no specific information regarding DEI policies in the given text. To find detailed information about NVDA's DEI policies, one would need to review the full 2024 Proxy Statement or the company's annual Sustainability Report, as mentioned in the context. Since the information is not provided in the given documents, it is not possible to answer whether NVDA has adopted any new DEI policies in 2024 based on the current context.
--------------------------------------------------------------------------------

Query: The company in question is NVIDIA, also referred to by its stock symbol NVDA. The current year is 2024. Answer the following question using NVDA's 10-K filings, ensuring that you infer a relevant timeframe from the question. If the question asks about changes, trends, or comparisons, determine the appropriate range of years based on the current year and extract relevant information accordingly. If no specific year is mentioned, consider the past five years unless context suggests otherwise. The question is: Have philanthropic efforts or corporate social responsibility (CSR) initiatives changed?
Edited query to be: The company in question is NVIDIA, also referred to by its stock symbol NVDA. The current year is 2024. Answer the following question using NVDA's 10-K filings, ensuring that you infer a relevant timeframe from the question. If the question asks about changes, trends, or comparisons, determine the appropriate range of years based on the current year and extract relevant information accordingly. If no specific year is mentioned, consider the past five years unless context suggests otherwise. The question is: Have philanthropic efforts or corporate social responsibility (CSR) initiatives changed?
Extracted filters: {'company': 'NVIDIA', 'years': [2024, 2019, 2018, 2017, 2016], 'filing_type': '10-K', 'year_comparison': True}
Attempting to locate documents with the filters and query: The company in question is NVIDIA, also referred to by its stock symbol NVDA. The current year is 2024. Answer the following question using NVDA's 10-K filings, ensuring that you infer a relevant timeframe from the question. If the question asks about changes, trends, or comparisons, determine the appropriate range of years based on the current year and extract relevant information accordingly. If no specific year is mentioned, consider the past five years unless context suggests otherwise. The question is: Have philanthropic efforts or corporate social responsibility (CSR) initiatives changed? {'company': ['NVDA'], 'year': ['2024', '2019', '2018', '2017', '2016'], 'filing_type': '10-K'}
Filtering with params: {'company': ['NVDA'], 'year': ['2024', '2019', '2018', '2017', '2016'], 'filing_type': '10-K'}
Total documents in corpus: 3668
Filter 'company': 3668 matches
Filter 'year': 1227 matches
Filter 'filing_type': 3668 matches
Final matching documents: 1227
Reverted query to be: The company in question is NVIDIA, also referred to by its stock symbol NVDA. The current year is 2024. Answer the following question using NVDA's 10-K filings, ensuring that you infer a relevant timeframe from the question. If the question asks about changes, trends, or comparisons, determine the appropriate range of years based on the current year and extract relevant information accordingly. If no specific year is mentioned, consider the past five years unless context suggests otherwise. The question is: Have philanthropic efforts or corporate social responsibility (CSR) initiatives changed?
Response:  The provided context does not include specific information regarding philanthropic efforts or corporate social responsibility (CSR) initiatives for NVIDIA (NVDA) in the year 2024 or any changes, trends, or comparisons to previous years. The documents cited are the 10-K filings for the years 2018 and 2023, and there is a mention of a 10-K for 2024, but no details are given about CSR initiatives or philanthropy within these documents. Therefore, based on the available information, I cannot provide an analysis of changes or trends in NVIDIA's philanthropic efforts or CSR initiatives for the year 2024. To answer this question accurately, one would need access to NVDA's 10-K filing or other reports that discuss CSR activities for the year 2024 or more recent years.
--------------------------------------------------------------------------------

Query: The company in question is NVIDIA, also referred to by its stock symbol NVDA. The current year is 2024. Answer the following question using NVDA's 10-K filings, ensuring that you infer a relevant timeframe from the question. If the question asks about changes, trends, or comparisons, determine the appropriate range of years based on the current year and extract relevant information accordingly. If no specific year is mentioned, consider the past five years unless context suggests otherwise. The question is: Has the company faced controversies related to ESG practices?
Edited query to be: The company in question is NVIDIA, also referred to by its stock symbol NVDA. The current year is 2024. Answer the following question using NVDA's 10-K filings, ensuring that you infer a relevant timeframe from the question. If the question asks about changes, trends, or comparisons, determine the appropriate range of years based on the current year and extract relevant information accordingly. If no specific year is mentioned, consider the past five years unless context suggests otherwise. The question is: Has the company faced controversies related to ESG practices?
Extracted filters: {'company': 'NVIDIA', 'years': [2024, 2023, 2022, 2021, 2020], 'filing_type': '10-K', 'year_comparison': True}
Attempting to locate documents with the filters and query: The company in question is NVIDIA, also referred to by its stock symbol NVDA. The current year is 2024. Answer the following question using NVDA's 10-K filings, ensuring that you infer a relevant timeframe from the question. If the question asks about changes, trends, or comparisons, determine the appropriate range of years based on the current year and extract relevant information accordingly. If no specific year is mentioned, consider the past five years unless context suggests otherwise. The question is: Has the company faced controversies related to ESG practices? {'company': ['NVDA'], 'year': ['2024', '2023', '2022', '2021', '2020'], 'filing_type': '10-K'}
Filtering with params: {'company': ['NVDA'], 'year': ['2024', '2023', '2022', '2021', '2020'], 'filing_type': '10-K'}
Total documents in corpus: 3668
Filter 'company': 3668 matches
Filter 'year': 829 matches
Filter 'filing_type': 3668 matches
Final matching documents: 829
Reverted query to be: The company in question is NVIDIA, also referred to by its stock symbol NVDA. The current year is 2024. Answer the following question using NVDA's 10-K filings, ensuring that you infer a relevant timeframe from the question. If the question asks about changes, trends, or comparisons, determine the appropriate range of years based on the current year and extract relevant information accordingly. If no specific year is mentioned, consider the past five years unless context suggests otherwise. The question is: Has the company faced controversies related to ESG practices?
Response:  Based on the provided context, there is no explicit mention of controversies related to ESG practices in the NVDA 10-K filings for the years 2022 and 2023. The documents discuss the company's commitment to ESG principles, including climate change, data privacy, and compliance with regulations, but they do not indicate any controversies. The documents mention risks related to industry changes, product development, and compliance with standards, but these do not directly imply controversies. Therefore, based on the available information, we cannot confirm any ESG-related controversies for NVDA (NVIDIA) as of the current year 2024. It's important to note that this analysis is limited to the provided context, and for a comprehensive understanding, further investigation into recent news or reports may be necessary.
--------------------------------------------------------------------------------

Query: The company in question is NVIDIA, also referred to by its stock symbol NVDA. The current year is 2024. Answer the following question using NVDA's 10-K filings, ensuring that you infer a relevant timeframe from the question. If the question asks about changes, trends, or comparisons, determine the appropriate range of years based on the current year and extract relevant information accordingly. If no specific year is mentioned, consider the past five years unless context suggests otherwise. The question is: Have investor or regulatory pressures influenced ESG disclosures?
Edited query to be: The company in question is NVIDIA, also referred to by its stock symbol NVDA. The current year is 2024. Answer the following question using NVDA's 10-K filings, ensuring that you infer a relevant timeframe from the question. If the question asks about changes, trends, or comparisons, determine the appropriate range of years based on the current year and extract relevant information accordingly. If no specific year is mentioned, consider the past five years unless context suggests otherwise. The question is: Have investor or regulatory pressures influenced ESG disclosures?
Extracted filters: {'company': 'NVIDIA', 'years': [2024, 2019, 2018, 2017, 2016], 'filing_type': '10-K', 'year_comparison': True}
Attempting to locate documents with the filters and query: The company in question is NVIDIA, also referred to by its stock symbol NVDA. The current year is 2024. Answer the following question using NVDA's 10-K filings, ensuring that you infer a relevant timeframe from the question. If the question asks about changes, trends, or comparisons, determine the appropriate range of years based on the current year and extract relevant information accordingly. If no specific year is mentioned, consider the past five years unless context suggests otherwise. The question is: Have investor or regulatory pressures influenced ESG disclosures? {'company': ['NVDA'], 'year': ['2024', '2019', '2018', '2017', '2016'], 'filing_type': '10-K'}
Filtering with params: {'company': ['NVDA'], 'year': ['2024', '2019', '2018', '2017', '2016'], 'filing_type': '10-K'}
Total documents in corpus: 3668
Filter 'company': 3668 matches
Filter 'year': 1227 matches
Filter 'filing_type': 3668 matches
Final matching documents: 1227
Reverted query to be: The company in question is NVIDIA, also referred to by its stock symbol NVDA. The current year is 2024. Answer the following question using NVDA's 10-K filings, ensuring that you infer a relevant timeframe from the question. If the question asks about changes, trends, or comparisons, determine the appropriate range of years based on the current year and extract relevant information accordingly. If no specific year is mentioned, consider the past five years unless context suggests otherwise. The question is: Have investor or regulatory pressures influenced ESG disclosures?
Response:  The provided context includes NVDA's 10-K filings from 2016, 2017, 2018, 2019, and 2023. To assess whether investor or regulatory pressures have influenced Environmental, Social, and Governance (ESG) disclosures at NVDA, we can compare the available data across these years.

In the 2016 NVDA 10-K filing, there is no explicit mention of ESG disclosures. However, as we move forward, there is an increase in the level of detail provided in the documents.

By 2017, NVDA still does not explicitly mention ESG disclosures.

In 2018, the document does not provide specific information regarding ESG disclosures either.

In 2019, there is still no explicit mention of ESG disclosures in the provided context.

Finally, in the 2023 NVDA 10-K filing, there is no direct mention of ESG disclosures either. However, it is important to note that over the years, there has been a growing emphasis on transparency and accountability in corporate governance, which includes ESG factors. The 2023 filing mentions data retention, data subject rights, and contractual requirements, which can be indirectly related to ESG concerns.

Based on the provided context, there is no explicit evidence of ESG disclosures in the NVDA 10-K filings from 2016 to 2023. However, the increasing focus on transparency and accountability in corporate governance could suggest that investor and regulatory pressures may have influenced ESG disclosures, even if not explicitly stated. It is important to note that without explicit ESG disclosures in the documents from 2016 to 2023, we cannot conclusively determine the influence of these pressures. Additional information or a more recent filing might be necessary to make a definitive assessment.

Reference:
- NVDA 10-K 2016
- NVDA 10-K 2017
- NVDA 10-K 2018
- NVDA 10-K 2019
- NVDA 10-K 2023

(Note: The current year mentioned in the query is 2024, but the provided context only includes data up to 2023. Therefore, we can only analyze trends and inferences from 2016 to 2023.)
--------------------------------------------------------------------------------

Query: The company in question is NVIDIA, also referred to by its stock symbol NVDA. The current year is 2024. Answer the following question using NVDA's 10-K filings, ensuring that you infer a relevant timeframe from the question. If the question asks about changes, trends, or comparisons, determine the appropriate range of years based on the current year and extract relevant information accordingly. If no specific year is mentioned, consider the past five years unless context suggests otherwise. The question is: How has the company’s approach to ethical sourcing evolved?
Edited query to be: The company in question is NVIDIA, also referred to by its stock symbol NVDA. The current year is 2024. Answer the following question using NVDA's 10-K filings, ensuring that you infer a relevant timeframe from the question. If the question asks about changes, trends, or comparisons, determine the appropriate range of years based on the current year and extract relevant information accordingly. If no specific year is mentioned, consider the past five years unless context suggests otherwise. The question is: How has the company’s approach to ethical sourcing evolved?
Extracted filters: {'company': 'NVIDIA', 'years': [2024, 2019, 2018, 2017, 2016], 'filing_type': '10-K', 'year_comparison': True}
Attempting to locate documents with the filters and query: The company in question is NVIDIA, also referred to by its stock symbol NVDA. The current year is 2024. Answer the following question using NVDA's 10-K filings, ensuring that you infer a relevant timeframe from the question. If the question asks about changes, trends, or comparisons, determine the appropriate range of years based on the current year and extract relevant information accordingly. If no specific year is mentioned, consider the past five years unless context suggests otherwise. The question is: How has the company’s approach to ethical sourcing evolved? {'company': ['NVDA'], 'year': ['2024', '2019', '2018', '2017', '2016'], 'filing_type': '10-K'}
Filtering with params: {'company': ['NVDA'], 'year': ['2024', '2019', '2018', '2017', '2016'], 'filing_type': '10-K'}
Total documents in corpus: 3668
Filter 'company': 3668 matches
Filter 'year': 1227 matches
Filter 'filing_type': 3668 matches
Final matching documents: 1227
Reverted query to be: The company in question is NVIDIA, also referred to by its stock symbol NVDA. The current year is 2024. Answer the following question using NVDA's 10-K filings, ensuring that you infer a relevant timeframe from the question. If the question asks about changes, trends, or comparisons, determine the appropriate range of years based on the current year and extract relevant information accordingly. If no specific year is mentioned, consider the past five years unless context suggests otherwise. The question is: How has the company’s approach to ethical sourcing evolved?
Response:  The provided context includes NVDA's 10-K filings from 2016, 2017, 2018, 2019, and 2024. To analyze the evolution of NVDA's approach to ethical sourcing, we can compare the information from these years.

In the 2016 10-K filing, there is no specific mention of ethical sourcing practices. However, the 2017 filing does not provide details either, so we cannot establish a baseline for comparison from that year.

The 2018 10-K filing does not explicitly discuss ethical sourcing, focusing instead on the company's financial performance and risks related to various governmental regulations, including environmental sustainability, which indirectly relates to sourcing practices.

Moving to the 2019 10-K filing, there is no direct mention of ethical sourcing. The focus is on the company's financial performance and risks, including climate change and environmental sustainability.

The most relevant information comes from the 2024 10-K filing, which states, "By the end of fiscal year 2025, our goal is to purchase 10 Table of Contents or generate enough renewable energy to match 100% of our global electricity usage for our offices and data centers." This indicates a commitment to sustainability and potentially ethical sourcing, as renewable energy sources are often considered more ethically sound compared to non-renewable ones.

Based on the available information, we can infer that NVDA has recently made a commitment to sustainability, which could be related to ethical sourcing practices. However, without explicit details on ethical sourcing from the 2016-2019 filings, we cannot establish a clear trend or evolution. The information from the 2024 filing suggests a more recent focus on environmental responsibility, which may include aspects of ethical sourcing.

In summary, while there is no direct information on ethical sourcing from the 2016-2019 filings, the 2024 filing indicates a recent commitment to sustainability, which could encompass ethical sourcing practices. The evolution of NVDA's approach to ethical sourcing appears to be gaining prominence in recent years, specifically in 2024, with a goal related to renewable energy usage.

Reference: NVDA 10-K 2024
--------------------------------------------------------------------------------

Query: The company in question is NVIDIA, also referred to by its stock symbol NVDA. The current year is 2024. Answer the following question using NVDA's 10-K filings, ensuring that you infer a relevant timeframe from the question. If the question asks about changes, trends, or comparisons, determine the appropriate range of years based on the current year and extract relevant information accordingly. If no specific year is mentioned, consider the past five years unless context suggests otherwise. The question is: Has the company implemented or adjusted carbon neutrality goals?
Edited query to be: The company in question is NVIDIA, also referred to by its stock symbol NVDA. The current year is 2024. Answer the following question using NVDA's 10-K filings, ensuring that you infer a relevant timeframe from the question. If the question asks about changes, trends, or comparisons, determine the appropriate range of years based on the current year and extract relevant information accordingly. If no specific year is mentioned, consider the past five years unless context suggests otherwise. The question is: Has the company implemented or adjusted carbon neutrality goals?
Extracted filters: {'company': 'NVIDIA', 'years': [2024, 2019, 2018, 2017, 2016], 'filing_type': '10-K', 'year_comparison': True}
Attempting to locate documents with the filters and query: The company in question is NVIDIA, also referred to by its stock symbol NVDA. The current year is 2024. Answer the following question using NVDA's 10-K filings, ensuring that you infer a relevant timeframe from the question. If the question asks about changes, trends, or comparisons, determine the appropriate range of years based on the current year and extract relevant information accordingly. If no specific year is mentioned, consider the past five years unless context suggests otherwise. The question is: Has the company implemented or adjusted carbon neutrality goals? {'company': ['NVDA'], 'year': ['2024', '2019', '2018', '2017', '2016'], 'filing_type': '10-K'}
Filtering with params: {'company': ['NVDA'], 'year': ['2024', '2019', '2018', '2017', '2016'], 'filing_type': '10-K'}
Total documents in corpus: 3668
Filter 'company': 3668 matches
Filter 'year': 1227 matches
Filter 'filing_type': 3668 matches
Final matching documents: 1227
Reverted query to be: The company in question is NVIDIA, also referred to by its stock symbol NVDA. The current year is 2024. Answer the following question using NVDA's 10-K filings, ensuring that you infer a relevant timeframe from the question. If the question asks about changes, trends, or comparisons, determine the appropriate range of years based on the current year and extract relevant information accordingly. If no specific year is mentioned, consider the past five years unless context suggests otherwise. The question is: Has the company implemented or adjusted carbon neutrality goals?
Response:  According to the provided context, specifically Document 3 from NVDA's 10-K filing for the year 2024, NVIDIA has set goals related to environmental sustainability. The company aims to purchase 100% of its global electricity usage through renewable energy by the end of fiscal year 2025. This indicates that NVIDIA has indeed implemented a carbon neutrality goal, aiming to match its electricity usage with renewable energy sources. The context does not provide specific data from the years 2023 or 2019, but the goal mentioned is for the fiscal year 2025, which falls within the five-year range from the current year 2024. Therefore, based on the available information, NVIDIA has a stated goal for achieving carbon neutrality by 2025.
--------------------------------------------------------------------------------

Query: The company in question is NVIDIA, also referred to by its stock symbol NVDA. The current year is 2024. Answer the following question using NVDA's 10-K filings, ensuring that you infer a relevant timeframe from the question. If the question asks about changes, trends, or comparisons, determine the appropriate range of years based on the current year and extract relevant information accordingly. If no specific year is mentioned, consider the past five years unless context suggests otherwise. The question is: Have changes in ESG priorities impacted investor sentiment toward the company?
Edited query to be: The company in question is NVIDIA, also referred to by its stock symbol NVDA. The current year is 2024. Answer the following question using NVDA's 10-K filings, ensuring that you infer a relevant timeframe from the question. If the question asks about changes, trends, or comparisons, determine the appropriate range of years based on the current year and extract relevant information accordingly. If no specific year is mentioned, consider the past five years unless context suggests otherwise. The question is: Have changes in ESG priorities impacted investor sentiment toward the company?
Extracted filters: {'company': 'NVIDIA', 'years': [2024, 2019, 2018, 2017, 2016], 'filing_type': '10-K', 'year_comparison': True}
Attempting to locate documents with the filters and query: The company in question is NVIDIA, also referred to by its stock symbol NVDA. The current year is 2024. Answer the following question using NVDA's 10-K filings, ensuring that you infer a relevant timeframe from the question. If the question asks about changes, trends, or comparisons, determine the appropriate range of years based on the current year and extract relevant information accordingly. If no specific year is mentioned, consider the past five years unless context suggests otherwise. The question is: Have changes in ESG priorities impacted investor sentiment toward the company? {'company': ['NVDA'], 'year': ['2024', '2019', '2018', '2017', '2016'], 'filing_type': '10-K'}
Filtering with params: {'company': ['NVDA'], 'year': ['2024', '2019', '2018', '2017', '2016'], 'filing_type': '10-K'}
Total documents in corpus: 3668
Filter 'company': 3668 matches
Filter 'year': 1227 matches
Filter 'filing_type': 3668 matches
Final matching documents: 1227
Reverted query to be: The company in question is NVIDIA, also referred to by its stock symbol NVDA. The current year is 2024. Answer the following question using NVDA's 10-K filings, ensuring that you infer a relevant timeframe from the question. If the question asks about changes, trends, or comparisons, determine the appropriate range of years based on the current year and extract relevant information accordingly. If no specific year is mentioned, consider the past five years unless context suggests otherwise. The question is: Have changes in ESG priorities impacted investor sentiment toward the company?
Response:  The provided context does not contain explicit information regarding changes in Environmental, Social, and Governance (ESG) priorities or their impact on investor sentiment toward NVIDIA (NVDA) specifically for the year 2024. The documents cited include NVDA's 10-K filings from 2015, 2016, 2018, and 2023. To analyze changes in ESG priorities and their impact on investor sentiment for the year 2024, one would need access to more recent data or reports from NVIDIA that are not included in the provided context.

Given the available information, we can only discuss trends and data up to 2023. For instance, we can compare the financial performance from 2015 to 2023:

- Revenue increased from $5,010 million in 2015 to $9,714 million in 2018, then the context does not provide figures for subsequent years up to 2023.
- Net income rose from $614 million in 2016 to $3,047 million in 2018.

However, without data from 2024 or discussions on ESG priorities and investor sentiment changes in the provided documents, we cannot infer or analyze the impact of ESG priorities on investor sentiment for the year 2024. Any analysis for 2024 would require additional, up-to-date information that is not present in the given context.

For a complete assessment of ESG priorities and their impact on investor sentiment for 2024, it would be necessary to review NVIDIA's latest reports, investor communications, and market analyses post-2023.
--------------------------------------------------------------------------------

Query: The company in question is NVIDIA, also referred to by its stock symbol NVDA. The current year is 2024. Answer the following question using NVDA's 10-K filings, ensuring that you infer a relevant timeframe from the question. If the question asks about changes, trends, or comparisons, determine the appropriate range of years based on the current year and extract relevant information accordingly. If no specific year is mentioned, consider the past five years unless context suggests otherwise. The question is: How have customer preferences influenced product development?
Edited query to be: The company in question is NVIDIA, also referred to by its stock symbol NVDA. The current year is 2024. Answer the following question using NVDA's 10-K filings, ensuring that you infer a relevant timeframe from the question. If the question asks about changes, trends, or comparisons, determine the appropriate range of years based on the current year and extract relevant information accordingly. If no specific year is mentioned, consider the past five years unless context suggests otherwise. The question is: How have customer preferences influenced product development?
Extracted filters: {'company': 'NVIDIA', 'years': [2024, 2019, 2018, 2017, 2016], 'filing_type': '10-K', 'year_comparison': True}
Attempting to locate documents with the filters and query: The company in question is NVIDIA, also referred to by its stock symbol NVDA. The current year is 2024. Answer the following question using NVDA's 10-K filings, ensuring that you infer a relevant timeframe from the question. If the question asks about changes, trends, or comparisons, determine the appropriate range of years based on the current year and extract relevant information accordingly. If no specific year is mentioned, consider the past five years unless context suggests otherwise. The question is: How have customer preferences influenced product development? {'company': ['NVDA'], 'year': ['2024', '2019', '2018', '2017', '2016'], 'filing_type': '10-K'}
Filtering with params: {'company': ['NVDA'], 'year': ['2024', '2019', '2018', '2017', '2016'], 'filing_type': '10-K'}
Total documents in corpus: 3668
Filter 'company': 3668 matches
Filter 'year': 1227 matches
Filter 'filing_type': 3668 matches
Final matching documents: 1227
Reverted query to be: The company in question is NVIDIA, also referred to by its stock symbol NVDA. The current year is 2024. Answer the following question using NVDA's 10-K filings, ensuring that you infer a relevant timeframe from the question. If the question asks about changes, trends, or comparisons, determine the appropriate range of years based on the current year and extract relevant information accordingly. If no specific year is mentioned, consider the past five years unless context suggests otherwise. The question is: How have customer preferences influenced product development?
Response:  The provided context does not include specific details about customer preferences influencing product development for NVIDIA (NVDA) in the year 2024. The documents cited are from the years 2015, 2016, 2019, 2020, and 2023. To analyze how customer preferences have influenced product development for NVIDIA in 2024, we would need data or information from NVDA's 10-K filings or other reports from 2024, which are not provided in the given context. Therefore, we cannot infer or provide an analysis based on the current year's data. 

For a comprehensive understanding of customer preferences influencing product development for NVIDIA in 2024, it would be necessary to review the company's most recent filings or public statements from the year in question.

Reference:
- NVDA 10-K 2023
- NVDA 10-K 2020
- NVDA 10-K 2019
- NVDA 10-K 2018
- NVDA 10-K 2016

(Note: The year 2024 is not covered in the provided context, hence no analysis can be provided for that year.)
--------------------------------------------------------------------------------

Query: The company in question is NVIDIA, also referred to by its stock symbol NVDA. The current year is 2024. Answer the following question using NVDA's 10-K filings, ensuring that you infer a relevant timeframe from the question. If the question asks about changes, trends, or comparisons, determine the appropriate range of years based on the current year and extract relevant information accordingly. If no specific year is mentioned, consider the past five years unless context suggests otherwise. The question is: Has the company changed its target customer base?
Edited query to be: The company in question is NVIDIA, also referred to by its stock symbol NVDA. The current year is 2024. Answer the following question using NVDA's 10-K filings, ensuring that you infer a relevant timeframe from the question. If the question asks about changes, trends, or comparisons, determine the appropriate range of years based on the current year and extract relevant information accordingly. If no specific year is mentioned, consider the past five years unless context suggests otherwise. The question is: Has the company changed its target customer base?
Extracted filters: {'company': 'NVIDIA', 'years': [2024, 2019, 2018, 2017, 2016], 'filing_type': '10-K', 'year_comparison': True}
Attempting to locate documents with the filters and query: The company in question is NVIDIA, also referred to by its stock symbol NVDA. The current year is 2024. Answer the following question using NVDA's 10-K filings, ensuring that you infer a relevant timeframe from the question. If the question asks about changes, trends, or comparisons, determine the appropriate range of years based on the current year and extract relevant information accordingly. If no specific year is mentioned, consider the past five years unless context suggests otherwise. The question is: Has the company changed its target customer base? {'company': ['NVDA'], 'year': ['2024', '2019', '2018', '2017', '2016'], 'filing_type': '10-K'}
Filtering with params: {'company': ['NVDA'], 'year': ['2024', '2019', '2018', '2017', '2016'], 'filing_type': '10-K'}
Total documents in corpus: 3668
Filter 'company': 3668 matches
Filter 'year': 1227 matches
Filter 'filing_type': 3668 matches
Final matching documents: 1227
Reverted query to be: The company in question is NVIDIA, also referred to by its stock symbol NVDA. The current year is 2024. Answer the following question using NVDA's 10-K filings, ensuring that you infer a relevant timeframe from the question. If the question asks about changes, trends, or comparisons, determine the appropriate range of years based on the current year and extract relevant information accordingly. If no specific year is mentioned, consider the past five years unless context suggests otherwise. The question is: Has the company changed its target customer base?
Response:  The provided context does not explicitly mention any changes in the company's target customer base. The documents cited from NVDA's 10-K filings discuss various aspects of the company's operations, including data retention policies, contractual requirements, revenue recognition, and financial statements from different years (2015, 2016, 2020, 2023, and 2024). However, they do not provide specific information regarding shifts in the company's target customer demographics or markets.

Given the lack of direct information in the provided context, it is not possible to definitively answer whether NVIDIA (NVDA) has changed its target customer base based solely on the given documents. To accurately determine any changes in the target customer base, one would need to analyze additional internal company documents, market analysis, or press releases that discuss strategic shifts in customer engagement or market focus.

If you are looking for trends or comparisons, the documents from the years 2015 to 2024 could be used to assess the company's performance and market position over time. However, without specific details on customer base changes, we cannot draw a conclusion from the provided documents.

For the most accurate and up-to-date information, it is recommended to review NVIDIA's recent annual reports, investor relations communications, or industry analyses that might shed light on any strategic shifts in their target customer base.
--------------------------------------------------------------------------------

Query: The company in question is NVIDIA, also referred to by its stock symbol NVDA. The current year is 2024. Answer the following question using NVDA's 10-K filings, ensuring that you infer a relevant timeframe from the question. If the question asks about changes, trends, or comparisons, determine the appropriate range of years based on the current year and extract relevant information accordingly. If no specific year is mentioned, consider the past five years unless context suggests otherwise. The question is: Have changes in consumer behavior affected the company’s marketing strategy?
Edited query to be: The company in question is NVIDIA, also referred to by its stock symbol NVDA. The current year is 2024. Answer the following question using NVDA's 10-K filings, ensuring that you infer a relevant timeframe from the question. If the question asks about changes, trends, or comparisons, determine the appropriate range of years based on the current year and extract relevant information accordingly. If no specific year is mentioned, consider the past five years unless context suggests otherwise. The question is: Have changes in consumer behavior affected the company’s marketing strategy?
Extracted filters: {'company': 'NVIDIA', 'years': [2024, 2019, 2018, 2017, 2016], 'filing_type': '10-K', 'year_comparison': True}
Attempting to locate documents with the filters and query: The company in question is NVIDIA, also referred to by its stock symbol NVDA. The current year is 2024. Answer the following question using NVDA's 10-K filings, ensuring that you infer a relevant timeframe from the question. If the question asks about changes, trends, or comparisons, determine the appropriate range of years based on the current year and extract relevant information accordingly. If no specific year is mentioned, consider the past five years unless context suggests otherwise. The question is: Have changes in consumer behavior affected the company’s marketing strategy? {'company': ['NVDA'], 'year': ['2024', '2019', '2018', '2017', '2016'], 'filing_type': '10-K'}
Filtering with params: {'company': ['NVDA'], 'year': ['2024', '2019', '2018', '2017', '2016'], 'filing_type': '10-K'}
Total documents in corpus: 3668
Filter 'company': 3668 matches
Filter 'year': 1227 matches
Filter 'filing_type': 3668 matches
Final matching documents: 1227
Reverted query to be: The company in question is NVIDIA, also referred to by its stock symbol NVDA. The current year is 2024. Answer the following question using NVDA's 10-K filings, ensuring that you infer a relevant timeframe from the question. If the question asks about changes, trends, or comparisons, determine the appropriate range of years based on the current year and extract relevant information accordingly. If no specific year is mentioned, consider the past five years unless context suggests otherwise. The question is: Have changes in consumer behavior affected the company’s marketing strategy?
Response:  The provided context includes NVIDIA's (NVDA) 10-K filings for the years 2015, 2016, 2019, 2020, and 2023. To analyze changes in consumer behavior and its impact on NVIDIA's marketing strategy, we can compare the information from these years.

In the 2015 10-K filing, NVIDIA is described as offering visual computing platforms targeting markets such as Gaming, Professional Visualization, Datacenter, and Automotive. The company's success is tied to its ability to develop new products, services, and technologies that meet evolving market needs and achieve market acceptance.

The 2016 10-K filing mentions the same target markets and emphasizes the importance of identifying and developing new products, services, and technologies to stay competitive. It also notes the competitive nature of these markets and the potential harm to the business if it fails to anticipate changing needs and emerging technology trends.

The 2019 10-K filing continues to highlight the competitive nature of the markets and the importance of adapting to changing needs and technology trends. It also mentions the company's reliance on its ability to develop new products and services.

The 2020 10-K filing does not specifically mention consumer behavior or marketing strategy. However, it provides financial data, including revenue, cost of revenue, gross profit, and income before income tax. Comparing the figures from 2019 and 2020, we can observe the following:

Revenue:
- 2019: $11,716 million
- 2020: $10,918 million

Cost of revenue:
- 2019: $4,545 million
- 2020: $4,150 million

Gross profit:
- 2019: $7,171 million
- 2020: $6,768 million

Income before income tax:
- 2019: $3,804 million
- 2020: $2,846 million

Based on this comparison, there is a slight decrease in revenue and gross profit from 2019 to 2020, which could potentially indicate changes in consumer behavior or market demand. However, without specific information on marketing strategy changes or consumer behavior trends in the 2020 10-K filing, it is challenging to directly infer the impact on NVIDIA's marketing strategy.

The 2023 10-K filing does not provide specific details on consumer behavior or marketing strategy. It focuses on the company's adherence to the Privacy Shield Principles and data retention practices.

In conclusion, based on the available information from the 2015, 2016, and 2019 10-K filings, there is a slight decline in revenue and gross profit from 2019 to 2020, which could suggest changes in consumer behavior. However, without explicit details on marketing strategy changes or consumer behavior trends in the 2020 and 2023 filings, it is difficult to definitively determine the impact on NVIDIA's marketing strategy. To gain a more comprehensive understanding, it would be beneficial to analyze the 2020 and 2023 10-K filings, if available, and consider additional sources of information.
--------------------------------------------------------------------------------

Query: The company in question is NVIDIA, also referred to by its stock symbol NVDA. The current year is 2024. Answer the following question using NVDA's 10-K filings, ensuring that you infer a relevant timeframe from the question. If the question asks about changes, trends, or comparisons, determine the appropriate range of years based on the current year and extract relevant information accordingly. If no specific year is mentioned, consider the past five years unless context suggests otherwise. The question is: Has the company responded to shifts in digital commerce trends?
Edited query to be: The company in question is NVIDIA, also referred to by its stock symbol NVDA. The current year is 2024. Answer the following question using NVDA's 10-K filings, ensuring that you infer a relevant timeframe from the question. If the question asks about changes, trends, or comparisons, determine the appropriate range of years based on the current year and extract relevant information accordingly. If no specific year is mentioned, consider the past five years unless context suggests otherwise. The question is: Has the company responded to shifts in digital commerce trends?
Extracted filters: {'company': 'NVIDIA', 'years': [2024, 2019, 2018, 2017, 2016], 'filing_type': '10-K', 'year_comparison': True}
Attempting to locate documents with the filters and query: The company in question is NVIDIA, also referred to by its stock symbol NVDA. The current year is 2024. Answer the following question using NVDA's 10-K filings, ensuring that you infer a relevant timeframe from the question. If the question asks about changes, trends, or comparisons, determine the appropriate range of years based on the current year and extract relevant information accordingly. If no specific year is mentioned, consider the past five years unless context suggests otherwise. The question is: Has the company responded to shifts in digital commerce trends? {'company': ['NVDA'], 'year': ['2024', '2019', '2018', '2017', '2016'], 'filing_type': '10-K'}
Filtering with params: {'company': ['NVDA'], 'year': ['2024', '2019', '2018', '2017', '2016'], 'filing_type': '10-K'}
Total documents in corpus: 3668
Filter 'company': 3668 matches
Filter 'year': 1227 matches
Filter 'filing_type': 3668 matches
Final matching documents: 1227
Reverted query to be: The company in question is NVIDIA, also referred to by its stock symbol NVDA. The current year is 2024. Answer the following question using NVDA's 10-K filings, ensuring that you infer a relevant timeframe from the question. If the question asks about changes, trends, or comparisons, determine the appropriate range of years based on the current year and extract relevant information accordingly. If no specific year is mentioned, consider the past five years unless context suggests otherwise. The question is: Has the company responded to shifts in digital commerce trends?
Response:  Based on the provided context, we have financial data from NVIDIA (NVDA) for the years 2016, 2020, and 2024. To assess the company's response to shifts in digital commerce trends, we can look at the revenue recognition policies and changes in estimated useful lives of assets as these may reflect adaptations to the evolving digital commerce landscape.

From Document 2 (NVDA 10-K 2016), we see that NVIDIA recognizes revenue from product sales when there is a persuasive evidence of an arrangement, the product is delivered, and the price is fixed or determinable. The company also accounts for rebates as a reduction of revenue, recognizing a liability for these rebates when the related revenue is recorded.

In Document 3 (NVDA 10-K 2024), there's a mention of an increase in the estimated useful life of most server, storage, and network equipment from three to four or five years, resulting in a benefit of $135 million for cost of revenue and operating expenses, and an increase in operating income of $114 million after tax. This adjustment in asset life estimates suggests that NVIDIA has responded to technological advancements and changes in usage rates, which are factors related to digital commerce trends.

Comparing the two documents, between 2016 and 2024, NVIDIA has increased the estimated useful life of significant assets, indicating a strategic response to longer-term asset utilization in the digital commerce sector. This change in estimates could be seen as an adaptation to the evolving digital commerce environment, where technology and infrastructure may have longer useful lives due to improvements and efficiency gains.

To summarize, based on the information from the 2016 and 2024 NVDA 10-K filings, NVIDIA appears to have responded to shifts in digital commerce trends by adjusting the estimated useful lives of their assets, which could be indicative of their strategy to align with longer-term technological developments and efficiencies in the digital commerce sector.

Please note that this analysis is limited to the provided context and the years mentioned. A more comprehensive evaluation would require additional data and analysis beyond the scope of these documents.
--------------------------------------------------------------------------------

Query: The company in question is NVIDIA, also referred to by its stock symbol NVDA. The current year is 2024. Answer the following question using NVDA's 10-K filings, ensuring that you infer a relevant timeframe from the question. If the question asks about changes, trends, or comparisons, determine the appropriate range of years based on the current year and extract relevant information accordingly. If no specific year is mentioned, consider the past five years unless context suggests otherwise. The question is: How has the company adjusted pricing strategies in response to inflation or recession concerns?
Edited query to be: The company in question is NVIDIA, also referred to by its stock symbol NVDA. The current year is 2024. Answer the following question using NVDA's 10-K filings, ensuring that you infer a relevant timeframe from the question. If the question asks about changes, trends, or comparisons, determine the appropriate range of years based on the current year and extract relevant information accordingly. If no specific year is mentioned, consider the past five years unless context suggests otherwise. The question is: How has the company adjusted pricing strategies in response to inflation or recession concerns?
Extracted filters: {'company': 'NVIDIA', 'years': [2024, 2023, 2022, 2021, 2020], 'filing_type': '10-K', 'year_comparison': True}
Attempting to locate documents with the filters and query: The company in question is NVIDIA, also referred to by its stock symbol NVDA. The current year is 2024. Answer the following question using NVDA's 10-K filings, ensuring that you infer a relevant timeframe from the question. If the question asks about changes, trends, or comparisons, determine the appropriate range of years based on the current year and extract relevant information accordingly. If no specific year is mentioned, consider the past five years unless context suggests otherwise. The question is: How has the company adjusted pricing strategies in response to inflation or recession concerns? {'company': ['NVDA'], 'year': ['2024', '2023', '2022', '2021', '2020'], 'filing_type': '10-K'}
Filtering with params: {'company': ['NVDA'], 'year': ['2024', '2023', '2022', '2021', '2020'], 'filing_type': '10-K'}
Total documents in corpus: 3668
Filter 'company': 3668 matches
Filter 'year': 829 matches
Filter 'filing_type': 3668 matches
Final matching documents: 829
Reverted query to be: The company in question is NVIDIA, also referred to by its stock symbol NVDA. The current year is 2024. Answer the following question using NVDA's 10-K filings, ensuring that you infer a relevant timeframe from the question. If the question asks about changes, trends, or comparisons, determine the appropriate range of years based on the current year and extract relevant information accordingly. If no specific year is mentioned, consider the past five years unless context suggests otherwise. The question is: How has the company adjusted pricing strategies in response to inflation or recession concerns?
Response:  The provided context does not include specific information regarding NVIDIA's (NVDA) pricing strategies in response to inflation or recession concerns. The documents cited are financial statements and disclosures related to data privacy, inventory management, and auditor's reports for the years 2019, 2020, 2022, and 2024. To answer the question about adjustments in pricing strategies due to economic conditions such as inflation or recession, additional information or a different context would be required. Without relevant data from the NVDA 10-K filings or other sources that discuss pricing strategies, it is not possible to infer or analyze such trends or changes.

Reference: NVDA 10-K 2024
--------------------------------------------------------------------------------

Query: The company in question is NVIDIA, also referred to by its stock symbol NVDA. The current year is 2024. Answer the following question using NVDA's 10-K filings, ensuring that you infer a relevant timeframe from the question. If the question asks about changes, trends, or comparisons, determine the appropriate range of years based on the current year and extract relevant information accordingly. If no specific year is mentioned, consider the past five years unless context suggests otherwise. The question is: Have there been significant changes in customer loyalty or churn rates?
Edited query to be: The company in question is NVIDIA, also referred to by its stock symbol NVDA. The current year is 2024. Answer the following question using NVDA's 10-K filings, ensuring that you infer a relevant timeframe from the question. If the question asks about changes, trends, or comparisons, determine the appropriate range of years based on the current year and extract relevant information accordingly. If no specific year is mentioned, consider the past five years unless context suggests otherwise. The question is: Have there been significant changes in customer loyalty or churn rates?
Extracted filters: {'company': 'NVIDIA', 'years': [2024, 2019, 2018, 2017, 2016], 'filing_type': '10-K', 'year_comparison': True}
Attempting to locate documents with the filters and query: The company in question is NVIDIA, also referred to by its stock symbol NVDA. The current year is 2024. Answer the following question using NVDA's 10-K filings, ensuring that you infer a relevant timeframe from the question. If the question asks about changes, trends, or comparisons, determine the appropriate range of years based on the current year and extract relevant information accordingly. If no specific year is mentioned, consider the past five years unless context suggests otherwise. The question is: Have there been significant changes in customer loyalty or churn rates? {'company': ['NVDA'], 'year': ['2024', '2019', '2018', '2017', '2016'], 'filing_type': '10-K'}
Filtering with params: {'company': ['NVDA'], 'year': ['2024', '2019', '2018', '2017', '2016'], 'filing_type': '10-K'}
Total documents in corpus: 3668
Filter 'company': 3668 matches
Filter 'year': 1227 matches
Filter 'filing_type': 3668 matches
Final matching documents: 1227
Reverted query to be: The company in question is NVIDIA, also referred to by its stock symbol NVDA. The current year is 2024. Answer the following question using NVDA's 10-K filings, ensuring that you infer a relevant timeframe from the question. If the question asks about changes, trends, or comparisons, determine the appropriate range of years based on the current year and extract relevant information accordingly. If no specific year is mentioned, consider the past five years unless context suggests otherwise. The question is: Have there been significant changes in customer loyalty or churn rates?
Response:  The provided context includes financial data from NVIDIA (NVDA) for the years 2018, 2020, 2023, and 2024. However, the specific information regarding customer loyalty or churn rates is not directly mentioned in the provided documents. The documents focus on data retention, privacy rights, revenue recognition, and financial estimates.

To analyze customer loyalty or churn rates, we would need additional data on customer retention, acquisition, and loss, which is not present in the given context. Therefore, based on the available information, we cannot determine significant changes in customer loyalty or churn rates for NVIDIA in 2024. For a comprehensive analysis, we would need access to customer-related metrics and trends over the years, which are not included in the provided documents.

If you have access to NVDA's 10-K filings or other relevant reports that contain customer retention and churn data, please provide those details, and I can assist you in interpreting the information.
--------------------------------------------------------------------------------

Query: The company in question is NVIDIA, also referred to by its stock symbol NVDA. The current year is 2024. Answer the following question using NVDA's 10-K filings, ensuring that you infer a relevant timeframe from the question. If the question asks about changes, trends, or comparisons, determine the appropriate range of years based on the current year and extract relevant information accordingly. If no specific year is mentioned, consider the past five years unless context suggests otherwise. The question is: How has customer service strategy evolved over time?
Edited query to be: The company in question is NVIDIA, also referred to by its stock symbol NVDA. The current year is 2024. Answer the following question using NVDA's 10-K filings, ensuring that you infer a relevant timeframe from the question. If the question asks about changes, trends, or comparisons, determine the appropriate range of years based on the current year and extract relevant information accordingly. If no specific year is mentioned, consider the past five years unless context suggests otherwise. The question is: How has customer service strategy evolved over time?
Extracted filters: {'company': 'NVIDIA', 'years': [2024, 2019, 2018, 2017, 2016], 'filing_type': '10-K', 'year_comparison': True}
Attempting to locate documents with the filters and query: The company in question is NVIDIA, also referred to by its stock symbol NVDA. The current year is 2024. Answer the following question using NVDA's 10-K filings, ensuring that you infer a relevant timeframe from the question. If the question asks about changes, trends, or comparisons, determine the appropriate range of years based on the current year and extract relevant information accordingly. If no specific year is mentioned, consider the past five years unless context suggests otherwise. The question is: How has customer service strategy evolved over time? {'company': ['NVDA'], 'year': ['2024', '2019', '2018', '2017', '2016'], 'filing_type': '10-K'}
Filtering with params: {'company': ['NVDA'], 'year': ['2024', '2019', '2018', '2017', '2016'], 'filing_type': '10-K'}
Total documents in corpus: 3668
Filter 'company': 3668 matches
Filter 'year': 1227 matches
Filter 'filing_type': 3668 matches
Final matching documents: 1227
Reverted query to be: The company in question is NVIDIA, also referred to by its stock symbol NVDA. The current year is 2024. Answer the following question using NVDA's 10-K filings, ensuring that you infer a relevant timeframe from the question. If the question asks about changes, trends, or comparisons, determine the appropriate range of years based on the current year and extract relevant information accordingly. If no specific year is mentioned, consider the past five years unless context suggests otherwise. The question is: How has customer service strategy evolved over time?
Response:  The provided context does not include explicit details about NVIDIA's customer service strategy or its evolution over time. The documents cited from NVIDIA's 10-K filings focus on various aspects such as data privacy, revenue recognition, product sales, and financial performance, but do not directly address customer service strategies. To understand how NVIDIA's customer service strategy has evolved, one would need to analyze the company's annual reports, press releases, or other documents that specifically discuss customer service initiatives, changes, or strategic developments over the years.

Given the current year is 2024 and considering the typical practice of reviewing the most recent available data for such analysis, it would be advisable to look at NVIDIA's 10-K filings from the past five years, including 2023, to identify any trends or changes in customer service strategy. However, without specific information in the provided context, it is not possible to accurately answer the question about the evolution of NVIDIA's customer service strategy.

For a comprehensive analysis, one would need to review NVIDIA's annual reports or other relevant documents that discuss customer service directly, ideally comparing the strategic approaches, investments, and outcomes across the mentioned years. This would provide insights into how the company has adapted its customer service to meet changing market demands, technological advancements, and customer expectations.

In summary, due to the lack of specific information in the provided context, it is not possible to determine the evolution of NVIDIA's customer service strategy based solely on the documents cited (NVDA 10-K 2023, 2024, 2019, and 2018). Additional research into NVIDIA's annual reports or strategic communications would be necessary to answer this question accurately.
--------------------------------------------------------------------------------

Query: The company in question is NVIDIA, also referred to by its stock symbol NVDA. The current year is 2024. Answer the following question using NVDA's 10-K filings, ensuring that you infer a relevant timeframe from the question. If the question asks about changes, trends, or comparisons, determine the appropriate range of years based on the current year and extract relevant information accordingly. If no specific year is mentioned, consider the past five years unless context suggests otherwise. The question is: Has the company introduced new sales channels?
Edited query to be: The company in question is NVIDIA, also referred to by its stock symbol NVDA. The current year is 2024. Answer the following question using NVDA's 10-K filings, ensuring that you infer a relevant timeframe from the question. If the question asks about changes, trends, or comparisons, determine the appropriate range of years based on the current year and extract relevant information accordingly. If no specific year is mentioned, consider the past five years unless context suggests otherwise. The question is: Has the company introduced new sales channels?
Extracted filters: {'company': 'NVIDIA', 'years': [2024, 2019, 2018, 2017, 2016], 'filing_type': '10-K', 'year_comparison': True}
Attempting to locate documents with the filters and query: The company in question is NVIDIA, also referred to by its stock symbol NVDA. The current year is 2024. Answer the following question using NVDA's 10-K filings, ensuring that you infer a relevant timeframe from the question. If the question asks about changes, trends, or comparisons, determine the appropriate range of years based on the current year and extract relevant information accordingly. If no specific year is mentioned, consider the past five years unless context suggests otherwise. The question is: Has the company introduced new sales channels? {'company': ['NVDA'], 'year': ['2024', '2019', '2018', '2017', '2016'], 'filing_type': '10-K'}
Filtering with params: {'company': ['NVDA'], 'year': ['2024', '2019', '2018', '2017', '2016'], 'filing_type': '10-K'}
Total documents in corpus: 3668
Filter 'company': 3668 matches
Filter 'year': 1227 matches
Filter 'filing_type': 3668 matches
Final matching documents: 1227
Reverted query to be: The company in question is NVIDIA, also referred to by its stock symbol NVDA. The current year is 2024. Answer the following question using NVDA's 10-K filings, ensuring that you infer a relevant timeframe from the question. If the question asks about changes, trends, or comparisons, determine the appropriate range of years based on the current year and extract relevant information accordingly. If no specific year is mentioned, consider the past five years unless context suggests otherwise. The question is: Has the company introduced new sales channels?
Response:  The provided context does not explicitly mention the introduction of new sales channels by NVIDIA (NVDA) in the year 2024. The documents cited include NVDA's 10-K filings for the years 2015, 2016, 2020, and 2023, with a mention of the fiscal year 2024 in the context of revenue recognition and the useful life of assets. However, without specific information in the documents regarding the launch of new sales channels, it is not possible to confirm or deny such an introduction based on the given context. Therefore, based on the available information, we cannot determine if NVIDIA has introduced new sales channels in 2024. Further inquiry into NVDA's business developments or their latest press releases would be necessary to answer this question accurately.
--------------------------------------------------------------------------------

Query: The company in question is NVIDIA, also referred to by its stock symbol NVDA. The current year is 2024. Answer the following question using NVDA's 10-K filings, ensuring that you infer a relevant timeframe from the question. If the question asks about changes, trends, or comparisons, determine the appropriate range of years based on the current year and extract relevant information accordingly. If no specific year is mentioned, consider the past five years unless context suggests otherwise. The question is: Have changes in regulatory requirements affected customer interactions?
Edited query to be: The company in question is NVIDIA, also referred to by its stock symbol NVDA. The current year is 2024. Answer the following question using NVDA's 10-K filings, ensuring that you infer a relevant timeframe from the question. If the question asks about changes, trends, or comparisons, determine the appropriate range of years based on the current year and extract relevant information accordingly. If no specific year is mentioned, consider the past five years unless context suggests otherwise. The question is: Have changes in regulatory requirements affected customer interactions?
Extracted filters: {'company': 'NVIDIA', 'years': [2024, 2019, 2018, 2017, 2016], 'filing_type': '10-K', 'year_comparison': True}
Attempting to locate documents with the filters and query: The company in question is NVIDIA, also referred to by its stock symbol NVDA. The current year is 2024. Answer the following question using NVDA's 10-K filings, ensuring that you infer a relevant timeframe from the question. If the question asks about changes, trends, or comparisons, determine the appropriate range of years based on the current year and extract relevant information accordingly. If no specific year is mentioned, consider the past five years unless context suggests otherwise. The question is: Have changes in regulatory requirements affected customer interactions? {'company': ['NVDA'], 'year': ['2024', '2019', '2018', '2017', '2016'], 'filing_type': '10-K'}
Filtering with params: {'company': ['NVDA'], 'year': ['2024', '2019', '2018', '2017', '2016'], 'filing_type': '10-K'}
Total documents in corpus: 3668
Filter 'company': 3668 matches
Filter 'year': 1227 matches
Filter 'filing_type': 3668 matches
Final matching documents: 1227
Reverted query to be: The company in question is NVIDIA, also referred to by its stock symbol NVDA. The current year is 2024. Answer the following question using NVDA's 10-K filings, ensuring that you infer a relevant timeframe from the question. If the question asks about changes, trends, or comparisons, determine the appropriate range of years based on the current year and extract relevant information accordingly. If no specific year is mentioned, consider the past five years unless context suggests otherwise. The question is: Have changes in regulatory requirements affected customer interactions?
Response:  The provided context includes NVDA's 10-K filings from 2015, 2016, 2019, and 2023. To address the question about changes in regulatory requirements affecting customer interactions, we can look at the data from these years.

From Document 1 (NVDA 10-K 2023), we see that NVDA has adhered to the Privacy Shield Principles for the transfer of personal data from the EU, EEA, Switzerland, and the UK to the United States. The company is also committed to data retention only as long as necessary for implementing, administering, and managing participation in the Plan, as well as complying with legal or regulatory obligations.

In Document 2 (NVDA 10-K 2016), there is a mention of risks related to the business, industry, and partners, including the competitive nature of markets and the need to identify and develop new products, services, and technologies. While it doesn't directly address regulatory changes, it implies that NVDA must stay compliant with evolving industry standards and regulations to maintain competitiveness.

Documents 3 and 4 (NVDA 10-K 2023) include certifications from the company's executives about the accuracy of financial reporting and the effectiveness of internal controls. They do not provide specific details on regulatory changes affecting customer interactions.

Document 5 (NVDA 10-K 2019) presents financial data, including revenue, cost of revenue, and other metrics, but does not discuss regulatory changes or customer interactions.

Based on the available information from 2015 to 2023, we can infer that NVDA has been committed to complying with data protection laws and privacy regulations, which are part of regulatory requirements. However, the specific impact of regulatory changes on customer interactions is not detailed in the provided context. To fully answer this question, we would need more recent data or additional context beyond the five-year range mentioned.

In summary, while NVDA has shown a commitment to compliance with privacy and data protection regulations, the provided context does not contain explicit details on how regulatory changes have affected customer interactions between 2015 and 2023. Additional information or recent filings would be necessary to provide a comprehensive analysis of this issue.
--------------------------------------------------------------------------------

Query: The company in question is NVIDIA, also referred to by its stock symbol NVDA. The current year is 2024. Answer the following question using NVDA's 10-K filings, ensuring that you infer a relevant timeframe from the question. If the question asks about changes, trends, or comparisons, determine the appropriate range of years based on the current year and extract relevant information accordingly. If no specific year is mentioned, consider the past five years unless context suggests otherwise. The question is: Has the company responded to shifts in generational consumer preferences?
Edited query to be: The company in question is NVIDIA, also referred to by its stock symbol NVDA. The current year is 2024. Answer the following question using NVDA's 10-K filings, ensuring that you infer a relevant timeframe from the question. If the question asks about changes, trends, or comparisons, determine the appropriate range of years based on the current year and extract relevant information accordingly. If no specific year is mentioned, consider the past five years unless context suggests otherwise. The question is: Has the company responded to shifts in generational consumer preferences?
Extracted filters: {'company': 'NVIDIA', 'years': [2024, 2019, 2018, 2017, 2016], 'filing_type': '10-K', 'year_comparison': True}
Attempting to locate documents with the filters and query: The company in question is NVIDIA, also referred to by its stock symbol NVDA. The current year is 2024. Answer the following question using NVDA's 10-K filings, ensuring that you infer a relevant timeframe from the question. If the question asks about changes, trends, or comparisons, determine the appropriate range of years based on the current year and extract relevant information accordingly. If no specific year is mentioned, consider the past five years unless context suggests otherwise. The question is: Has the company responded to shifts in generational consumer preferences? {'company': ['NVDA'], 'year': ['2024', '2019', '2018', '2017', '2016'], 'filing_type': '10-K'}
Filtering with params: {'company': ['NVDA'], 'year': ['2024', '2019', '2018', '2017', '2016'], 'filing_type': '10-K'}
Total documents in corpus: 3668
Filter 'company': 3668 matches
Filter 'year': 1227 matches
Filter 'filing_type': 3668 matches
Final matching documents: 1227
Reverted query to be: The company in question is NVIDIA, also referred to by its stock symbol NVDA. The current year is 2024. Answer the following question using NVDA's 10-K filings, ensuring that you infer a relevant timeframe from the question. If the question asks about changes, trends, or comparisons, determine the appropriate range of years based on the current year and extract relevant information accordingly. If no specific year is mentioned, consider the past five years unless context suggests otherwise. The question is: Has the company responded to shifts in generational consumer preferences?
Response:  The provided context does not explicitly mention the company's response to shifts in generational consumer preferences. The NVDA 10-K filings referenced span from 2015 to 2024, but there is no direct information given regarding how NVIDIA (NVDA) has adapted to or responded to changes in generational consumer preferences within these documents. To accurately answer this question, one would need to analyze NVDA's business strategies, product developments, and market trends from these filings or additional company reports that discuss consumer behavior and market adaptation.

Given the lack of specific details in the provided context, it is not possible to infer NVDA's response to generational consumer shifts from the given documents. Further examination of the company's strategic initiatives, market research, and product innovation efforts within the 2015-2024 timeframe would be required to determine their adaptability to generational consumer trends.

For a comprehensive analysis, one might look at NVDA's product launches, marketing strategies, and any shifts in their target demographics or customer engagement tactics outlined in their annual reports or press releases during this period. Additionally, industry analyses and consumer behavior studies could provide insights into how NVDA's offerings align with the preferences of different generational cohorts.

Without direct information from the NVDA 10-K filings or other company documents, any answer would be speculative and should be approached with caution. It is recommended to review the latest available reports or seek out industry expert analysis for a more informed perspective on NVDA's response to generational consumer preferences.
--------------------------------------------------------------------------------

Query: The company in question is NVIDIA, also referred to by its stock symbol NVDA. The current year is 2024. Answer the following question using NVDA's 10-K filings, ensuring that you infer a relevant timeframe from the question. If the question asks about changes, trends, or comparisons, determine the appropriate range of years based on the current year and extract relevant information accordingly. If no specific year is mentioned, consider the past five years unless context suggests otherwise. The question is: How has the company’s R&D investment changed over time?
Edited query to be: The company in question is NVIDIA, also referred to by its stock symbol NVDA. The current year is 2024. Answer the following question using NVDA's 10-K filings, ensuring that you infer a relevant timeframe from the question. If the question asks about changes, trends, or comparisons, determine the appropriate range of years based on the current year and extract relevant information accordingly. If no specific year is mentioned, consider the past five years unless context suggests otherwise. The question is: How has the company’s R&D investment changed over time?
Extracted filters: {'company': 'NVIDIA', 'years': [2024, 2019, 2018, 2017, 2016, 2015, 2014, 2013, 2012, 2011], 'filing_type': '10-K', 'year_comparison': True}
Attempting to locate documents with the filters and query: The company in question is NVIDIA, also referred to by its stock symbol NVDA. The current year is 2024. Answer the following question using NVDA's 10-K filings, ensuring that you infer a relevant timeframe from the question. If the question asks about changes, trends, or comparisons, determine the appropriate range of years based on the current year and extract relevant information accordingly. If no specific year is mentioned, consider the past five years unless context suggests otherwise. The question is: How has the company’s R&D investment changed over time? {'company': ['NVDA'], 'year': ['2024', '2019', '2018', '2017', '2016', '2015', '2014', '2013', '2012', '2011'], 'filing_type': '10-K'}
Filtering with params: {'company': ['NVDA'], 'year': ['2024', '2019', '2018', '2017', '2016', '2015', '2014', '2013', '2012', '2011'], 'filing_type': '10-K'}
Total documents in corpus: 3668
Filter 'company': 3668 matches
Filter 'year': 1987 matches
Filter 'filing_type': 3668 matches
Final matching documents: 1987
Reverted query to be: The company in question is NVIDIA, also referred to by its stock symbol NVDA. The current year is 2024. Answer the following question using NVDA's 10-K filings, ensuring that you infer a relevant timeframe from the question. If the question asks about changes, trends, or comparisons, determine the appropriate range of years based on the current year and extract relevant information accordingly. If no specific year is mentioned, consider the past five years unless context suggests otherwise. The question is: How has the company’s R&D investment changed over time?
Response:  The provided context includes NVDA's 10-K filings for the years 2011, 2016, 2019, and 2023. To analyze the changes in the company's R&D investment over time, we would need to look at the financial data related to research and development expenses across these years. However, the specific R&D investment figures are not directly mentioned in the provided context.

Given the years available, we can observe the following:

- In 2011, NVDA (NVIDIA) had a significant R&D investment related to the repurchase of common stock and issuance of convertible notes, among other activities.
- By 2016, the company had continued to invest in R&D, as indicated by the investing activities and cash flows from financing activities.
- In 2019, the company's R&D investment trend is not explicitly mentioned, but we can infer from the overall financial activities, such as proceeds from issuance of convertible notes and payments related to repurchases of common stock.
- The most recent data from 2023 shows that NVDA has ongoing R&D investments, as part of their operations and financial strategies.

To accurately determine the change in R&D investment over time, we would need the specific R&D expense figures from each of these years. Since these figures are not provided in the context, we cannot calculate the exact change or trend. For a comprehensive analysis, one would need to access the detailed notes of the consolidated financial statements for NVDA from each of these years, focusing on the R&D expense line items.

For a more precise answer, please provide the R&D expense figures from the 10-K filings for the years 2011, 2016, 2019, and 2023, or allow for a broader range of years up to 2024 to include more recent data.

Remember, for a detailed analysis, refer to the R&D expense line items in the consolidated financial statements of NVDA for the years 2011, 2016, 2019, and 2023, and if possible, include data up to 2024.
--------------------------------------------------------------------------------

Query: The company in question is NVIDIA, also referred to by its stock symbol NVDA. The current year is 2024. Answer the following question using NVDA's 10-K filings, ensuring that you infer a relevant timeframe from the question. If the question asks about changes, trends, or comparisons, determine the appropriate range of years based on the current year and extract relevant information accordingly. If no specific year is mentioned, consider the past five years unless context suggests otherwise. The question is: Has the company introduced significant patents or proprietary technology?
Edited query to be: The company in question is NVIDIA, also referred to by its stock symbol NVDA. The current year is 2024. Answer the following question using NVDA's 10-K filings, ensuring that you infer a relevant timeframe from the question. If the question asks about changes, trends, or comparisons, determine the appropriate range of years based on the current year and extract relevant information accordingly. If no specific year is mentioned, consider the past five years unless context suggests otherwise. The question is: Has the company introduced significant patents or proprietary technology?
Extracted filters: {'company': 'NVIDIA', 'years': [2024, 2023, 2022, 2021, 2020], 'filing_type': '10-K', 'year_comparison': True}
Attempting to locate documents with the filters and query: The company in question is NVIDIA, also referred to by its stock symbol NVDA. The current year is 2024. Answer the following question using NVDA's 10-K filings, ensuring that you infer a relevant timeframe from the question. If the question asks about changes, trends, or comparisons, determine the appropriate range of years based on the current year and extract relevant information accordingly. If no specific year is mentioned, consider the past five years unless context suggests otherwise. The question is: Has the company introduced significant patents or proprietary technology? {'company': ['NVDA'], 'year': ['2024', '2023', '2022', '2021', '2020'], 'filing_type': '10-K'}
Filtering with params: {'company': ['NVDA'], 'year': ['2024', '2023', '2022', '2021', '2020'], 'filing_type': '10-K'}
Total documents in corpus: 3668
Filter 'company': 3668 matches
Filter 'year': 829 matches
Filter 'filing_type': 3668 matches
Final matching documents: 829
Reverted query to be: The company in question is NVIDIA, also referred to by its stock symbol NVDA. The current year is 2024. Answer the following question using NVDA's 10-K filings, ensuring that you infer a relevant timeframe from the question. If the question asks about changes, trends, or comparisons, determine the appropriate range of years based on the current year and extract relevant information accordingly. If no specific year is mentioned, consider the past five years unless context suggests otherwise. The question is: Has the company introduced significant patents or proprietary technology?
Response:  The provided context does not include specific information regarding the introduction of significant patents or proprietary technology by NVIDIA (NVDA) in the year 2024 or any comparative analysis with previous years. To answer this question accurately, one would need to review NVDA's 10-K filings or other relevant documents that detail the company's intellectual property developments and innovations for the year 2024. Without such data, it is not possible to infer or determine the introduction of significant patents or proprietary technology based on the given context.
--------------------------------------------------------------------------------

Query: The company in question is NVIDIA, also referred to by its stock symbol NVDA. The current year is 2024. Answer the following question using NVDA's 10-K filings, ensuring that you infer a relevant timeframe from the question. If the question asks about changes, trends, or comparisons, determine the appropriate range of years based on the current year and extract relevant information accordingly. If no specific year is mentioned, consider the past five years unless context suggests otherwise. The question is: Have there been notable changes in the company's innovation strategy?
Edited query to be: The company in question is NVIDIA, also referred to by its stock symbol NVDA. The current year is 2024. Answer the following question using NVDA's 10-K filings, ensuring that you infer a relevant timeframe from the question. If the question asks about changes, trends, or comparisons, determine the appropriate range of years based on the current year and extract relevant information accordingly. If no specific year is mentioned, consider the past five years unless context suggests otherwise. The question is: Have there been notable changes in the company's innovation strategy?
Extracted filters: {'company': 'NVIDIA', 'years': [2024, 2019, 2018, 2017, 2016], 'filing_type': '10-K', 'year_comparison': True}
Attempting to locate documents with the filters and query: The company in question is NVIDIA, also referred to by its stock symbol NVDA. The current year is 2024. Answer the following question using NVDA's 10-K filings, ensuring that you infer a relevant timeframe from the question. If the question asks about changes, trends, or comparisons, determine the appropriate range of years based on the current year and extract relevant information accordingly. If no specific year is mentioned, consider the past five years unless context suggests otherwise. The question is: Have there been notable changes in the company's innovation strategy? {'company': ['NVDA'], 'year': ['2024', '2019', '2018', '2017', '2016'], 'filing_type': '10-K'}
Filtering with params: {'company': ['NVDA'], 'year': ['2024', '2019', '2018', '2017', '2016'], 'filing_type': '10-K'}
Total documents in corpus: 3668
Filter 'company': 3668 matches
Filter 'year': 1227 matches
Filter 'filing_type': 3668 matches
Final matching documents: 1227
Reverted query to be: The company in question is NVIDIA, also referred to by its stock symbol NVDA. The current year is 2024. Answer the following question using NVDA's 10-K filings, ensuring that you infer a relevant timeframe from the question. If the question asks about changes, trends, or comparisons, determine the appropriate range of years based on the current year and extract relevant information accordingly. If no specific year is mentioned, consider the past five years unless context suggests otherwise. The question is: Have there been notable changes in the company's innovation strategy?
Response:  To assess notable changes in NVIDIA's (NVDA) innovation strategy based on the provided context, we can compare the information from the 10-K filings of 2020 and 2024.

From the 2020 10-K filing (NVDA 10-K 2020), we have the following relevant information:

- The company's revenue recognition is based on identifying contracts, performance obligations, transaction prices, allocation to performance obligations, and recognition of revenue when performance obligations are satisfied.
- The company's revenue comes from product sales, including hardware, systems, license and development arrangements, software licensing, and cloud services.
- The company has a 401(k) retirement plan and matches employee contributions.
- The company has a segment information note that describes its operating segments: the GPU business and the Tegra Processor business.

From the 2024 10-K filing (NVDA 10-K 2024), we have the following relevant information:

- The company's revenue recognition process remains consistent with the steps outlined in 2020.
- The company still derives revenue from product sales, including hardware, systems, license and development arrangements, software licensing, and cloud services.
- The company's innovation strategy is implied through its product sales, which include hardware and systems, indicating ongoing investment in product development.
- The company's segment information note mentions its GPU and Tegra Processor businesses, which are based on a single underlying graphics architecture. This suggests a focus on unifying architecture for GPUs and Tegra Processors, leveraging visual computing expertise.

Comparing the two documents, there is no explicit mention of a change in innovation strategy between 2020 and 2024. However, the emphasis on a unified architecture for GPUs and Tegra Processors in 2024 could indicate a strategic focus on streamlining and potentially enhancing product offerings.

Without explicit statements about changes in innovation strategy, we cannot definitively state there have been notable changes. Nonetheless, the continuation of product sales and the focus on a unified architecture for GPUs and Tegra Processors suggest that NVIDIA has maintained its commitment to innovation. To gain a more comprehensive understanding of any strategic shifts, one would need to review additional documents or annual reports from NVIDIA beyond the provided context.

In summary, based on the provided context from 2020 and 2024, there is no clear indication of a change in NVIDIA's innovation strategy. The company appears to continue investing in product development and maintaining a focus on unifying its GPU and Tegra Processor offerings. However, without more detailed information or explicit statements, it is challenging to determine the extent of any strategic evolution in innovation.
--------------------------------------------------------------------------------

Query: The company in question is NVIDIA, also referred to by its stock symbol NVDA. The current year is 2024. Answer the following question using NVDA's 10-K filings, ensuring that you infer a relevant timeframe from the question. If the question asks about changes, trends, or comparisons, determine the appropriate range of years based on the current year and extract relevant information accordingly. If no specific year is mentioned, consider the past five years unless context suggests otherwise. The question is: Has the company acquired any intellectual property through M&A?
Edited query to be: The company in question is NVIDIA, also referred to by its stock symbol NVDA. The current year is 2024. Answer the following question using NVDA's 10-K filings, ensuring that you infer a relevant timeframe from the question. If the question asks about changes, trends, or comparisons, determine the appropriate range of years based on the current year and extract relevant information accordingly. If no specific year is mentioned, consider the past five years unless context suggests otherwise. The question is: Has the company acquired any intellectual property through M&A?
Extracted filters: {'company': 'NVIDIA', 'years': [2024, 2019, 2018, 2017, 2016], 'filing_type': '10-K', 'year_comparison': True}
Attempting to locate documents with the filters and query: The company in question is NVIDIA, also referred to by its stock symbol NVDA. The current year is 2024. Answer the following question using NVDA's 10-K filings, ensuring that you infer a relevant timeframe from the question. If the question asks about changes, trends, or comparisons, determine the appropriate range of years based on the current year and extract relevant information accordingly. If no specific year is mentioned, consider the past five years unless context suggests otherwise. The question is: Has the company acquired any intellectual property through M&A? {'company': ['NVDA'], 'year': ['2024', '2019', '2018', '2017', '2016'], 'filing_type': '10-K'}
Filtering with params: {'company': ['NVDA'], 'year': ['2024', '2019', '2018', '2017', '2016'], 'filing_type': '10-K'}
Total documents in corpus: 3668
Filter 'company': 3668 matches
Filter 'year': 1227 matches
Filter 'filing_type': 3668 matches
Final matching documents: 1227
Reverted query to be: The company in question is NVIDIA, also referred to by its stock symbol NVDA. The current year is 2024. Answer the following question using NVDA's 10-K filings, ensuring that you infer a relevant timeframe from the question. If the question asks about changes, trends, or comparisons, determine the appropriate range of years based on the current year and extract relevant information accordingly. If no specific year is mentioned, consider the past five years unless context suggests otherwise. The question is: Has the company acquired any intellectual property through M&A?
Response:  The provided context does not include specific information regarding NVIDIA's acquisition of intellectual property through mergers and acquisitions (M&A) for the year 2024. The documents cited are from the company's 10-K filings for the years 2016, 2018, and 2019, and there is no mention of M&A activities in these documents. To answer this question accurately for the year 2024, one would need to review NVIDIA's most recent 10-K filing or other official company disclosures that discuss their M&A activities. Without the relevant data from the 2024 filing or updates, it is not possible to provide an analysis of changes, trends, or comparisons for that year. Therefore, based on the given context, there is no information available to determine whether NVIDIA has acquired any intellectual property through M&A in 2024.
--------------------------------------------------------------------------------

Query: The company in question is NVIDIA, also referred to by its stock symbol NVDA. The current year is 2024. Answer the following question using NVDA's 10-K filings, ensuring that you infer a relevant timeframe from the question. If the question asks about changes, trends, or comparisons, determine the appropriate range of years based on the current year and extract relevant information accordingly. If no specific year is mentioned, consider the past five years unless context suggests otherwise. The question is: Have partnerships with research institutions or universities increased?
Edited query to be: The company in question is NVIDIA, also referred to by its stock symbol NVDA. The current year is 2024. Answer the following question using NVDA's 10-K filings, ensuring that you infer a relevant timeframe from the question. If the question asks about changes, trends, or comparisons, determine the appropriate range of years based on the current year and extract relevant information accordingly. If no specific year is mentioned, consider the past five years unless context suggests otherwise. The question is: Have partnerships with research institutions or universities increased?
Extracted filters: {'company': 'NVIDIA', 'years': [2024, 2019, 2018, 2017, 2016], 'filing_type': '10-K', 'year_comparison': True}
Attempting to locate documents with the filters and query: The company in question is NVIDIA, also referred to by its stock symbol NVDA. The current year is 2024. Answer the following question using NVDA's 10-K filings, ensuring that you infer a relevant timeframe from the question. If the question asks about changes, trends, or comparisons, determine the appropriate range of years based on the current year and extract relevant information accordingly. If no specific year is mentioned, consider the past five years unless context suggests otherwise. The question is: Have partnerships with research institutions or universities increased? {'company': ['NVDA'], 'year': ['2024', '2019', '2018', '2017', '2016'], 'filing_type': '10-K'}
Filtering with params: {'company': ['NVDA'], 'year': ['2024', '2019', '2018', '2017', '2016'], 'filing_type': '10-K'}
Total documents in corpus: 3668
Filter 'company': 3668 matches
Filter 'year': 1227 matches
Filter 'filing_type': 3668 matches
Final matching documents: 1227
Reverted query to be: The company in question is NVIDIA, also referred to by its stock symbol NVDA. The current year is 2024. Answer the following question using NVDA's 10-K filings, ensuring that you infer a relevant timeframe from the question. If the question asks about changes, trends, or comparisons, determine the appropriate range of years based on the current year and extract relevant information accordingly. If no specific year is mentioned, consider the past five years unless context suggests otherwise. The question is: Have partnerships with research institutions or universities increased?
Response:  The provided context does not contain specific information regarding partnerships with research institutions or universities for NVIDIA (NVDA) in the year 2024 or any comparative analysis over the past five years. To answer this question accurately, one would need to review NVDA's 10-K filings or other relevant documents from 2024 and compare them with filings from previous years, ideally from 2019 to 2023. Without this data, it is not possible to determine whether partnerships with research institutions or universities have increased.
--------------------------------------------------------------------------------

Query: The company in question is NVIDIA, also referred to by its stock symbol NVDA. The current year is 2024. Answer the following question using NVDA's 10-K filings, ensuring that you infer a relevant timeframe from the question. If the question asks about changes, trends, or comparisons, determine the appropriate range of years based on the current year and extract relevant information accordingly. If no specific year is mentioned, consider the past five years unless context suggests otherwise. The question is: Has the company disclosed concerns about patent expirations?
Edited query to be: The company in question is NVIDIA, also referred to by its stock symbol NVDA. The current year is 2024. Answer the following question using NVDA's 10-K filings, ensuring that you infer a relevant timeframe from the question. If the question asks about changes, trends, or comparisons, determine the appropriate range of years based on the current year and extract relevant information accordingly. If no specific year is mentioned, consider the past five years unless context suggests otherwise. The question is: Has the company disclosed concerns about patent expirations?
Extracted filters: {'company': 'NVIDIA', 'years': [2024, 2019, 2018, 2017, 2016], 'filing_type': '10-K', 'year_comparison': True}
Attempting to locate documents with the filters and query: The company in question is NVIDIA, also referred to by its stock symbol NVDA. The current year is 2024. Answer the following question using NVDA's 10-K filings, ensuring that you infer a relevant timeframe from the question. If the question asks about changes, trends, or comparisons, determine the appropriate range of years based on the current year and extract relevant information accordingly. If no specific year is mentioned, consider the past five years unless context suggests otherwise. The question is: Has the company disclosed concerns about patent expirations? {'company': ['NVDA'], 'year': ['2024', '2019', '2018', '2017', '2016'], 'filing_type': '10-K'}
Filtering with params: {'company': ['NVDA'], 'year': ['2024', '2019', '2018', '2017', '2016'], 'filing_type': '10-K'}
Total documents in corpus: 3668
Filter 'company': 3668 matches
Filter 'year': 1227 matches
Filter 'filing_type': 3668 matches
Final matching documents: 1227
Reverted query to be: The company in question is NVIDIA, also referred to by its stock symbol NVDA. The current year is 2024. Answer the following question using NVDA's 10-K filings, ensuring that you infer a relevant timeframe from the question. If the question asks about changes, trends, or comparisons, determine the appropriate range of years based on the current year and extract relevant information accordingly. If no specific year is mentioned, consider the past five years unless context suggests otherwise. The question is: Has the company disclosed concerns about patent expirations?
Response:  The provided context does not explicitly mention concerns about patent expirations for NVIDIA (NVDA) in their 10-K filings for the year 2024. The documents referenced include information on data retention, data subject rights, contractual requirements, forward-looking statements, and the company's fiscal year details, among other topics. However, there is no direct reference to patent expirations or related concerns within the given excerpts from the 10-K filings for 2023 and 2024. To accurately answer whether NVIDIA has disclosed concerns about patent expirations, one would need to review the full 10-K filing for the year 2024 or consult additional company disclosures that may address this specific issue. Without specific information in the provided context, it is not possible to confirm or deny the presence of such concerns.
--------------------------------------------------------------------------------

Query: The company in question is NVIDIA, also referred to by its stock symbol NVDA. The current year is 2024. Answer the following question using NVDA's 10-K filings, ensuring that you infer a relevant timeframe from the question. If the question asks about changes, trends, or comparisons, determine the appropriate range of years based on the current year and extract relevant information accordingly. If no specific year is mentioned, consider the past five years unless context suggests otherwise. The question is: Have there been shifts in technology adoption within the company?
Edited query to be: The company in question is NVIDIA, also referred to by its stock symbol NVDA. The current year is 2024. Answer the following question using NVDA's 10-K filings, ensuring that you infer a relevant timeframe from the question. If the question asks about changes, trends, or comparisons, determine the appropriate range of years based on the current year and extract relevant information accordingly. If no specific year is mentioned, consider the past five years unless context suggests otherwise. The question is: Have there been shifts in technology adoption within the company?
Extracted filters: {'company': 'NVIDIA', 'years': [2024, 2019, 2018, 2017, 2016], 'filing_type': '10-K', 'year_comparison': True}
Attempting to locate documents with the filters and query: The company in question is NVIDIA, also referred to by its stock symbol NVDA. The current year is 2024. Answer the following question using NVDA's 10-K filings, ensuring that you infer a relevant timeframe from the question. If the question asks about changes, trends, or comparisons, determine the appropriate range of years based on the current year and extract relevant information accordingly. If no specific year is mentioned, consider the past five years unless context suggests otherwise. The question is: Have there been shifts in technology adoption within the company? {'company': ['NVDA'], 'year': ['2024', '2019', '2018', '2017', '2016'], 'filing_type': '10-K'}
Filtering with params: {'company': ['NVDA'], 'year': ['2024', '2019', '2018', '2017', '2016'], 'filing_type': '10-K'}
Total documents in corpus: 3668
Filter 'company': 3668 matches
Filter 'year': 1227 matches
Filter 'filing_type': 3668 matches
Final matching documents: 1227
Reverted query to be: The company in question is NVIDIA, also referred to by its stock symbol NVDA. The current year is 2024. Answer the following question using NVDA's 10-K filings, ensuring that you infer a relevant timeframe from the question. If the question asks about changes, trends, or comparisons, determine the appropriate range of years based on the current year and extract relevant information accordingly. If no specific year is mentioned, consider the past five years unless context suggests otherwise. The question is: Have there been shifts in technology adoption within the company?
Response:  Based on the provided context from NVDA's 10-K filings for the years 2020 and 2024, we can infer shifts in technology adoption within NVIDIA (NVDA). In the 2020 filing, it is mentioned that in February 2023, the company assessed the useful lives of its property, plant, and equipment, increasing the estimated useful life from three to four or five years. This change resulted in a benefit of $33 million and $102 million for cost of revenue and operating expenses, respectively, leading to an increase in operating income of $135 million and net income of $114 million after tax. This indicates an update in the company's approach to technology asset management and valuation.

Furthermore, the 2024 10-K filing discusses revenue recognition through a five-step process, including the allocation of the transaction price to performance obligations and recognition of revenue when control of products is transferred to customers. This suggests that NVIDIA continues to refine its accounting practices in response to evolving technology and market conditions.

While the provided context does not offer a detailed timeline of technology adoption, the changes in estimates for asset useful lives and the ongoing refinement of revenue recognition practices imply that NVIDIA is adapting to technological advancements. To fully understand the extent and nature of these shifts, one would need to review the company's filings from the past five years, including any updates or disclosures made between 2020 and 2024.

In summary, based on the information from the 2020 and 2024 10-K filings, there is evidence of NVIDIA's adjustments in response to technological changes, particularly in asset management and revenue recognition practices. However, a more comprehensive analysis would require examining additional data from the past five years to identify broader trends in technology adoption within the company.
--------------------------------------------------------------------------------

Query: The company in question is NVIDIA, also referred to by its stock symbol NVDA. The current year is 2024. Answer the following question using NVDA's 10-K filings, ensuring that you infer a relevant timeframe from the question. If the question asks about changes, trends, or comparisons, determine the appropriate range of years based on the current year and extract relevant information accordingly. If no specific year is mentioned, consider the past five years unless context suggests otherwise. The question is: Has the company’s innovation approach shifted due to competition?
Edited query to be: The company in question is NVIDIA, also referred to by its stock symbol NVDA. The current year is 2024. Answer the following question using NVDA's 10-K filings, ensuring that you infer a relevant timeframe from the question. If the question asks about changes, trends, or comparisons, determine the appropriate range of years based on the current year and extract relevant information accordingly. If no specific year is mentioned, consider the past five years unless context suggests otherwise. The question is: Has the company’s innovation approach shifted due to competition?
Extracted filters: {'company': 'NVIDIA', 'years': [2024, 2019, 2018, 2017, 2016], 'filing_type': '10-K', 'year_comparison': True}
Attempting to locate documents with the filters and query: The company in question is NVIDIA, also referred to by its stock symbol NVDA. The current year is 2024. Answer the following question using NVDA's 10-K filings, ensuring that you infer a relevant timeframe from the question. If the question asks about changes, trends, or comparisons, determine the appropriate range of years based on the current year and extract relevant information accordingly. If no specific year is mentioned, consider the past five years unless context suggests otherwise. The question is: Has the company’s innovation approach shifted due to competition? {'company': ['NVDA'], 'year': ['2024', '2019', '2018', '2017', '2016'], 'filing_type': '10-K'}
Filtering with params: {'company': ['NVDA'], 'year': ['2024', '2019', '2018', '2017', '2016'], 'filing_type': '10-K'}
Total documents in corpus: 3668
Filter 'company': 3668 matches
Filter 'year': 1227 matches
Filter 'filing_type': 3668 matches
Final matching documents: 1227
Reverted query to be: The company in question is NVIDIA, also referred to by its stock symbol NVDA. The current year is 2024. Answer the following question using NVDA's 10-K filings, ensuring that you infer a relevant timeframe from the question. If the question asks about changes, trends, or comparisons, determine the appropriate range of years based on the current year and extract relevant information accordingly. If no specific year is mentioned, consider the past five years unless context suggests otherwise. The question is: Has the company’s innovation approach shifted due to competition?
Response:  Based on the provided context, specifically Document 3, which discusses risks related to the business and industry, it mentions that "Our competitors’ products, services and technologies may be less costly, or may offer superior functionality or different features than ours. In addition, many of our competitors operate and maintain their own fabrication facilities and have longer operating histories, greater name recognition, larger customer bases, and greater financial, sales, marketing, and distribution resources than we do. These competitors may be able to more effectively identify and capitalize upon opportunities in new markets and end user customer trends, quickly transition their semiconductor products to increasingly smaller line width geometries and obtain sufficient foundry capacity and packaging materials, which could harm our business."

This suggests that there is an acknowledgment of competitive pressures and the need for the company to innovate in response to these challenges. However, the documents do not provide specific data or a direct comparison of the company's innovation approach over time. Since the current year is 2024 and we are looking at the past five years, we can infer that the concern about competitors' capabilities and the need for innovation has been present at least since 2019, as mentioned in Document 5.

To draw a more precise conclusion about whether the company's innovation approach has shifted due to competition, we would need additional information or data from NVDA's 10-K filings for the years 2019, 2020, 2021, 2022, and 2023. Without this data, we can only acknowledge the general awareness of competitive pressures and the potential need for innovation, but cannot definitively state whether there has been a shift in the company's approach to innovation.

In summary, while there is an indication that competition influences the company's need for innovation, the provided context does not offer concrete evidence of a shift in the innovation approach within the specified five-year range leading up to 2024. Further analysis of NVDA's 10-K filings for those years would be necessary to answer this question with certainty.
--------------------------------------------------------------------------------

Query: The company in question is NVIDIA, also referred to by its stock symbol NVDA. The current year is 2024. Answer the following question using NVDA's 10-K filings, ensuring that you infer a relevant timeframe from the question. If the question asks about changes, trends, or comparisons, determine the appropriate range of years based on the current year and extract relevant information accordingly. If no specific year is mentioned, consider the past five years unless context suggests otherwise. The question is: How has AI or automation influenced the company’s R&D focus?
Edited query to be: The company in question is NVIDIA, also referred to by its stock symbol NVDA. The current year is 2024. Answer the following question using NVDA's 10-K filings, ensuring that you infer a relevant timeframe from the question. If the question asks about changes, trends, or comparisons, determine the appropriate range of years based on the current year and extract relevant information accordingly. If no specific year is mentioned, consider the past five years unless context suggests otherwise. The question is: How has AI or automation influenced the company’s R&D focus?
Extracted filters: {'company': 'NVIDIA', 'years': [2024, 2019, 2018, 2017, 2016], 'filing_type': '10-K', 'year_comparison': True}
Attempting to locate documents with the filters and query: The company in question is NVIDIA, also referred to by its stock symbol NVDA. The current year is 2024. Answer the following question using NVDA's 10-K filings, ensuring that you infer a relevant timeframe from the question. If the question asks about changes, trends, or comparisons, determine the appropriate range of years based on the current year and extract relevant information accordingly. If no specific year is mentioned, consider the past five years unless context suggests otherwise. The question is: How has AI or automation influenced the company’s R&D focus? {'company': ['NVDA'], 'year': ['2024', '2019', '2018', '2017', '2016'], 'filing_type': '10-K'}
Filtering with params: {'company': ['NVDA'], 'year': ['2024', '2019', '2018', '2017', '2016'], 'filing_type': '10-K'}
Total documents in corpus: 3668
Filter 'company': 3668 matches
Filter 'year': 1227 matches
Filter 'filing_type': 3668 matches
Final matching documents: 1227
Reverted query to be: The company in question is NVIDIA, also referred to by its stock symbol NVDA. The current year is 2024. Answer the following question using NVDA's 10-K filings, ensuring that you infer a relevant timeframe from the question. If the question asks about changes, trends, or comparisons, determine the appropriate range of years based on the current year and extract relevant information accordingly. If no specific year is mentioned, consider the past five years unless context suggests otherwise. The question is: How has AI or automation influenced the company’s R&D focus?
Response:  According to the provided context, specifically Document 3 from NVDA's 10-K filing for the year 2024, NVIDIA has expanded its focus to include the revolutionary field of artificial intelligence (AI), leveraging its GPU architecture to create platforms for AI solutions. This indicates that AI and automation have significantly influenced the company's research and development (R&D) focus. Over the years, NVIDIA has shifted from its original emphasis on PC graphics to pioneering accelerated computing and now to AI, reflecting the growing importance of AI and automation in their business strategy.

In the 10-K filing for 2024, it is mentioned that:

"Our GPU product brands are aimed at specialized markets including GeForce for gamers; Quadro for designers; Tesla and DGX for AI data scientists and big data researchers; and GRID for cloud-based visual computing users."

This statement shows that NVIDIA's R&D efforts have been increasingly directed towards AI and automation technologies, with specific product lines like Tesla and DGX being tailored for AI data scientists and big data researchers. The company's commitment to AI is further underscored by its investment in extending the useful life of its property, plant, and equipment, which is expected to result in a $135 million increase in operating income and a $114 million increase in net income after tax, demonstrating the financial impact of its AI-focused R&D.

While the provided context does not include specific comparative financial data from previous years to quantify the trend, the information given clearly illustrates that AI and automation have become central to NVIDIA's R&D initiatives and overall business direction as of 2024.
--------------------------------------------------------------------------------

Query: The company in question is NVIDIA, also referred to by its stock symbol NVDA. The current year is 2024. Answer the following question using NVDA's 10-K filings, ensuring that you infer a relevant timeframe from the question. If the question asks about changes, trends, or comparisons, determine the appropriate range of years based on the current year and extract relevant information accordingly. If no specific year is mentioned, consider the past five years unless context suggests otherwise. The question is: Has the company introduced any open-source or collaborative innovation initiatives?
Edited query to be: The company in question is NVIDIA, also referred to by its stock symbol NVDA. The current year is 2024. Answer the following question using NVDA's 10-K filings, ensuring that you infer a relevant timeframe from the question. If the question asks about changes, trends, or comparisons, determine the appropriate range of years based on the current year and extract relevant information accordingly. If no specific year is mentioned, consider the past five years unless context suggests otherwise. The question is: Has the company introduced any open-source or collaborative innovation initiatives?
Extracted filters: {'company': 'NVIDIA', 'years': [2024, 2019, 2018, 2017, 2016], 'filing_type': '10-K', 'year_comparison': True}
Attempting to locate documents with the filters and query: The company in question is NVIDIA, also referred to by its stock symbol NVDA. The current year is 2024. Answer the following question using NVDA's 10-K filings, ensuring that you infer a relevant timeframe from the question. If the question asks about changes, trends, or comparisons, determine the appropriate range of years based on the current year and extract relevant information accordingly. If no specific year is mentioned, consider the past five years unless context suggests otherwise. The question is: Has the company introduced any open-source or collaborative innovation initiatives? {'company': ['NVDA'], 'year': ['2024', '2019', '2018', '2017', '2016'], 'filing_type': '10-K'}
Filtering with params: {'company': ['NVDA'], 'year': ['2024', '2019', '2018', '2017', '2016'], 'filing_type': '10-K'}
Total documents in corpus: 3668
Filter 'company': 3668 matches
Filter 'year': 1227 matches
Filter 'filing_type': 3668 matches
Final matching documents: 1227
Reverted query to be: The company in question is NVIDIA, also referred to by its stock symbol NVDA. The current year is 2024. Answer the following question using NVDA's 10-K filings, ensuring that you infer a relevant timeframe from the question. If the question asks about changes, trends, or comparisons, determine the appropriate range of years based on the current year and extract relevant information accordingly. If no specific year is mentioned, consider the past five years unless context suggests otherwise. The question is: Has the company introduced any open-source or collaborative innovation initiatives?
Response:  The provided context does not contain specific information regarding NVIDIA's (NVDA) open-source or collaborative innovation initiatives. The documents cited, including the NVDA 10-K filings for the years 2016, 2017, and 2024, focus on topics such as data privacy, revenue recognition, product sales, and employee retirement plans. There is no mention of open-source projects or collaborative innovation efforts within the given text. Therefore, based on the available information, I cannot provide details on whether NVIDIA has introduced any such initiatives. For an accurate answer, one would need to review NVIDIA's recent press releases, corporate social responsibility reports, or other documents that discuss their innovation strategies and collaborations.
--------------------------------------------------------------------------------

Query: The company in question is NVIDIA, also referred to by its stock symbol NVDA. The current year is 2024. Answer the following question using NVDA's 10-K filings, ensuring that you infer a relevant timeframe from the question. If the question asks about changes, trends, or comparisons, determine the appropriate range of years based on the current year and extract relevant information accordingly. If no specific year is mentioned, consider the past five years unless context suggests otherwise. The question is: How has the company’s total workforce size changed over time?
Edited query to be: The company in question is NVIDIA, also referred to by its stock symbol NVDA. The current year is 2024. Answer the following question using NVDA's 10-K filings, ensuring that you infer a relevant timeframe from the question. If the question asks about changes, trends, or comparisons, determine the appropriate range of years based on the current year and extract relevant information accordingly. If no specific year is mentioned, consider the past five years unless context suggests otherwise. The question is: How has the company’s total workforce size changed over time?
Extracted filters: {'company': 'NVIDIA', 'years': [2024, 2019, 2018, 2017, 2016, 2015, 2014, 2013, 2012, 2011], 'filing_type': '10-K', 'year_comparison': True}
Attempting to locate documents with the filters and query: The company in question is NVIDIA, also referred to by its stock symbol NVDA. The current year is 2024. Answer the following question using NVDA's 10-K filings, ensuring that you infer a relevant timeframe from the question. If the question asks about changes, trends, or comparisons, determine the appropriate range of years based on the current year and extract relevant information accordingly. If no specific year is mentioned, consider the past five years unless context suggests otherwise. The question is: How has the company’s total workforce size changed over time? {'company': ['NVDA'], 'year': ['2024', '2019', '2018', '2017', '2016', '2015', '2014', '2013', '2012', '2011'], 'filing_type': '10-K'}
Filtering with params: {'company': ['NVDA'], 'year': ['2024', '2019', '2018', '2017', '2016', '2015', '2014', '2013', '2012', '2011'], 'filing_type': '10-K'}
Total documents in corpus: 3668
Filter 'company': 3668 matches
Filter 'year': 1987 matches
Filter 'filing_type': 3668 matches
Final matching documents: 1987
Reverted query to be: The company in question is NVIDIA, also referred to by its stock symbol NVDA. The current year is 2024. Answer the following question using NVDA's 10-K filings, ensuring that you infer a relevant timeframe from the question. If the question asks about changes, trends, or comparisons, determine the appropriate range of years based on the current year and extract relevant information accordingly. If no specific year is mentioned, consider the past five years unless context suggests otherwise. The question is: How has the company’s total workforce size changed over time?
Response:  The provided context does not include specific information regarding the total workforce size or changes in the workforce size for NVIDIA (NVDA) over time. The documents cited are from the company's 10-K filings for the years 2019, 2023, and 2024. To analyze the change in NVIDIA's total workforce size, one would need to compare workforce data from these years or obtain additional data from the company's annual reports or other reliable sources that detail employee numbers. Since the necessary data is not present in the provided context, it is not possible to answer the question about the company's workforce size changes over time based on the current information.
--------------------------------------------------------------------------------

Query: The company in question is NVIDIA, also referred to by its stock symbol NVDA. The current year is 2024. Answer the following question using NVDA's 10-K filings, ensuring that you infer a relevant timeframe from the question. If the question asks about changes, trends, or comparisons, determine the appropriate range of years based on the current year and extract relevant information accordingly. If no specific year is mentioned, consider the past five years unless context suggests otherwise. The question is: Have shifts in remote work policies affected operational strategies?
Edited query to be: The company in question is NVIDIA, also referred to by its stock symbol NVDA. The current year is 2024. Answer the following question using NVDA's 10-K filings, ensuring that you infer a relevant timeframe from the question. If the question asks about changes, trends, or comparisons, determine the appropriate range of years based on the current year and extract relevant information accordingly. If no specific year is mentioned, consider the past five years unless context suggests otherwise. The question is: Have shifts in remote work policies affected operational strategies?
Extracted filters: {'company': 'NVIDIA', 'years': [2024, 2019, 2018, 2017, 2016], 'filing_type': '10-K', 'year_comparison': True}
Attempting to locate documents with the filters and query: The company in question is NVIDIA, also referred to by its stock symbol NVDA. The current year is 2024. Answer the following question using NVDA's 10-K filings, ensuring that you infer a relevant timeframe from the question. If the question asks about changes, trends, or comparisons, determine the appropriate range of years based on the current year and extract relevant information accordingly. If no specific year is mentioned, consider the past five years unless context suggests otherwise. The question is: Have shifts in remote work policies affected operational strategies? {'company': ['NVDA'], 'year': ['2024', '2019', '2018', '2017', '2016'], 'filing_type': '10-K'}
Filtering with params: {'company': ['NVDA'], 'year': ['2024', '2019', '2018', '2017', '2016'], 'filing_type': '10-K'}
Total documents in corpus: 3668
Filter 'company': 3668 matches
Filter 'year': 1227 matches
Filter 'filing_type': 3668 matches
Final matching documents: 1227
Reverted query to be: The company in question is NVIDIA, also referred to by its stock symbol NVDA. The current year is 2024. Answer the following question using NVDA's 10-K filings, ensuring that you infer a relevant timeframe from the question. If the question asks about changes, trends, or comparisons, determine the appropriate range of years based on the current year and extract relevant information accordingly. If no specific year is mentioned, consider the past five years unless context suggests otherwise. The question is: Have shifts in remote work policies affected operational strategies?
Response:  The provided context does not include specific information regarding NVIDIA's (NVDA) operational strategies in relation to shifts in remote work policies. The documents cited are from various years, including 2015, 2018, 2019, 2023, and 2024. To analyze the impact of remote work policies on NVIDIA's operational strategies, we would need to compare the company's financial and operational data from these years, focusing on any changes in costs, revenue, or expenses that could be attributed to such policies.

For instance, we could look at NVDA's 10-K filings from 2019 and 2024 to see if there are any significant changes in operating expenses, particularly in areas that might be influenced by remote work, such as real estate or technology investments for remote work infrastructure. However, without specific data or statements in the provided context, we cannot draw a conclusion about the effect of remote work policies on NVIDIA's operational strategies.

Given the lack of direct information, we must acknowledge the limitation:

"The provided context does not contain specific details on how shifts in remote work policies have affected NVIDIA's operational strategies. To accurately assess this, a detailed analysis of NVDA's financial and operational data from the relevant years, particularly comparing 2019 and 2024, would be necessary."
--------------------------------------------------------------------------------

Query: The company in question is NVIDIA, also referred to by its stock symbol NVDA. The current year is 2024. Answer the following question using NVDA's 10-K filings, ensuring that you infer a relevant timeframe from the question. If the question asks about changes, trends, or comparisons, determine the appropriate range of years based on the current year and extract relevant information accordingly. If no specific year is mentioned, consider the past five years unless context suggests otherwise. The question is: Has the company faced major unionization efforts?
Edited query to be: The company in question is NVIDIA, also referred to by its stock symbol NVDA. The current year is 2024. Answer the following question using NVDA's 10-K filings, ensuring that you infer a relevant timeframe from the question. If the question asks about changes, trends, or comparisons, determine the appropriate range of years based on the current year and extract relevant information accordingly. If no specific year is mentioned, consider the past five years unless context suggests otherwise. The question is: Has the company faced major unionization efforts?
Extracted filters: {'company': 'NVIDIA', 'years': [2024, 2019, 2018, 2017, 2016], 'filing_type': '10-K', 'year_comparison': True}
Attempting to locate documents with the filters and query: The company in question is NVIDIA, also referred to by its stock symbol NVDA. The current year is 2024. Answer the following question using NVDA's 10-K filings, ensuring that you infer a relevant timeframe from the question. If the question asks about changes, trends, or comparisons, determine the appropriate range of years based on the current year and extract relevant information accordingly. If no specific year is mentioned, consider the past five years unless context suggests otherwise. The question is: Has the company faced major unionization efforts? {'company': ['NVDA'], 'year': ['2024', '2019', '2018', '2017', '2016'], 'filing_type': '10-K'}
Filtering with params: {'company': ['NVDA'], 'year': ['2024', '2019', '2018', '2017', '2016'], 'filing_type': '10-K'}
Total documents in corpus: 3668
Filter 'company': 3668 matches
Filter 'year': 1227 matches
Filter 'filing_type': 3668 matches
Final matching documents: 1227
Reverted query to be: The company in question is NVIDIA, also referred to by its stock symbol NVDA. The current year is 2024. Answer the following question using NVDA's 10-K filings, ensuring that you infer a relevant timeframe from the question. If the question asks about changes, trends, or comparisons, determine the appropriate range of years based on the current year and extract relevant information accordingly. If no specific year is mentioned, consider the past five years unless context suggests otherwise. The question is: Has the company faced major unionization efforts?
Response:  The provided context does not contain any specific information regarding unionization efforts by NVIDIA (as indicated by the stock symbol NVDA) in its 10-K filings for the years 2024 or any other years mentioned (2018, 2019, 2020). Therefore, based on the given information, it is not possible to determine whether the company has faced major unionization efforts. To answer this question accurately, one would need to review NVIDIA's 10-K filings or other relevant company documents that discuss labor relations and employee organization matters.
--------------------------------------------------------------------------------

Query: The company in question is NVIDIA, also referred to by its stock symbol NVDA. The current year is 2024. Answer the following question using NVDA's 10-K filings, ensuring that you infer a relevant timeframe from the question. If the question asks about changes, trends, or comparisons, determine the appropriate range of years based on the current year and extract relevant information accordingly. If no specific year is mentioned, consider the past five years unless context suggests otherwise. The question is: Have employee turnover rates increased or decreased?
Edited query to be: The company in question is NVIDIA, also referred to by its stock symbol NVDA. The current year is 2024. Answer the following question using NVDA's 10-K filings, ensuring that you infer a relevant timeframe from the question. If the question asks about changes, trends, or comparisons, determine the appropriate range of years based on the current year and extract relevant information accordingly. If no specific year is mentioned, consider the past five years unless context suggests otherwise. The question is: Have employee turnover rates increased or decreased?
Extracted filters: {'company': 'NVIDIA', 'years': [2024, 2019, 2018, 2017, 2016], 'filing_type': '10-K', 'year_comparison': True}
Attempting to locate documents with the filters and query: The company in question is NVIDIA, also referred to by its stock symbol NVDA. The current year is 2024. Answer the following question using NVDA's 10-K filings, ensuring that you infer a relevant timeframe from the question. If the question asks about changes, trends, or comparisons, determine the appropriate range of years based on the current year and extract relevant information accordingly. If no specific year is mentioned, consider the past five years unless context suggests otherwise. The question is: Have employee turnover rates increased or decreased? {'company': ['NVDA'], 'year': ['2024', '2019', '2018', '2017', '2016'], 'filing_type': '10-K'}
Filtering with params: {'company': ['NVDA'], 'year': ['2024', '2019', '2018', '2017', '2016'], 'filing_type': '10-K'}
Total documents in corpus: 3668
Filter 'company': 3668 matches
Filter 'year': 1227 matches
Filter 'filing_type': 3668 matches
Final matching documents: 1227
Reverted query to be: The company in question is NVIDIA, also referred to by its stock symbol NVDA. The current year is 2024. Answer the following question using NVDA's 10-K filings, ensuring that you infer a relevant timeframe from the question. If the question asks about changes, trends, or comparisons, determine the appropriate range of years based on the current year and extract relevant information accordingly. If no specific year is mentioned, consider the past five years unless context suggests otherwise. The question is: Have employee turnover rates increased or decreased?
Response:  According to NVDA's 10-K filings, the employee turnover rate in fiscal year 2023 was 5.3%, and in fiscal year 2024, it was 2.7%. Comparing these figures, it is evident that the employee turnover rate has decreased from 5.3% in 2023 to 2.7% in 2024.
--------------------------------------------------------------------------------

Query: The company in question is NVIDIA, also referred to by its stock symbol NVDA. The current year is 2024. Answer the following question using NVDA's 10-K filings, ensuring that you infer a relevant timeframe from the question. If the question asks about changes, trends, or comparisons, determine the appropriate range of years based on the current year and extract relevant information accordingly. If no specific year is mentioned, consider the past five years unless context suggests otherwise. The question is: Has there been a shift in the company’s talent acquisition strategy?
Edited query to be: The company in question is NVIDIA, also referred to by its stock symbol NVDA. The current year is 2024. Answer the following question using NVDA's 10-K filings, ensuring that you infer a relevant timeframe from the question. If the question asks about changes, trends, or comparisons, determine the appropriate range of years based on the current year and extract relevant information accordingly. If no specific year is mentioned, consider the past five years unless context suggests otherwise. The question is: Has there been a shift in the company’s talent acquisition strategy?
Extracted filters: {'company': 'NVIDIA', 'years': [2024, 2019, 2018, 2017, 2016], 'filing_type': '10-K', 'year_comparison': True}
Attempting to locate documents with the filters and query: The company in question is NVIDIA, also referred to by its stock symbol NVDA. The current year is 2024. Answer the following question using NVDA's 10-K filings, ensuring that you infer a relevant timeframe from the question. If the question asks about changes, trends, or comparisons, determine the appropriate range of years based on the current year and extract relevant information accordingly. If no specific year is mentioned, consider the past five years unless context suggests otherwise. The question is: Has there been a shift in the company’s talent acquisition strategy? {'company': ['NVDA'], 'year': ['2024', '2019', '2018', '2017', '2016'], 'filing_type': '10-K'}
Filtering with params: {'company': ['NVDA'], 'year': ['2024', '2019', '2018', '2017', '2016'], 'filing_type': '10-K'}
Total documents in corpus: 3668
Filter 'company': 3668 matches
Filter 'year': 1227 matches
Filter 'filing_type': 3668 matches
Final matching documents: 1227
Reverted query to be: The company in question is NVIDIA, also referred to by its stock symbol NVDA. The current year is 2024. Answer the following question using NVDA's 10-K filings, ensuring that you infer a relevant timeframe from the question. If the question asks about changes, trends, or comparisons, determine the appropriate range of years based on the current year and extract relevant information accordingly. If no specific year is mentioned, consider the past five years unless context suggests otherwise. The question is: Has there been a shift in the company’s talent acquisition strategy?
Response:  According to the NVDA 10-K filing for the fiscal year 2023, the company NVIDIA (NVDA) reported a change in its hiring strategy. Specifically, the company slowed down its hiring process to focus more on its current employees and manage costs. This indicates a shift in talent acquisition strategy towards internal development and retention. The relevant information is extracted from Document 5, which states, "in fiscal year 2023, we slowed our hiring to focus on our current employees and manage costs." This suggests a move away from aggressive hiring towards a more sustainable and internally focused approach.
--------------------------------------------------------------------------------

Query: The company in question is NVIDIA, also referred to by its stock symbol NVDA. The current year is 2024. Answer the following question using NVDA's 10-K filings, ensuring that you infer a relevant timeframe from the question. If the question asks about changes, trends, or comparisons, determine the appropriate range of years based on the current year and extract relevant information accordingly. If no specific year is mentioned, consider the past five years unless context suggests otherwise. The question is: How has employee training and development evolved?
Edited query to be: The company in question is NVIDIA, also referred to by its stock symbol NVDA. The current year is 2024. Answer the following question using NVDA's 10-K filings, ensuring that you infer a relevant timeframe from the question. If the question asks about changes, trends, or comparisons, determine the appropriate range of years based on the current year and extract relevant information accordingly. If no specific year is mentioned, consider the past five years unless context suggests otherwise. The question is: How has employee training and development evolved?
Extracted filters: {'company': 'NVIDIA', 'years': [2024, 2019, 2018, 2017, 2016], 'filing_type': '10-K', 'year_comparison': True}
Attempting to locate documents with the filters and query: The company in question is NVIDIA, also referred to by its stock symbol NVDA. The current year is 2024. Answer the following question using NVDA's 10-K filings, ensuring that you infer a relevant timeframe from the question. If the question asks about changes, trends, or comparisons, determine the appropriate range of years based on the current year and extract relevant information accordingly. If no specific year is mentioned, consider the past five years unless context suggests otherwise. The question is: How has employee training and development evolved? {'company': ['NVDA'], 'year': ['2024', '2019', '2018', '2017', '2016'], 'filing_type': '10-K'}
Filtering with params: {'company': ['NVDA'], 'year': ['2024', '2019', '2018', '2017', '2016'], 'filing_type': '10-K'}
Total documents in corpus: 3668
Filter 'company': 3668 matches
Filter 'year': 1227 matches
Filter 'filing_type': 3668 matches
Final matching documents: 1227
Reverted query to be: The company in question is NVIDIA, also referred to by its stock symbol NVDA. The current year is 2024. Answer the following question using NVDA's 10-K filings, ensuring that you infer a relevant timeframe from the question. If the question asks about changes, trends, or comparisons, determine the appropriate range of years based on the current year and extract relevant information accordingly. If no specific year is mentioned, consider the past five years unless context suggests otherwise. The question is: How has employee training and development evolved?
Response:  According to the provided context, specifically Document 4, which refers to NVDA's 10-K filing for the fiscal year 2023, employee training and development have evolved to include a variety of on-the-job learning opportunities. These opportunities encompass training programs, one-on-one coaching, and ongoing feedback. Additionally, NVDA has curated learning paths that focus on common development needs and continuously updates its offerings to ensure exposure to the latest programs and technologies. To further support employee growth, NVDA offers tuition reimbursement programs that subsidize educational programs and advanced certifications.

Moreover, NVDA has implemented mentoring and development programs specifically designed for women and employees from traditionally underrepresented groups, aiming to prepare them for future advancement. The company uses tools like pulse surveys, a suggestion box, and an anonymous third-party platform to evaluate employee sentiment and engagement, which also helps in identifying areas for improvement and action.

Comparing this information with the context from Document 2, which refers to NVDA's 10-K filing for the fiscal year 2024, it's noted that in fiscal year 2024, the overall turnover rate was 2.7%, indicating a relatively stable workforce, which could suggest that the training and development programs may be effective in retaining employees. However, there is no direct comparison of the training and development programs' evolution between 2023 and 2024 within the provided context.

In summary, based on the NVDA 10-K filings for the fiscal years 2023 and 2024, employee training and development have been enhanced with a focus on on-the-job learning, tailored learning paths, tuition reimbursement, mentoring for underrepresented groups, and tools for evaluating employee engagement. The effectiveness of these programs in terms of employee retention is suggested by the lower turnover rate in fiscal year 2024 compared to fiscal year 2023, which was 5.3%. Without specific data from fiscal year 2025 or beyond, we cannot determine the trend beyond these two years.
--------------------------------------------------------------------------------

Query: The company in question is NVIDIA, also referred to by its stock symbol NVDA. The current year is 2024. Answer the following question using NVDA's 10-K filings, ensuring that you infer a relevant timeframe from the question. If the question asks about changes, trends, or comparisons, determine the appropriate range of years based on the current year and extract relevant information accordingly. If no specific year is mentioned, consider the past five years unless context suggests otherwise. The question is: Have compensation structures changed significantly?
Edited query to be: The company in question is NVIDIA, also referred to by its stock symbol NVDA. The current year is 2024. Answer the following question using NVDA's 10-K filings, ensuring that you infer a relevant timeframe from the question. If the question asks about changes, trends, or comparisons, determine the appropriate range of years based on the current year and extract relevant information accordingly. If no specific year is mentioned, consider the past five years unless context suggests otherwise. The question is: Have compensation structures changed significantly?
Extracted filters: {'company': 'NVIDIA', 'years': [2024, 2019, 2018, 2017, 2016], 'filing_type': '10-K', 'year_comparison': True}
Attempting to locate documents with the filters and query: The company in question is NVIDIA, also referred to by its stock symbol NVDA. The current year is 2024. Answer the following question using NVDA's 10-K filings, ensuring that you infer a relevant timeframe from the question. If the question asks about changes, trends, or comparisons, determine the appropriate range of years based on the current year and extract relevant information accordingly. If no specific year is mentioned, consider the past five years unless context suggests otherwise. The question is: Have compensation structures changed significantly? {'company': ['NVDA'], 'year': ['2024', '2019', '2018', '2017', '2016'], 'filing_type': '10-K'}
Filtering with params: {'company': ['NVDA'], 'year': ['2024', '2019', '2018', '2017', '2016'], 'filing_type': '10-K'}
Total documents in corpus: 3668
Filter 'company': 3668 matches
Filter 'year': 1227 matches
Filter 'filing_type': 3668 matches
Final matching documents: 1227
Reverted query to be: The company in question is NVIDIA, also referred to by its stock symbol NVDA. The current year is 2024. Answer the following question using NVDA's 10-K filings, ensuring that you infer a relevant timeframe from the question. If the question asks about changes, trends, or comparisons, determine the appropriate range of years based on the current year and extract relevant information accordingly. If no specific year is mentioned, consider the past five years unless context suggests otherwise. The question is: Have compensation structures changed significantly?
Response:  Based on the provided context from NVDA's 10-K filings, we can observe changes in compensation structures over the years leading up to 2024.

In 2015 (Document 4), the company shifted away from granting stock options and toward granting RSUs and PSUs to reflect changing market trends for equity incentives at peer companies. The compensation expense related to the equity awards that are not expected to vest for fiscal years 2015, 2014, and 2013 was $36.6 million, $29.7 million, and $27.1 million, respectively.

By 2020 (Document 2), the company's Compensation Recovery Policy indicates that Incentive Compensation is deemed "received" in the fiscal period in which the relevant Financial Reporting Measure is attained, even if the payment occurs after the period's end. This suggests a change in how compensation is recognized and accounted for, potentially affecting the timing and structure of compensation.

Furthermore, Document 3 from the 10-K filing in 2024 provides details on the company's stock-based compensation expense, which includes RSUs, PSUs, and market-based PSUs, as well as the ESPP. It also mentions that the company is evaluating the impact of accounting guidance on their consolidated financial statements and has not yet determined which transition method to apply, indicating ongoing changes in compensation accounting practices.

To summarize, there have been significant changes in the compensation structures of NVDA (NVIDIA) from 2015 to 2024. The company has moved away from stock options towards RSUs and PSUs, and there is an indication of evolving accounting practices for stock-based compensation. The exact nature and extent of these changes would require a more detailed analysis of the company's financial statements and compensation policies over the five-year period.

Reference:
- NVDA 10-K 2024
- NVDA 10-K 2020
- NVDA 10-K 2015

Note: The analysis is based on the information provided in the documents and the assumption that the question pertains to changes in compensation structures from 2015 to 2024. For a more comprehensive understanding, a detailed review of the company's annual reports and notes over the specified period would be necessary.
--------------------------------------------------------------------------------

Query: The company in question is NVIDIA, also referred to by its stock symbol NVDA. The current year is 2024. Answer the following question using NVDA's 10-K filings, ensuring that you infer a relevant timeframe from the question. If the question asks about changes, trends, or comparisons, determine the appropriate range of years based on the current year and extract relevant information accordingly. If no specific year is mentioned, consider the past five years unless context suggests otherwise. The question is: Has the company adjusted benefits or workplace culture initiatives?
Edited query to be: The company in question is NVIDIA, also referred to by its stock symbol NVDA. The current year is 2024. Answer the following question using NVDA's 10-K filings, ensuring that you infer a relevant timeframe from the question. If the question asks about changes, trends, or comparisons, determine the appropriate range of years based on the current year and extract relevant information accordingly. If no specific year is mentioned, consider the past five years unless context suggests otherwise. The question is: Has the company adjusted benefits or workplace culture initiatives?
Extracted filters: {'company': 'NVIDIA', 'years': [2024, 2019, 2018, 2017, 2016], 'filing_type': '10-K', 'year_comparison': True}
Attempting to locate documents with the filters and query: The company in question is NVIDIA, also referred to by its stock symbol NVDA. The current year is 2024. Answer the following question using NVDA's 10-K filings, ensuring that you infer a relevant timeframe from the question. If the question asks about changes, trends, or comparisons, determine the appropriate range of years based on the current year and extract relevant information accordingly. If no specific year is mentioned, consider the past five years unless context suggests otherwise. The question is: Has the company adjusted benefits or workplace culture initiatives? {'company': ['NVDA'], 'year': ['2024', '2019', '2018', '2017', '2016'], 'filing_type': '10-K'}
Filtering with params: {'company': ['NVDA'], 'year': ['2024', '2019', '2018', '2017', '2016'], 'filing_type': '10-K'}
Total documents in corpus: 3668
Filter 'company': 3668 matches
Filter 'year': 1227 matches
Filter 'filing_type': 3668 matches
Final matching documents: 1227
Reverted query to be: The company in question is NVIDIA, also referred to by its stock symbol NVDA. The current year is 2024. Answer the following question using NVDA's 10-K filings, ensuring that you infer a relevant timeframe from the question. If the question asks about changes, trends, or comparisons, determine the appropriate range of years based on the current year and extract relevant information accordingly. If no specific year is mentioned, consider the past five years unless context suggests otherwise. The question is: Has the company adjusted benefits or workplace culture initiatives?
Response:  The provided context does not contain specific information regarding changes, trends, or comparisons related to benefits or workplace culture initiatives for NVIDIA (NVDA) in the year 2024 or any other year within the past five years. The documents cited (NVDA 10-K filings for the years 2018, 2019, 2023, and 2024) focus on financial data, privacy policies, data retention, data subject rights, and revenue recognition. There is no mention of benefits, workplace culture, or related initiatives in the provided excerpts. To answer questions about changes or trends in benefits or workplace culture, additional information or a different context would be required.
--------------------------------------------------------------------------------

Query: The company in question is NVIDIA, also referred to by its stock symbol NVDA. The current year is 2024. Answer the following question using NVDA's 10-K filings, ensuring that you infer a relevant timeframe from the question. If the question asks about changes, trends, or comparisons, determine the appropriate range of years based on the current year and extract relevant information accordingly. If no specific year is mentioned, consider the past five years unless context suggests otherwise. The question is: How has the company responded to labor market shortages?
Edited query to be: The company in question is NVIDIA, also referred to by its stock symbol NVDA. The current year is 2024. Answer the following question using NVDA's 10-K filings, ensuring that you infer a relevant timeframe from the question. If the question asks about changes, trends, or comparisons, determine the appropriate range of years based on the current year and extract relevant information accordingly. If no specific year is mentioned, consider the past five years unless context suggests otherwise. The question is: How has the company responded to labor market shortages?
Extracted filters: {'company': 'NVIDIA', 'years': [2024, 2019, 2018, 2017, 2016], 'filing_type': '10-K', 'year_comparison': True}
Attempting to locate documents with the filters and query: The company in question is NVIDIA, also referred to by its stock symbol NVDA. The current year is 2024. Answer the following question using NVDA's 10-K filings, ensuring that you infer a relevant timeframe from the question. If the question asks about changes, trends, or comparisons, determine the appropriate range of years based on the current year and extract relevant information accordingly. If no specific year is mentioned, consider the past five years unless context suggests otherwise. The question is: How has the company responded to labor market shortages? {'company': ['NVDA'], 'year': ['2024', '2019', '2018', '2017', '2016'], 'filing_type': '10-K'}
Filtering with params: {'company': ['NVDA'], 'year': ['2024', '2019', '2018', '2017', '2016'], 'filing_type': '10-K'}
Total documents in corpus: 3668
Filter 'company': 3668 matches
Filter 'year': 1227 matches
Filter 'filing_type': 3668 matches
Final matching documents: 1227
Reverted query to be: The company in question is NVIDIA, also referred to by its stock symbol NVDA. The current year is 2024. Answer the following question using NVDA's 10-K filings, ensuring that you infer a relevant timeframe from the question. If the question asks about changes, trends, or comparisons, determine the appropriate range of years based on the current year and extract relevant information accordingly. If no specific year is mentioned, consider the past five years unless context suggests otherwise. The question is: How has the company responded to labor market shortages?
Response:  The provided context does not include specific information regarding NVIDIA's (NVDA) response to labor market shortages. The documents cited are from the company's 10-K filings for the years 2017, 2019, 2023, and 2024. To address the question about NVIDIA's response to labor market shortages, one would need to analyze the company's 10-K filings or other relevant documents from the current year (2024) or the past five years (2019-2023) that discuss human resources strategies, workforce management, or any initiatives undertaken to address such shortages. Since the necessary details are not present in the given context, it is not possible to provide an answer based on the available information. Further research into the most recent filings or company press releases would be required to understand NVIDIA's actions and strategies in response to labor market challenges.
--------------------------------------------------------------------------------

Query: The company in question is NVIDIA, also referred to by its stock symbol NVDA. The current year is 2024. Answer the following question using NVDA's 10-K filings, ensuring that you infer a relevant timeframe from the question. If the question asks about changes, trends, or comparisons, determine the appropriate range of years based on the current year and extract relevant information accordingly. If no specific year is mentioned, consider the past five years unless context suggests otherwise. The question is: Have AI or automation trends influenced workforce planning?
Edited query to be: The company in question is NVIDIA, also referred to by its stock symbol NVDA. The current year is 2024. Answer the following question using NVDA's 10-K filings, ensuring that you infer a relevant timeframe from the question. If the question asks about changes, trends, or comparisons, determine the appropriate range of years based on the current year and extract relevant information accordingly. If no specific year is mentioned, consider the past five years unless context suggests otherwise. The question is: Have AI or automation trends influenced workforce planning?
Extracted filters: {'company': 'NVIDIA', 'years': [2024, 2019, 2018, 2017, 2016], 'filing_type': '10-K', 'year_comparison': True}
Attempting to locate documents with the filters and query: The company in question is NVIDIA, also referred to by its stock symbol NVDA. The current year is 2024. Answer the following question using NVDA's 10-K filings, ensuring that you infer a relevant timeframe from the question. If the question asks about changes, trends, or comparisons, determine the appropriate range of years based on the current year and extract relevant information accordingly. If no specific year is mentioned, consider the past five years unless context suggests otherwise. The question is: Have AI or automation trends influenced workforce planning? {'company': ['NVDA'], 'year': ['2024', '2019', '2018', '2017', '2016'], 'filing_type': '10-K'}
Filtering with params: {'company': ['NVDA'], 'year': ['2024', '2019', '2018', '2017', '2016'], 'filing_type': '10-K'}
Total documents in corpus: 3668
Filter 'company': 3668 matches
Filter 'year': 1227 matches
Filter 'filing_type': 3668 matches
Final matching documents: 1227
Reverted query to be: The company in question is NVIDIA, also referred to by its stock symbol NVDA. The current year is 2024. Answer the following question using NVDA's 10-K filings, ensuring that you infer a relevant timeframe from the question. If the question asks about changes, trends, or comparisons, determine the appropriate range of years based on the current year and extract relevant information accordingly. If no specific year is mentioned, consider the past five years unless context suggests otherwise. The question is: Have AI or automation trends influenced workforce planning?
Response:  Based on the provided context from NVDA's 10-K filing for the year 2024, AI and automation trends appear to have influenced workforce planning at NVIDIA. The document mentions the company's commitment to integrating sound environmental, social, and corporate governance principles, including the responsible use of AI. It also highlights the company's focus on improving energy efficiency in computing, which is inherently related to AI and automation technologies.

Moreover, the document discusses the company's goal to purchase renewable energy to match 100% of their global electricity usage by fiscal year 2026, indicating a strategic move towards sustainability that aligns with AI advancements. Additionally, the company's efforts in developing computing technologies that address global challenges suggest a focus on innovation that could impact workforce planning, as new technologies may require different skill sets and potentially alter job roles.

The document does not provide specific data on workforce changes or planning directly attributed to AI and automation trends. However, the emphasis on AI in their sustainability goals and the strategic direction towards energy-efficient computing implies that these trends are likely considered in their workforce planning. Since the question pertains to the year 2024, and the context provided includes data up to 2023, it is reasonable to infer that NVIDIA has been considering AI and automation trends in their workforce planning for at least the past three years, although the exact impact or detailed strategies are not explicitly detailed in the provided excerpts.

For a more precise analysis of changes, trends, or comparisons, one would need to review additional data from NVIDIA's 10-K filings for the years 2022, 2023, and 2024, as well as any forward-looking statements or strategic plans that might be included in those filings. Without specific data points or trend analysis from those years, any further conclusions would be speculative.
--------------------------------------------------------------------------------

Query: The company in question is NVIDIA, also referred to by its stock symbol NVDA. The current year is 2024. Answer the following question using NVDA's 10-K filings, ensuring that you infer a relevant timeframe from the question. If the question asks about changes, trends, or comparisons, determine the appropriate range of years based on the current year and extract relevant information accordingly. If no specific year is mentioned, consider the past five years unless context suggests otherwise. The question is: How has the company’s investor communication strategy evolved?
Edited query to be: The company in question is NVIDIA, also referred to by its stock symbol NVDA. The current year is 2024. Answer the following question using NVDA's 10-K filings, ensuring that you infer a relevant timeframe from the question. If the question asks about changes, trends, or comparisons, determine the appropriate range of years based on the current year and extract relevant information accordingly. If no specific year is mentioned, consider the past five years unless context suggests otherwise. The question is: How has the company’s investor communication strategy evolved?
Extracted filters: {'company': 'NVIDIA', 'years': [2024, 2019, 2018, 2017, 2016], 'filing_type': '10-K', 'year_comparison': True}
Attempting to locate documents with the filters and query: The company in question is NVIDIA, also referred to by its stock symbol NVDA. The current year is 2024. Answer the following question using NVDA's 10-K filings, ensuring that you infer a relevant timeframe from the question. If the question asks about changes, trends, or comparisons, determine the appropriate range of years based on the current year and extract relevant information accordingly. If no specific year is mentioned, consider the past five years unless context suggests otherwise. The question is: How has the company’s investor communication strategy evolved? {'company': ['NVDA'], 'year': ['2024', '2019', '2018', '2017', '2016'], 'filing_type': '10-K'}
Filtering with params: {'company': ['NVDA'], 'year': ['2024', '2019', '2018', '2017', '2016'], 'filing_type': '10-K'}
Total documents in corpus: 3668
Filter 'company': 3668 matches
Filter 'year': 1227 matches
Filter 'filing_type': 3668 matches
Final matching documents: 1227
Reverted query to be: The company in question is NVIDIA, also referred to by its stock symbol NVDA. The current year is 2024. Answer the following question using NVDA's 10-K filings, ensuring that you infer a relevant timeframe from the question. If the question asks about changes, trends, or comparisons, determine the appropriate range of years based on the current year and extract relevant information accordingly. If no specific year is mentioned, consider the past five years unless context suggests otherwise. The question is: How has the company’s investor communication strategy evolved?
Response:  Based on the provided context from NVDA's 10-K filings, we can observe the evolution of NVIDIA's (NVDA) investor communication strategy over the years leading up to 2024:

- **2015 (NVDA 10-K 2015)**: The company utilized social media channels such as Twitter, Facebook, LinkedIn, and YouTube to disseminate material information. The EGNIVIA brand was used alongside various product names like GeForce, Quadro, Tegra, Tesla, CUDA, and Maxwell.

- **2016 (NVDA 10-K 2016)**: The communication strategy continued to rely on social media channels, with the same product names mentioned. The EGNIVIA Twitter Account, Company Blog, Facebook Page, LinkedIn Page, and YouTube were used for updates and announcements.

- **2017 (NVDA 10-K 2017)**: The strategy remained consistent with the previous years, maintaining the use of social media platforms for investor communication.

- **2019 (NVDA 10-K 2019)**: The company's use of social media for investor communication was still in place, with the same platforms mentioned.

- **2023 (NVDA 10-K 2023)**: The company's investor communication strategy is described as utilizing social media channels, including Twitter, Facebook, LinkedIn, and YouTube, along with the Pulse news reader for the EGNIVIA Daily News feed. The strategy also included traditional methods such as press releases, SEC filings, and public conference calls.

From 2015 to 2023, NVDA has consistently used social media platforms to communicate with investors, with the addition of the Pulse news reader for the EGNIVIA Daily News feed in the most recent filing. The company has also maintained traditional communication methods like press releases and SEC filings.

To infer the evolution of NVDA's investor communication strategy up to 2024, we can assume that the company likely continued to use a combination of social media and traditional communication methods. However, without specific data from the 2024 filing, we cannot provide exact details on any new developments or changes that may have occurred in the company's strategy during that year.

In summary, between 2015 and 2023, NVDA's investor communication strategy has remained largely consistent, with a gradual integration of digital tools like the Pulse news reader. The trend suggests a continued reliance on a multi-channel approach, combining social media with traditional disclosure methods to reach investors and comply with Regulation FD. For precise changes or developments in 2024, we would need the 2024 filing data, which is not provided in the context.

**Note**: The above analysis is based on the information available up to 2023, and the actual strategy in 2024 may have evolved further.
--------------------------------------------------------------------------------

Query: The company in question is NVIDIA, also referred to by its stock symbol NVDA. The current year is 2024. Answer the following question using NVDA's 10-K filings, ensuring that you infer a relevant timeframe from the question. If the question asks about changes, trends, or comparisons, determine the appropriate range of years based on the current year and extract relevant information accordingly. If no specific year is mentioned, consider the past five years unless context suggests otherwise. The question is: Has the company changed how it presents financial metrics over time?
Edited query to be: The company in question is NVIDIA, also referred to by its stock symbol NVDA. The current year is 2024. Answer the following question using NVDA's 10-K filings, ensuring that you infer a relevant timeframe from the question. If the question asks about changes, trends, or comparisons, determine the appropriate range of years based on the current year and extract relevant information accordingly. If no specific year is mentioned, consider the past five years unless context suggests otherwise. The question is: Has the company changed how it presents financial metrics over time?
Extracted filters: {'company': 'NVIDIA', 'years': [2024, 2019, 2018, 2017, 2016], 'filing_type': '10-K', 'year_comparison': True}
Attempting to locate documents with the filters and query: The company in question is NVIDIA, also referred to by its stock symbol NVDA. The current year is 2024. Answer the following question using NVDA's 10-K filings, ensuring that you infer a relevant timeframe from the question. If the question asks about changes, trends, or comparisons, determine the appropriate range of years based on the current year and extract relevant information accordingly. If no specific year is mentioned, consider the past five years unless context suggests otherwise. The question is: Has the company changed how it presents financial metrics over time? {'company': ['NVDA'], 'year': ['2024', '2019', '2018', '2017', '2016'], 'filing_type': '10-K'}
Filtering with params: {'company': ['NVDA'], 'year': ['2024', '2019', '2018', '2017', '2016'], 'filing_type': '10-K'}
Total documents in corpus: 3668
Filter 'company': 3668 matches
Filter 'year': 1227 matches
Filter 'filing_type': 3668 matches
Final matching documents: 1227
Reverted query to be: The company in question is NVIDIA, also referred to by its stock symbol NVDA. The current year is 2024. Answer the following question using NVDA's 10-K filings, ensuring that you infer a relevant timeframe from the question. If the question asks about changes, trends, or comparisons, determine the appropriate range of years based on the current year and extract relevant information accordingly. If no specific year is mentioned, consider the past five years unless context suggests otherwise. The question is: Has the company changed how it presents financial metrics over time?
Response:  Based on the provided context, we have financial data from NVIDIA (NVDA) for the years 2015, 2016, 2017, 2018, and 2019. To determine if there have been changes in how NVIDIA presents financial metrics over time, we can compare the structure and content of the financial statements across these years.

From the documents provided:

- The 2015 10-K filing includes comprehensive income statements and balance sheets, with detailed breakdowns of revenue, cost of revenue, gross profit, operating expenses, and other comprehensive income (loss), as well as a breakdown of assets, liabilities, and shareholders' equity.
- The 2016 10-K filing also contains comprehensive income statements and balance sheets, with similar detailed breakdowns as the 2015 filing.
- The 2017 10-K filing follows a similar structure and content as the previous years, with detailed financial metrics presented.
- The 2018 10-K filing shows a similar presentation of financial metrics as the previous years.
- The 2019 10-K filing, while not provided in full, indicates that it includes comprehensive income statements and balance sheets with detailed financial metrics.

Based on the available documents, it appears that NVIDIA has maintained a consistent presentation of financial metrics over the timeframe of 2015 to 2019. There is no explicit indication of changes in how financial metrics are presented in the provided context. However, it's important to note that the context only includes data up to 2019, and without the 2020-2023 filings, we cannot fully assess any changes or trends in NVIDIA's financial reporting practices beyond that point.

For a more comprehensive analysis, we would need to review the 10-K filings from 2020 to 2023 to see if there have been any alterations in the presentation or structure of financial metrics. Since the current year is 2024 and we do not have the filings for that year, we cannot definitively conclude whether there have been changes in NVIDIA's presentation of financial metrics since 2019.

In summary, based on the provided context, there is no evidence of changes in the presentation of financial metrics for NVIDIA from 2015 to 2019. To fully answer the question about changes since 2019, we would need the 2020-2023 filings.
--------------------------------------------------------------------------------

Query: The company in question is NVIDIA, also referred to by its stock symbol NVDA. The current year is 2024. Answer the following question using NVDA's 10-K filings, ensuring that you infer a relevant timeframe from the question. If the question asks about changes, trends, or comparisons, determine the appropriate range of years based on the current year and extract relevant information accordingly. If no specific year is mentioned, consider the past five years unless context suggests otherwise. The question is: Have share buyback programs or dividend policies changed?
Edited query to be: The company in question is NVIDIA, also referred to by its stock symbol NVDA. The current year is 2024. Answer the following question using NVDA's 10-K filings, ensuring that you infer a relevant timeframe from the question. If the question asks about changes, trends, or comparisons, determine the appropriate range of years based on the current year and extract relevant information accordingly. If no specific year is mentioned, consider the past five years unless context suggests otherwise. The question is: Have share buyback programs or dividend policies changed?
Extracted filters: {'company': 'NVIDIA', 'years': [2024, 2019, 2018, 2017, 2016], 'filing_type': '10-K', 'year_comparison': True}
Attempting to locate documents with the filters and query: The company in question is NVIDIA, also referred to by its stock symbol NVDA. The current year is 2024. Answer the following question using NVDA's 10-K filings, ensuring that you infer a relevant timeframe from the question. If the question asks about changes, trends, or comparisons, determine the appropriate range of years based on the current year and extract relevant information accordingly. If no specific year is mentioned, consider the past five years unless context suggests otherwise. The question is: Have share buyback programs or dividend policies changed? {'company': ['NVDA'], 'year': ['2024', '2019', '2018', '2017', '2016'], 'filing_type': '10-K'}
Filtering with params: {'company': ['NVDA'], 'year': ['2024', '2019', '2018', '2017', '2016'], 'filing_type': '10-K'}
Total documents in corpus: 3668
Filter 'company': 3668 matches
Filter 'year': 1227 matches
Filter 'filing_type': 3668 matches
Final matching documents: 1227
Reverted query to be: The company in question is NVIDIA, also referred to by its stock symbol NVDA. The current year is 2024. Answer the following question using NVDA's 10-K filings, ensuring that you infer a relevant timeframe from the question. If the question asks about changes, trends, or comparisons, determine the appropriate range of years based on the current year and extract relevant information accordingly. If no specific year is mentioned, consider the past five years unless context suggests otherwise. The question is: Have share buyback programs or dividend policies changed?
Response:  Based on the NVDA 10-K filings for the years 2015, 2016, 2017, and 2024, there have been changes in both share buyback programs and dividend policies.

Share Buyback Programs:
- In November 2016, the Board of Directors authorized an additional $2.00 billion under the share repurchase program, extending it through December 2020.
- Through January 29, 2017, NVDA repurchased 245 million shares for a total cost of $4.59 billion.
- As of January 29, 2017, the company was authorized to repurchase up to $2.73 billion through December 2020.
- In fiscal year 2018, NVDA intended to return $1.25 billion to shareholders through ongoing quarterly cash dividends and share repurchases.
- From January 29, 2024, to February 16, 2024, NVDA repurchased 2.8 million shares for a total value of $1.9 billion.

Dividend Policies:
- In fiscal year 2015, NVDA paid $186 million in cash dividends.
- In fiscal year 2016, NVDA paid $213 million in cash dividends, with 100% considered as a return of capital for U.S. federal income tax purposes.
- In fiscal year 2015, the quarterly cash dividend was increased from $0.085 to $0.0975 per share.
- In fiscal year 2016, the quarterly cash dividend was increased to $0.115 per share.
- In fiscal year 2017, NVDA intended to return approximately $1.00 billion to shareholders in the form of share repurchases and cash dividends.

Comparing the information from 2015 to 2024, we can observe that the share buyback program has been ongoing with extensions and additional authorizations over the years, and the company has repurchased shares worth $3.85 billion by January 2016 and $4.59 billion by January 2017. The most recent data from 2024 indicates that NVDA repurchased shares worth $1.9 billion in the first quarter of 2024.

Regarding dividend policies, there have been increases in the quarterly cash dividends over the years. The quarterly cash dividend was increased from $0.085 to $0.115 per share between fiscal years 2015 and 2016, and the company intended to return approximately $1.00 billion to shareholders in fiscal year 2017 through share repurchases and cash dividends.

In summary, both share buyback programs and dividend policies have evolved over the years, with increases in the amount repurchased and the quarterly cash dividends paid. The company has consistently extended its share repurchase program and increased its dividend payouts, reflecting a commitment to returning value to shareholders.
--------------------------------------------------------------------------------

Query: The company in question is NVIDIA, also referred to by its stock symbol NVDA. The current year is 2024. Answer the following question using NVDA's 10-K filings, ensuring that you infer a relevant timeframe from the question. If the question asks about changes, trends, or comparisons, determine the appropriate range of years based on the current year and extract relevant information accordingly. If no specific year is mentioned, consider the past five years unless context suggests otherwise. The question is: Has the company’s credit rating changed?
Edited query to be: The company in question is NVIDIA, also referred to by its stock symbol NVDA. The current year is 2024. Answer the following question using NVDA's 10-K filings, ensuring that you infer a relevant timeframe from the question. If the question asks about changes, trends, or comparisons, determine the appropriate range of years based on the current year and extract relevant information accordingly. If no specific year is mentioned, consider the past five years unless context suggests otherwise. The question is: Has the company’s credit rating changed?
Extracted filters: {'company': 'NVIDIA', 'years': [2024, 2019, 2018, 2017, 2016], 'filing_type': '10-K', 'year_comparison': True}
Attempting to locate documents with the filters and query: The company in question is NVIDIA, also referred to by its stock symbol NVDA. The current year is 2024. Answer the following question using NVDA's 10-K filings, ensuring that you infer a relevant timeframe from the question. If the question asks about changes, trends, or comparisons, determine the appropriate range of years based on the current year and extract relevant information accordingly. If no specific year is mentioned, consider the past five years unless context suggests otherwise. The question is: Has the company’s credit rating changed? {'company': ['NVDA'], 'year': ['2024', '2019', '2018', '2017', '2016'], 'filing_type': '10-K'}
Filtering with params: {'company': ['NVDA'], 'year': ['2024', '2019', '2018', '2017', '2016'], 'filing_type': '10-K'}
Total documents in corpus: 3668
Filter 'company': 3668 matches
Filter 'year': 1227 matches
Filter 'filing_type': 3668 matches
Final matching documents: 1227
Reverted query to be: The company in question is NVIDIA, also referred to by its stock symbol NVDA. The current year is 2024. Answer the following question using NVDA's 10-K filings, ensuring that you infer a relevant timeframe from the question. If the question asks about changes, trends, or comparisons, determine the appropriate range of years based on the current year and extract relevant information accordingly. If no specific year is mentioned, consider the past five years unless context suggests otherwise. The question is: Has the company’s credit rating changed?
Response:  I'm sorry, but as an AI language model, I don't have real-time access to external databases or the ability to browse the internet, including financial databases or SEC filings. However, I can guide you on how to find this information.

To determine if NVIDIA's credit rating has changed, you would need to review their credit ratings from different rating agencies over time. You can find this information in their SEC filings, specifically in the annual reports (10-K) or quarterly reports (10-Q) filed with the SEC. Here's a general approach:

1. Go to the SEC's EDGAR database (https://www.sec.gov/edgar.shtml).
2. Enter "NVIDIA Corporation" or "NVDA" in the search bar.
3. Filter the results by the type of report (10-K for annual reports, 10-Q for quarterly reports).
4. Look for the section titled "Management's Discussion and Analysis of Financial Condition and Results of Operations" or "Risk Factors" in the reports.
5. Search for mentions of credit ratings or any changes in credit ratings within these sections.

Alternatively, you can also check financial news websites, Moody's, S&P Global, or Fitch Ratings for historical credit ratings of NVIDIA.

Remember, my response is based on general guidelines and not on specific data, as I don't have access to real-time or external databases.
--------------------------------------------------------------------------------

Query: The company in question is NVIDIA, also referred to by its stock symbol NVDA. The current year is 2024. Answer the following question using NVDA's 10-K filings, ensuring that you infer a relevant timeframe from the question. If the question asks about changes, trends, or comparisons, determine the appropriate range of years based on the current year and extract relevant information accordingly. If no specific year is mentioned, consider the past five years unless context suggests otherwise. The question is: Have institutional ownership levels changed significantly?
Edited query to be: The company in question is NVIDIA, also referred to by its stock symbol NVDA. The current year is 2024. Answer the following question using NVDA's 10-K filings, ensuring that you infer a relevant timeframe from the question. If the question asks about changes, trends, or comparisons, determine the appropriate range of years based on the current year and extract relevant information accordingly. If no specific year is mentioned, consider the past five years unless context suggests otherwise. The question is: Have institutional ownership levels changed significantly?
Extracted filters: {'company': 'NVIDIA', 'years': [2024, 2019, 2018, 2017, 2016], 'filing_type': '10-K', 'year_comparison': True}
Attempting to locate documents with the filters and query: The company in question is NVIDIA, also referred to by its stock symbol NVDA. The current year is 2024. Answer the following question using NVDA's 10-K filings, ensuring that you infer a relevant timeframe from the question. If the question asks about changes, trends, or comparisons, determine the appropriate range of years based on the current year and extract relevant information accordingly. If no specific year is mentioned, consider the past five years unless context suggests otherwise. The question is: Have institutional ownership levels changed significantly? {'company': ['NVDA'], 'year': ['2024', '2019', '2018', '2017', '2016'], 'filing_type': '10-K'}
Filtering with params: {'company': ['NVDA'], 'year': ['2024', '2019', '2018', '2017', '2016'], 'filing_type': '10-K'}
Total documents in corpus: 3668
Filter 'company': 3668 matches
Filter 'year': 1227 matches
Filter 'filing_type': 3668 matches
Final matching documents: 1227
Reverted query to be: The company in question is NVIDIA, also referred to by its stock symbol NVDA. The current year is 2024. Answer the following question using NVDA's 10-K filings, ensuring that you infer a relevant timeframe from the question. If the question asks about changes, trends, or comparisons, determine the appropriate range of years based on the current year and extract relevant information accordingly. If no specific year is mentioned, consider the past five years unless context suggests otherwise. The question is: Have institutional ownership levels changed significantly?
Response:  The provided context includes NVIDIA's (NVDA) 10-K filings from the years 2016, 2017, 2018, 2019, and 2023. To assess changes in institutional ownership levels, we would need to compare the aggregate market value of the voting stock held by non-affiliates and the number of shares of common stock outstanding from these years.

From the context:

- In 2016, the aggregate market value was approximately $28.98 billion, and the shares outstanding were 589 million.
- In 2017, the aggregate market value increased to approximately $146.66 billion, and the shares outstanding were 589 million.
- In 2018, the aggregate market value was not provided, but the shares outstanding were 605 million.
- In 2019, the aggregate market value was not provided, but the shares outstanding were 606 million.
- In 2023, the aggregate market value was approximately $94.31 billion, and the shares outstanding were not provided.

Based on the available data, there was a significant increase in the aggregate market value from 2016 to 2017, suggesting a potential increase in institutional ownership levels. However, without the specific market value for 2018 and 2019, and the shares outstanding for 2023, we cannot conclusively determine the trend or significant changes in institutional ownership levels over the entire period from 2016 to 2023.

To accurately answer this question, we would need the missing data for the years 2018, 2019, and 2023. Since this information is not provided in the context, we can only infer that there was a notable increase between 2016 and 2017, but we cannot provide a complete analysis for the entire timeframe up to 2024.

For a comprehensive analysis, please refer to the complete 10-K filings for the years 2018, 2019, and 2023, or any other available data for the year 2024.
--------------------------------------------------------------------------------

Query: The company in question is NVIDIA, also referred to by its stock symbol NVDA. The current year is 2024. Answer the following question using NVDA's 10-K filings, ensuring that you infer a relevant timeframe from the question. If the question asks about changes, trends, or comparisons, determine the appropriate range of years based on the current year and extract relevant information accordingly. If no specific year is mentioned, consider the past five years unless context suggests otherwise. The question is: Has the company adopted a different approach to forward guidance?
Edited query to be: The company in question is NVIDIA, also referred to by its stock symbol NVDA. The current year is 2024. Answer the following question using NVDA's 10-K filings, ensuring that you infer a relevant timeframe from the question. If the question asks about changes, trends, or comparisons, determine the appropriate range of years based on the current year and extract relevant information accordingly. If no specific year is mentioned, consider the past five years unless context suggests otherwise. The question is: Has the company adopted a different approach to forward guidance?
Extracted filters: {'company': 'NVIDIA', 'years': [2024, 2019, 2018, 2017, 2016], 'filing_type': '10-K', 'year_comparison': True}
Attempting to locate documents with the filters and query: The company in question is NVIDIA, also referred to by its stock symbol NVDA. The current year is 2024. Answer the following question using NVDA's 10-K filings, ensuring that you infer a relevant timeframe from the question. If the question asks about changes, trends, or comparisons, determine the appropriate range of years based on the current year and extract relevant information accordingly. If no specific year is mentioned, consider the past five years unless context suggests otherwise. The question is: Has the company adopted a different approach to forward guidance? {'company': ['NVDA'], 'year': ['2024', '2019', '2018', '2017', '2016'], 'filing_type': '10-K'}
Filtering with params: {'company': ['NVDA'], 'year': ['2024', '2019', '2018', '2017', '2016'], 'filing_type': '10-K'}
Total documents in corpus: 3668
Filter 'company': 3668 matches
Filter 'year': 1227 matches
Filter 'filing_type': 3668 matches
Final matching documents: 1227
Reverted query to be: The company in question is NVIDIA, also referred to by its stock symbol NVDA. The current year is 2024. Answer the following question using NVDA's 10-K filings, ensuring that you infer a relevant timeframe from the question. If the question asks about changes, trends, or comparisons, determine the appropriate range of years based on the current year and extract relevant information accordingly. If no specific year is mentioned, consider the past five years unless context suggests otherwise. The question is: Has the company adopted a different approach to forward guidance?
Response:  Based on the provided context from NVDA's 10-K filings, it appears that the company's approach to forward guidance has been consistent over the years, with references to forward-looking statements being subject to risks and uncertainties. The documents from 2015, 2018, 2019, 2020, and 2023 all mention the company's use of forward-looking statements, which are based on management's beliefs and assumptions, and are subject to the "safe harbor" provisions of the Securities Act of 1933 and the Securities Exchange Act of 1934.

The language used in the forward-looking statements, including terms like "may," "will," "should," "could," "goal," "would," "expect," "plan," "anticipate," "believe," "estimate," "project," "predict," and "potential," is similar across these documents, indicating a consistent methodology in communicating future expectations.

However, without a specific document from 2024, we cannot definitively say whether NVIDIA's approach to forward guidance has changed in 2024. The documents provided do not contain information about the company's practices or statements for the year 2024. To determine if there has been a change in the company's approach to forward guidance in 2024, one would need to review the most recent 10-K filing from that year.

In summary, based on the documents from 2015 to 2023, there is no clear indication of a change in NVIDIA's approach to forward guidance. For information specific to 2024, one would need to examine the company's 2024 10-K filing.
--------------------------------------------------------------------------------

Query: The company in question is NVIDIA, also referred to by its stock symbol NVDA. The current year is 2024. Answer the following question using NVDA's 10-K filings, ensuring that you infer a relevant timeframe from the question. If the question asks about changes, trends, or comparisons, determine the appropriate range of years based on the current year and extract relevant information accordingly. If no specific year is mentioned, consider the past five years unless context suggests otherwise. The question is: Have activist investors influenced strategic changes?
Edited query to be: The company in question is NVIDIA, also referred to by its stock symbol NVDA. The current year is 2024. Answer the following question using NVDA's 10-K filings, ensuring that you infer a relevant timeframe from the question. If the question asks about changes, trends, or comparisons, determine the appropriate range of years based on the current year and extract relevant information accordingly. If no specific year is mentioned, consider the past five years unless context suggests otherwise. The question is: Have activist investors influenced strategic changes?
Extracted filters: {'company': 'NVIDIA', 'years': [2024, 2019, 2018, 2017, 2016], 'filing_type': '10-K', 'year_comparison': True}
Attempting to locate documents with the filters and query: The company in question is NVIDIA, also referred to by its stock symbol NVDA. The current year is 2024. Answer the following question using NVDA's 10-K filings, ensuring that you infer a relevant timeframe from the question. If the question asks about changes, trends, or comparisons, determine the appropriate range of years based on the current year and extract relevant information accordingly. If no specific year is mentioned, consider the past five years unless context suggests otherwise. The question is: Have activist investors influenced strategic changes? {'company': ['NVDA'], 'year': ['2024', '2019', '2018', '2017', '2016'], 'filing_type': '10-K'}
Filtering with params: {'company': ['NVDA'], 'year': ['2024', '2019', '2018', '2017', '2016'], 'filing_type': '10-K'}
Total documents in corpus: 3668
Filter 'company': 3668 matches
Filter 'year': 1227 matches
Filter 'filing_type': 3668 matches
Final matching documents: 1227
Reverted query to be: The company in question is NVIDIA, also referred to by its stock symbol NVDA. The current year is 2024. Answer the following question using NVDA's 10-K filings, ensuring that you infer a relevant timeframe from the question. If the question asks about changes, trends, or comparisons, determine the appropriate range of years based on the current year and extract relevant information accordingly. If no specific year is mentioned, consider the past five years unless context suggests otherwise. The question is: Have activist investors influenced strategic changes?
Response:  The provided context does not include specific information regarding activist investors' influence on strategic changes at NVIDIA (symbol: NVDA) for the year 2024. The documents cited cover NVDA's 10-K filings from 2015, 2016, 2018, 2019, and 2023. To answer the question about activist investors' influence on strategic changes in NVDA for the year 2024, one would need access to more recent data or reports beyond the provided documents. Therefore, based on the given context, it is not possible to determine if activist investors have influenced strategic changes in NVDA for the year 2024. 

Reference: NVDA 10-K filings for 2015, 2016, 2018, 2019, and 2023. No data available for 2024.
--------------------------------------------------------------------------------

Query: The company in question is NVIDIA, also referred to by its stock symbol NVDA. The current year is 2024. Answer the following question using NVDA's 10-K filings, ensuring that you infer a relevant timeframe from the question. If the question asks about changes, trends, or comparisons, determine the appropriate range of years based on the current year and extract relevant information accordingly. If no specific year is mentioned, consider the past five years unless context suggests otherwise. The question is: How has the company’s disclosure on intangible assets evolved?
Edited query to be: The company in question is NVIDIA, also referred to by its stock symbol NVDA. The current year is 2024. Answer the following question using NVDA's 10-K filings, ensuring that you infer a relevant timeframe from the question. If the question asks about changes, trends, or comparisons, determine the appropriate range of years based on the current year and extract relevant information accordingly. If no specific year is mentioned, consider the past five years unless context suggests otherwise. The question is: How has the company’s disclosure on intangible assets evolved?
Extracted filters: {'company': 'NVIDIA', 'years': [2024, 2023, 2022, 2021, 2020], 'filing_type': '10-K', 'year_comparison': True}
Attempting to locate documents with the filters and query: The company in question is NVIDIA, also referred to by its stock symbol NVDA. The current year is 2024. Answer the following question using NVDA's 10-K filings, ensuring that you infer a relevant timeframe from the question. If the question asks about changes, trends, or comparisons, determine the appropriate range of years based on the current year and extract relevant information accordingly. If no specific year is mentioned, consider the past five years unless context suggests otherwise. The question is: How has the company’s disclosure on intangible assets evolved? {'company': ['NVDA'], 'year': ['2024', '2023', '2022', '2021', '2020'], 'filing_type': '10-K'}
Filtering with params: {'company': ['NVDA'], 'year': ['2024', '2023', '2022', '2021', '2020'], 'filing_type': '10-K'}
Total documents in corpus: 3668
Filter 'company': 3668 matches
Filter 'year': 829 matches
Filter 'filing_type': 3668 matches
Final matching documents: 829
Reverted query to be: The company in question is NVIDIA, also referred to by its stock symbol NVDA. The current year is 2024. Answer the following question using NVDA's 10-K filings, ensuring that you infer a relevant timeframe from the question. If the question asks about changes, trends, or comparisons, determine the appropriate range of years based on the current year and extract relevant information accordingly. If no specific year is mentioned, consider the past five years unless context suggests otherwise. The question is: How has the company’s disclosure on intangible assets evolved?
Response:  Based on the provided context from NVDA's 10-K filings, we can observe the evolution of the company's disclosure on intangible assets over the years leading up to 2024. Here's a summary of the key points:

- In 2018, the carrying amount of intangible assets was $641 million, with patents and licensed technology contributing $453 million and acquisition-related intangible assets $188 million. The amortization expense for that year was $68 million.

- By January 2019, the carrying amount of intangible assets increased to $686 million, with the same components contributing $469 million and $195 million, respectively. The amortization expense for fiscal year 2019 was $29 million.

- The company's future amortization expense related to the net carrying amount of intangible assets as of January 2019 was estimated to be $21 million for fiscal year 2020, $12 million for fiscal year 2021, $5 million for fiscal year 2022, and $2 million for fiscal year 2023. For fiscal year 2024 and thereafter, the expense was estimated to be $3 million.

- In 2020, the carrying amount of intangible assets increased further to $750 million, with the same components contributing $58 million and $208 million, respectively. The amortization expense for fiscal year 2020 was $25 million.

- The estimated future amortization expense related to the net carrying amount of intangible assets as of January 2020 was $19 million for fiscal year 2021, $12 million for fiscal year 2022, $9 million for fiscal year 2023, $6 million for fiscal year 2024, and $3 million for fiscal year 2025 and thereafter.

- The carrying amount of intangible assets as of January 26, 2020, was $10,781 million, with the same components contributing $7,507 million and $1,358 million, respectively. The amortization expense for fiscal year 2020 was $25 million.

- The estimated future amortization expense related to the net carrying amount of intangible assets as of January 27, 2019, was $21 million for fiscal year 2020, $12 million for fiscal year 2021, $5 million for fiscal year 2022, and $2 million for fiscal year 2023. For fiscal year 2024 and thereafter, the expense was estimated to be $3 million.

From this information, we can infer that NVIDIA's disclosure on intangible assets has shown an increasing trend in the carrying amount of intangible assets from 2018 to 2020. The company has also provided estimates for future amortization expenses, which have decreased over time from $21 million in 2020 to $3 million in 2023, indicating a slowing pace of amortization. The company's intent to hold investments until maturity and the lack of significant other-than-temporary impairment losses or net realized gains/losses suggest a stable approach to managing its intangible assets.

To provide a more comprehensive analysis, we would need to compare the figures for the fiscal year 2024, which is not included in the provided context. However, based on the trend from 2018 to 2023, it is reasonable to expect that the carrying amount of intangible assets and the associated amortization expenses may continue to increase or stabilize, depending on the company's acquisitions and the lifespan of its intangible assets.

Please note that this analysis is limited to the data available up to January 2023, and for a complete understanding of the company's disclosure evolution in 2024, we would need the specific figures for that year.
--------------------------------------------------------------------------------

Query: The company in question is NVIDIA, also referred to by its stock symbol NVDA. The current year is 2024. Answer the following question using NVDA's 10-K filings, ensuring that you infer a relevant timeframe from the question. If the question asks about changes, trends, or comparisons, determine the appropriate range of years based on the current year and extract relevant information accordingly. If no specific year is mentioned, consider the past five years unless context suggests otherwise. The question is: Have there been material changes in accounting policies?
Edited query to be: The company in question is NVIDIA, also referred to by its stock symbol NVDA. The current year is 2024. Answer the following question using NVDA's 10-K filings, ensuring that you infer a relevant timeframe from the question. If the question asks about changes, trends, or comparisons, determine the appropriate range of years based on the current year and extract relevant information accordingly. If no specific year is mentioned, consider the past five years unless context suggests otherwise. The question is: Have there been material changes in accounting policies?
Extracted filters: {'company': 'NVIDIA', 'years': [2024, 2019, 2018, 2017, 2016], 'filing_type': '10-K', 'year_comparison': True}
Attempting to locate documents with the filters and query: The company in question is NVIDIA, also referred to by its stock symbol NVDA. The current year is 2024. Answer the following question using NVDA's 10-K filings, ensuring that you infer a relevant timeframe from the question. If the question asks about changes, trends, or comparisons, determine the appropriate range of years based on the current year and extract relevant information accordingly. If no specific year is mentioned, consider the past five years unless context suggests otherwise. The question is: Have there been material changes in accounting policies? {'company': ['NVDA'], 'year': ['2024', '2019', '2018', '2017', '2016'], 'filing_type': '10-K'}
Filtering with params: {'company': ['NVDA'], 'year': ['2024', '2019', '2018', '2017', '2016'], 'filing_type': '10-K'}
Total documents in corpus: 3668
Filter 'company': 3668 matches
Filter 'year': 1227 matches
Filter 'filing_type': 3668 matches
Final matching documents: 1227
Reverted query to be: The company in question is NVIDIA, also referred to by its stock symbol NVDA. The current year is 2024. Answer the following question using NVDA's 10-K filings, ensuring that you infer a relevant timeframe from the question. If the question asks about changes, trends, or comparisons, determine the appropriate range of years based on the current year and extract relevant information accordingly. If no specific year is mentioned, consider the past five years unless context suggests otherwise. The question is: Have there been material changes in accounting policies?
Response:  The provided context includes NVIDIA's (NVDA) 10-K filings from the years 2015, 2016, 2017, 2018, and 2019. However, there is no information available for the year 2024, which is the current year mentioned in your query. To assess any material changes in accounting policies for NVIDIA, we would need to review their 10-K filings for the year 2024 or the most recent filings available up to that point. Since we do not have the data for 2024, we cannot provide a definitive answer on material changes in accounting policies based on the given context. 

For an accurate analysis of changes in accounting policies, it would be necessary to examine the most recent filings or obtain the latest updates directly from NVIDIA's official financial disclosures.

If you have access to NVIDIA's 10-K filings for 2024 or any subsequent updates, please provide that information, and I can assist you with analyzing any changes in accounting policies based on the new data.
--------------------------------------------------------------------------------

Query: The company in question is NVIDIA, also referred to by its stock symbol NVDA. The current year is 2024. Answer the following question using NVDA's 10-K filings, ensuring that you infer a relevant timeframe from the question. If the question asks about changes, trends, or comparisons, determine the appropriate range of years based on the current year and extract relevant information accordingly. If no specific year is mentioned, consider the past five years unless context suggests otherwise. The question is: How has the company responded to changes in market sentiment?
Edited query to be: The company in question is NVIDIA, also referred to by its stock symbol NVDA. The current year is 2024. Answer the following question using NVDA's 10-K filings, ensuring that you infer a relevant timeframe from the question. If the question asks about changes, trends, or comparisons, determine the appropriate range of years based on the current year and extract relevant information accordingly. If no specific year is mentioned, consider the past five years unless context suggests otherwise. The question is: How has the company responded to changes in market sentiment?
Extracted filters: {'company': 'NVIDIA', 'years': [2024, 2019, 2018, 2017, 2016], 'filing_type': '10-K', 'year_comparison': True}
Attempting to locate documents with the filters and query: The company in question is NVIDIA, also referred to by its stock symbol NVDA. The current year is 2024. Answer the following question using NVDA's 10-K filings, ensuring that you infer a relevant timeframe from the question. If the question asks about changes, trends, or comparisons, determine the appropriate range of years based on the current year and extract relevant information accordingly. If no specific year is mentioned, consider the past five years unless context suggests otherwise. The question is: How has the company responded to changes in market sentiment? {'company': ['NVDA'], 'year': ['2024', '2019', '2018', '2017', '2016'], 'filing_type': '10-K'}
Filtering with params: {'company': ['NVDA'], 'year': ['2024', '2019', '2018', '2017', '2016'], 'filing_type': '10-K'}
Total documents in corpus: 3668
Filter 'company': 3668 matches
Filter 'year': 1227 matches
Filter 'filing_type': 3668 matches
Final matching documents: 1227
Reverted query to be: The company in question is NVIDIA, also referred to by its stock symbol NVDA. The current year is 2024. Answer the following question using NVDA's 10-K filings, ensuring that you infer a relevant timeframe from the question. If the question asks about changes, trends, or comparisons, determine the appropriate range of years based on the current year and extract relevant information accordingly. If no specific year is mentioned, consider the past five years unless context suggests otherwise. The question is: How has the company responded to changes in market sentiment?
Response:  Based on the provided context from NVDA's 10-K filings for the years 2023 and 2024, we can infer the company's response to changes in market sentiment. In the 2024 filing, it is mentioned that the company assessed the useful lives of its property, plant, and equipment, resulting in an increase from three to four or five years. This change, due to advances in technology and usage rate, led to a benefit of $33 million for cost of revenue and $102 million for operating expenses, subsequently increasing operating income by $135 million and net income by $114 million after tax. This adjustment in estimates reflects the company's responsiveness to technological changes and market conditions, which can be linked to shifts in market sentiment.

To provide a more comprehensive analysis, we can compare these figures with those from the 2023 filing:

- In 2023, the company's cost of revenue was $4,545 million, and operating expenses were $3,892 million.
- In 2024, after adjusting the estimated useful life of assets, the cost of revenue decreased to $4,538 million ($4,545 million - $7 million), and operating expenses decreased to $3,790 million ($3,892 million - $112 million).

The decrease in both cost of revenue and operating expenses, alongside the increase in operating income and net income, suggests that the company has been proactive in adapting its asset management strategies in response to market sentiment and technological advancements. This strategic response likely contributes to its financial performance and resilience in the face of changing market conditions.

It's important to note that the provided context only includes data from 2023 and 2024, so a detailed analysis of the company's response over the past five years or more is not possible from the given information. However, the trend observed in these two years indicates a positive adjustment to market sentiment and technological changes.

For a more in-depth understanding of NVDA's response to market sentiment over a broader timeframe, one would need to review additional filings from the years preceding 2023.
--------------------------------------------------------------------------------
---------------------------------------
Begin Slurm Epilog: Mar-07-2025 15:51:48
Job ID:        3096673
User ID:       dfu71
Account:       gts-yke8
Job name:      rag
Resources:     cpu=1,gres/gpu:h200=1,mem=80G,node=1
Rsrc Used:     cput=02:21:33,vmem=0,walltime=02:21:33,mem=9776K,energy_used=0
Partition:     gpu-h200
QOS:           inferno
Nodes:         atl1-1-01-007-21-0
---------------------------------------
