---------------------------------------
Begin Slurm Prolog: Mar-07-2025 01:22:31
Job ID:    3086627
User ID:   dfu71
Account:   gts-yke8
Job name:  rag
Partition: gpu-h200
QOS:       inferno
---------------------------------------
`flash-attention` package not found, consider installing for better performance: No module named 'flash_attn'.
Current `flash-attention` does not support `window_size`. Either upgrade or use `attn_implementation='eager'`.
Loading checkpoint shards:   0%|          | 0/2 [00:00<?, ?it/s]Loading checkpoint shards:  50%|█████     | 1/2 [00:07<00:07,  7.19s/it]Loading checkpoint shards: 100%|██████████| 2/2 [00:11<00:00,  5.28s/it]Loading checkpoint shards: 100%|██████████| 2/2 [00:11<00:00,  5.57s/it]
Device set to use cuda:0
/storage/scratch1/6/dfu71/halulujah/venv_RAG/lib/python3.10/site-packages/transformers/generation/configuration_utils.py:628: UserWarning: `do_sample` is set to `False`. However, `temperature` is set to `0` -- this flag is only used in sample-based generation modes. You should set `do_sample=True` or unset `temperature`.
  warnings.warn(
The `seen_tokens` attribute is deprecated and will be removed in v4.41. Use the `cache_position` model input instead.
`get_max_cache()` is deprecated for all Cache classes. Use `get_max_cache_shape()` instead. Calling `get_max_cache()` will raise error from v4.48
You are not running the flash-attention implementation, expect numerical differences.
Loading FAISS index...
Loading corpus and metadata...
Loading BM25 index...

Query: The current date is March 2025. Answer the following question using NVDA's 10-K filings: How has the company’s stated mission or long-term vision changed over the past five years?
Edited query to be: The current date is March 2025. Answer the following question using NVDA's 10-K filings: How has the company’s stated mission or long-term vision changed over the past five years?
Extracted filters: {'company': 'NVDA', 'years': [2020, 2021, 2022, 2023, 2024, 2025], 'filing_type': '10-K', 'year_comparison': True}
Attempting to locate documents with the filters and query: The current date is March 2025. Answer the following question using NVDA's 10-K filings: How has the company’s stated mission or long-term vision changed over the past five years? {'company': 'NVDA', 'year': ['2020', '2021', '2022', '2023', '2024', '2025'], 'filing_type': '10-K'}
Filtering with params: {'company': 'NVDA', 'year': ['2020', '2021', '2022', '2023', '2024', '2025'], 'filing_type': '10-K'}
Total documents in corpus: 3668
Filter 'company': 3668 matches
Filter 'year': 829 matches
Filter 'filing_type': 3668 matches
Final matching documents: 829
Reverted query to be: The current date is March 2025. Answer the following question using NVDA's 10-K filings: How has the company’s stated mission or long-term vision changed over the past five years?
Response:  I'm sorry, but based on the provided context, there is no specific information regarding the company's stated mission or long-term vision changes over the past five years. The documents only provide details about financial statements, risk factors, employee retirement plans, segment information, and other financial aspects from 2020 to 2024. To answer your question about changes in the company's mission or long-term vision, additional information or context would be required.
--------------------------------------------------------------------------------

Query: The current date is March 2025. Answer the following question using NVDA's 10-K filings: Has the company expanded into new business segments or industries? Provide evidence.
Edited query to be: The current date is March 2025. Answer the following question using NVDA's 10-K filings: Has the company expanded into new business segments or industries? Provide evidence.
Extracted filters: {'company': 'NVDA', 'years': [2025], 'filing_type': '10-K', 'year_comparison': False}
Attempting to locate documents with the filters and query: The current date is March 2025. Answer the following question using NVDA's 10-K filings: Has the company expanded into new business segments or industries? Provide evidence. {'company': 'NVDA', 'year': ['2025'], 'filing_type': '10-K'}
Filtering with params: {'company': 'NVDA', 'year': ['2025'], 'filing_type': '10-K'}
Total documents in corpus: 3668
Filter 'company': 3668 matches
Filter 'year': 124 matches
Filter 'filing_type': 3668 matches
Final matching documents: 124
Reverted query to be: The current date is March 2025. Answer the following question using NVDA's 10-K filings: Has the company expanded into new business segments or industries? Provide evidence.
Response:  According to Document 1 in the NVDA 10-K filing for the year 2024, EGNIVIA Corporation has expanded beyond its original focus on PC graphics into several other computationally intensive fields. The company leveraged its GPU architecture to create platforms for accelerated computing, AI solutions, scientific computing, data science, AV, robotics, metaverse, and 3D internet applications. This information indicates that EGNIVIA has indeed expanded into new business segments or industries beyond its initial focus. The specific fields mentioned include accelerated computing, AI solutions, scientific computing, data science, AV (Audio/Visual), robotics, metaverse, and 3D internet applications, demonstrating a diversification of its business operations.
--------------------------------------------------------------------------------

Query: The current date is March 2025. Answer the following question using NVDA's 10-K filings: Has the company discontinued any major product lines or services? Explain why.
Edited query to be: The current date is March 2025. Answer the following question using NVDA's 10-K filings: Has the company discontinued any major product lines or services? Explain why.
Extracted filters: {'company': 'NVDA', 'years': [2025], 'filing_type': '10-K', 'year_comparison': False}
Attempting to locate documents with the filters and query: The current date is March 2025. Answer the following question using NVDA's 10-K filings: Has the company discontinued any major product lines or services? Explain why. {'company': 'NVDA', 'year': ['2025'], 'filing_type': '10-K'}
Filtering with params: {'company': 'NVDA', 'year': ['2025'], 'filing_type': '10-K'}
Total documents in corpus: 3668
Filter 'company': 3668 matches
Filter 'year': 124 matches
Filter 'filing_type': 3668 matches
Final matching documents: 124
Reverted query to be: The current date is March 2025. Answer the following question using NVDA's 10-K filings: Has the company discontinued any major product lines or services? Explain why.
Response:  Based on the provided context from NVDA's 10-K filings, there is no explicit mention of the company discontinuing any major product lines or services as of March 2025. The documents discuss various aspects of the company's financial condition, operations, and future objectives, including demand and supply dynamics, product transitions, and new product developments. Specifically, Document 1 mentions an increase in demand for data center systems and products, with new product visibility later in fiscal year 2025, and efforts to increase supply and capacity purchases, add new vendors, and enter into prepaid manufacturing and capacity agreements. There is also a mention of the supply of Hopper architecture products improving and strong demand remaining.

However, there is no direct indication of discontinuing any major product lines or services. The company appears to be focusing on expanding its supply chain, managing execution risks, and adapting to changes in product development cycles and market demands.

To provide a more definitive answer, further analysis of subsequent filings or company announcements would be necessary, as the provided context only covers information up to January 2024 and does not extend into March 2025.
--------------------------------------------------------------------------------

Query: The current date is March 2025. Answer the following question using NVDA's 10-K filings: How has the company’s revenue diversification (by product, service, or geography) changed?
Edited query to be: The current date is March 2025. Answer the following question using NVDA's 10-K filings: How has the company’s revenue diversification (by product, service, or geography) changed?
Extracted filters: {'company': 'NVDA', 'years': [2025], 'filing_type': '10-K', 'year_comparison': True}
Attempting to locate documents with the filters and query: The current date is March 2025. Answer the following question using NVDA's 10-K filings: How has the company’s revenue diversification (by product, service, or geography) changed? {'company': 'NVDA', 'year': ['2025'], 'filing_type': '10-K'}
Filtering with params: {'company': 'NVDA', 'year': ['2025'], 'filing_type': '10-K'}
Total documents in corpus: 3668
Filter 'company': 3668 matches
Filter 'year': 124 matches
Filter 'filing_type': 3668 matches
Final matching documents: 124
Reverted query to be: The current date is March 2025. Answer the following question using NVDA's 10-K filings: How has the company’s revenue diversification (by product, service, or geography) changed?
You seem to be using the pipelines sequentially on GPU. In order to maximize efficiency please use a dataset
Response:  The provided context does not include specific information about changes in the company's revenue diversification from March 2025. The documents mention the company's expansion into various computationally intensive fields, such as AI solutions, scientific computing, data science, AV, robotics, metaverse, and 3D internet applications, and the strong demand for their data center systems and products. However, detailed financial data or comparative analysis for March 2025 is not provided in the given documents. To accurately assess the changes in revenue diversification, we would need financial data from the company's reports or filings for that specific period.
--------------------------------------------------------------------------------

Query: The current date is March 2025. Answer the following question using NVDA's 10-K filings: Have there been changes in the company's branding or positioning in the market?
Edited query to be: The current date is March 2025. Answer the following question using NVDA's 10-K filings: Have there been changes in the company's branding or positioning in the market?
Extracted filters: {'company': 'NVDA', 'years': [2025], 'filing_type': '10-K', 'year_comparison': True}
Attempting to locate documents with the filters and query: The current date is March 2025. Answer the following question using NVDA's 10-K filings: Have there been changes in the company's branding or positioning in the market? {'company': 'NVDA', 'year': ['2025'], 'filing_type': '10-K'}
Filtering with params: {'company': 'NVDA', 'year': ['2025'], 'filing_type': '10-K'}
Total documents in corpus: 3668
Filter 'company': 3668 matches
Filter 'year': 124 matches
Filter 'filing_type': 3668 matches
Final matching documents: 124
Reverted query to be: The current date is March 2025. Answer the following question using NVDA's 10-K filings: Have there been changes in the company's branding or positioning in the market?
Response:  The provided context does not include specific information about changes in the company's branding or market positioning as of March 2025. The documents reference fiscal years, tax attributes, revenue recognition, and financial statements up to January 28, 2024, and January 29, 2023. For updates on branding or market positioning after this date, additional information or a more recent filing would be required.
--------------------------------------------------------------------------------

Query: The current date is March 2025. Answer the following question using NVDA's 10-K filings: How have acquisitions or divestitures affected the company’s strategic direction?
Edited query to be: The current date is March 2025. Answer the following question using NVDA's 10-K filings: How have acquisitions or divestitures affected the company’s strategic direction?
Extracted filters: {'company': 'NVDA', 'years': [2025], 'filing_type': '10-K', 'year_comparison': True}
Attempting to locate documents with the filters and query: The current date is March 2025. Answer the following question using NVDA's 10-K filings: How have acquisitions or divestitures affected the company’s strategic direction? {'company': 'NVDA', 'year': ['2025'], 'filing_type': '10-K'}
Filtering with params: {'company': 'NVDA', 'year': ['2025'], 'filing_type': '10-K'}
Total documents in corpus: 3668
Filter 'company': 3668 matches
Filter 'year': 124 matches
Filter 'filing_type': 3668 matches
Final matching documents: 124
Reverted query to be: The current date is March 2025. Answer the following question using NVDA's 10-K filings: How have acquisitions or divestitures affected the company’s strategic direction?
Response:  The provided context does not explicitly mention any specific acquisitions or divestitures and their impact on the company's strategic direction. The documents focus on various financial aspects such as tax attributes, revenue recognition, income statements, balance sheets, and management's discussion and analysis. To understand how acquisitions or divestitures have affected EGNIVIA Corporation's strategic direction, one would need to review additional sections of the 10-K filing or other company documents that detail such transactions and their strategic implications. Without that specific information, it is not possible to directly answer the question based on the given context.
--------------------------------------------------------------------------------

Query: The current date is March 2025. Answer the following question using NVDA's 10-K filings: Has the company entered or exited international markets? If so, what reasons were given?
Edited query to be: The current date is March 2025. Answer the following question using NVDA's 10-K filings: Has the company entered or exited international markets? If so, what reasons were given?
Extracted filters: {'company': 'NVDA', 'years': [2025], 'filing_type': '10-K', 'year_comparison': False}
Attempting to locate documents with the filters and query: The current date is March 2025. Answer the following question using NVDA's 10-K filings: Has the company entered or exited international markets? If so, what reasons were given? {'company': 'NVDA', 'year': ['2025'], 'filing_type': '10-K'}
Filtering with params: {'company': 'NVDA', 'year': ['2025'], 'filing_type': '10-K'}
Total documents in corpus: 3668
Filter 'company': 3668 matches
Filter 'year': 124 matches
Filter 'filing_type': 3668 matches
Final matching documents: 124
Reverted query to be: The current date is March 2025. Answer the following question using NVDA's 10-K filings: Has the company entered or exited international markets? If so, what reasons were given?
Response:  The provided context does not explicitly state whether the company has entered or exited international markets as of March 2025. However, it does mention challenges related to international operations, specifically in China. The company faced export restrictions and licensing requirements targeting China's semiconductor and supercomputing industries, which impacted the export of certain products like A100 and H100 integrated circuits. These restrictions could potentially lead to penalties or restrictions on the company's ability to conduct business in China. The company also transitioned some operations out of China and Hong Kong due to these restrictions. The reasons given for these changes are compliance with US government export controls and the potential negative impact on research, development, supply, distribution operations, and revenue. Therefore, while the company has faced challenges in international markets, particularly in China, there is no clear indication of entry or exit from international markets as of the last provided information in March 2025.
--------------------------------------------------------------------------------

Query: The current date is March 2025. Answer the following question using NVDA's 10-K filings: Have there been shifts in capital allocation priorities, such as investing more in R&D versus acquisitions?
Edited query to be: The current date is March 2025. Answer the following question using NVDA's 10-K filings: Have there been shifts in capital allocation priorities, such as investing more in R&D versus acquisitions?
Extracted filters: {'company': None, 'years': [2025], 'filing_type': '10-K', 'year_comparison': True}
Attempting to locate documents with the filters and query: The current date is March 2025. Answer the following question using NVDA's 10-K filings: Have there been shifts in capital allocation priorities, such as investing more in R&D versus acquisitions? {'year': ['2025'], 'filing_type': '10-K'}
Filtering with params: {'year': ['2025'], 'filing_type': '10-K'}
Total documents in corpus: 3668
Filter 'year': 124 matches
Filter 'filing_type': 3668 matches
Final matching documents: 124
Reverted query to be: The current date is March 2025. Answer the following question using NVDA's 10-K filings: Have there been shifts in capital allocation priorities, such as investing more in R&D versus acquisitions?
Response:  The provided context does not explicitly mention shifts in capital allocation priorities between investing in R&D versus acquisitions for the fiscal years ending January 28, 2024, January 29, 2023, and January 30, 2022. However, it does provide some financial data that can be used for comparison:

- Research and development expenses for the fiscal year ended January 28, 2024, were $8,675 million, compared to $7,339 million for the fiscal year ended January 29, 2023. This indicates an increase in R&D spending by $1,336 million or approximately 17.9%.

- Acquisition termination costs for the fiscal year ended January 29, 2023, were $1,353 million, with no such costs mentioned for the fiscal years ending January 28, 2024, and January 30, 2022.

Based on this limited information, it appears that there has been an increase in R&D investment in the fiscal year ending January 28, 2024, as evidenced by the higher R&D expenditure. However, without data on acquisitions for the same periods, it is not possible to conclusively determine a shift in capital allocation priorities. Additionally, the context does not provide information beyond March 2025, so we cannot assess any changes that may have occurred after this date.

Reference: NVDA 10-K 2024, Consolidated Statements of Income (In millions)

Note: This analysis is based on the available data and does not account for other factors that might influence capital allocation decisions. For a comprehensive understanding, a more detailed review of the company's strategic decisions and financial reports would be necessary.
--------------------------------------------------------------------------------

Query: The current date is March 2025. Answer the following question using NVDA's 10-K filings: Has the company adopted new business models (e.g., subscription-based vs. one-time sales)?
Edited query to be: The current date is March 2025. Answer the following question using NVDA's 10-K filings: Has the company adopted new business models (e.g., subscription-based vs. one-time sales)?
Extracted filters: {'company': 'NVDA', 'years': [2025], 'filing_type': '10-K', 'year_comparison': False}
Attempting to locate documents with the filters and query: The current date is March 2025. Answer the following question using NVDA's 10-K filings: Has the company adopted new business models (e.g., subscription-based vs. one-time sales)? {'company': 'NVDA', 'year': ['2025'], 'filing_type': '10-K'}
Filtering with params: {'company': 'NVDA', 'year': ['2025'], 'filing_type': '10-K'}
Total documents in corpus: 3668
Filter 'company': 3668 matches
Filter 'year': 124 matches
Filter 'filing_type': 3668 matches
Final matching documents: 124
Reverted query to be: The current date is March 2025. Answer the following question using NVDA's 10-K filings: Has the company adopted new business models (e.g., subscription-based vs. one-time sales)?
Response:  The provided context does not explicitly mention whether EGNIVIA Corporation has adopted new business models such as subscription-based versus one-time sales in March 2025. The documents reference product transitions, demand visibility for new data center products, and increased supply and capacity purchases, but specific details on the shift to new business models like subscription-based sales are not included. Therefore, based on the given information, it is not possible to determine if EGNIVIA has adopted such business models by March 2025.
--------------------------------------------------------------------------------

Query: The current date is March 2025. Answer the following question using NVDA's 10-K filings: How has the company’s approach to digital transformation evolved?
Edited query to be: The current date is March 2025. Answer the following question using NVDA's 10-K filings: How has the company’s approach to digital transformation evolved?
Extracted filters: {'company': 'NVDA', 'years': [2025], 'filing_type': '10-K', 'year_comparison': True}
Attempting to locate documents with the filters and query: The current date is March 2025. Answer the following question using NVDA's 10-K filings: How has the company’s approach to digital transformation evolved? {'company': 'NVDA', 'year': ['2025'], 'filing_type': '10-K'}
Filtering with params: {'company': 'NVDA', 'year': ['2025'], 'filing_type': '10-K'}
Total documents in corpus: 3668
Filter 'company': 3668 matches
Filter 'year': 124 matches
Filter 'filing_type': 3668 matches
Final matching documents: 124
Reverted query to be: The current date is March 2025. Answer the following question using NVDA's 10-K filings: How has the company’s approach to digital transformation evolved?
Response:  According to the NVDA 10-K filing for the year ended January 28, 2024, EGNIVIA Corporation has evolved its approach to digital transformation by leveraging innovation across various layers of its computing architecture. The company has focused on delivering performance improvements that surpass Moore's Law by innovating in chip design, system architecture, interconnects, and software layers. This full-stack innovation strategy has enabled EGNIVIA to achieve significant performance advantages in key markets such as Data Center, Gaming, Professional Visualization, and Automotive.

The company has utilized its GPUs, CUDA, and networking technologies as fundamental building blocks to create a unified underlying architecture that supports multiple multi-billion-dollar end markets. By doing so, EGNIVIA can invest in research and development across various software stacks, either internally or through third-party developers and partners, to cater to diverse computing requirements.

In the realm of AI, EGNIVIA has extended its technology and platform leadership by providing a complete, end-to-end accelerated computing platform for AI, which includes training and inferencing solutions. This encompasses all three major processing units in AI servers: GPUs, CPUs, and DPUs. GPUs are particularly well-suited for AI, and EGNIVIA plans to continue adding AI-specific features to its GPU architecture. Additionally, EGNIVIA offers DGX Cloud, an AI-training-as-a-service platform, and NeMo, a solution for building enterprise-ready Large Language Models (LLMs).

In computer graphics, EGNIVIA has applied its research and development resources to enhance user experiences for consumer entertainment and professional visualization applications, as well as creating new virtual world and simulation capabilities. Their technologies are instrumental in advancing the gaming, design, and creative industries, with developers using their libraries and algorithms on GeForce and EGNIVIA RTX platforms. The company's computer graphics platforms leverage AI end-to-end, including developer tools, cloud services, and Tensor Cores in RTX-class GPUs.

For instance, EGNIVIA's Avatar Cloud Engine (ACE) suite of technologies helps developers bring digital avatars to life using generative AI. The GeForce Experience also enhances the user experience.

Overall, EGNIVIA's approach to digital transformation has evolved by integrating AI and computer graphics, leveraging its underlying architecture and technologies, and providing comprehensive solutions across different markets and applications. This approach has allowed the company to maintain its leadership position in computing technologies and continue to address the diverse computing requirements of various end markets.
--------------------------------------------------------------------------------

Query: The current date is March 2025. Answer the following question using NVDA's 10-K filings: How has the company’s identification of key competitors changed?
Edited query to be: The current date is March 2025. Answer the following question using NVDA's 10-K filings: How has the company’s identification of key competitors changed?
Extracted filters: {'company': 'NVDA', 'years': [2025], 'filing_type': '10-K', 'year_comparison': True}
Attempting to locate documents with the filters and query: The current date is March 2025. Answer the following question using NVDA's 10-K filings: How has the company’s identification of key competitors changed? {'company': 'NVDA', 'year': ['2025'], 'filing_type': '10-K'}
Filtering with params: {'company': 'NVDA', 'year': ['2025'], 'filing_type': '10-K'}
Total documents in corpus: 3668
Filter 'company': 3668 matches
Filter 'year': 124 matches
Filter 'filing_type': 3668 matches
Final matching documents: 124
Reverted query to be: The current date is March 2025. Answer the following question using NVDA's 10-K filings: How has the company’s identification of key competitors changed?
Response:  The provided context does not include specific information regarding changes in the identification of key competitors from the NVDA's 10-K filings or any other documents. Therefore, it is not possible to determine how the company’s identification of key competitors has changed based on the given information. To answer this question accurately, additional details or context regarding competitors would be required.
--------------------------------------------------------------------------------

Query: The current date is March 2025. Answer the following question using NVDA's 10-K filings: Have there been shifts in the company's market share, based on disclosures?
Edited query to be: The current date is March 2025. Answer the following question using NVDA's 10-K filings: Have there been shifts in the company's market share, based on disclosures?
Extracted filters: {'company': 'NVDA', 'years': [2025], 'filing_type': '10-K', 'year_comparison': True}
Attempting to locate documents with the filters and query: The current date is March 2025. Answer the following question using NVDA's 10-K filings: Have there been shifts in the company's market share, based on disclosures? {'company': 'NVDA', 'year': ['2025'], 'filing_type': '10-K'}
Filtering with params: {'company': 'NVDA', 'year': ['2025'], 'filing_type': '10-K'}
Total documents in corpus: 3668
Filter 'company': 3668 matches
Filter 'year': 124 matches
Filter 'filing_type': 3668 matches
Final matching documents: 124
Reverted query to be: The current date is March 2025. Answer the following question using NVDA's 10-K filings: Have there been shifts in the company's market share, based on disclosures?
Response:  The provided context does not include specific information regarding shifts in the company's market share or any disclosures related to market share changes. To answer your question about shifts in market share, we would need additional data or specific disclosures from the company's financial statements or notes that discuss market position or competitive analysis. As of the information given, there is no mention of market share changes in the documents provided.
--------------------------------------------------------------------------------

Query: The current date is March 2025. Answer the following question using NVDA's 10-K filings: Have technological advancements by competitors forced the company to adapt its strategy?
Edited query to be: The current date is March 2025. Answer the following question using NVDA's 10-K filings: Have technological advancements by competitors forced the company to adapt its strategy?
Extracted filters: {'company': 'NVDA', 'years': [2025], 'filing_type': '10-K', 'year_comparison': True}
Attempting to locate documents with the filters and query: The current date is March 2025. Answer the following question using NVDA's 10-K filings: Have technological advancements by competitors forced the company to adapt its strategy? {'company': 'NVDA', 'year': ['2025'], 'filing_type': '10-K'}
Filtering with params: {'company': 'NVDA', 'year': ['2025'], 'filing_type': '10-K'}
Total documents in corpus: 3668
Filter 'company': 3668 matches
Filter 'year': 124 matches
Filter 'filing_type': 3668 matches
Final matching documents: 124
Reverted query to be: The current date is March 2025. Answer the following question using NVDA's 10-K filings: Have technological advancements by competitors forced the company to adapt its strategy?
Response:  Based on the information provided in NVDA's 10-K filings for the year ended January 28, 2024, the company acknowledges that the market for its products is intensely competitive, characterized by rapid technological change and evolving industry standards. The company recognizes that competition comes from various sources, including companies providing or intending to provide GPUs, CPUs, DPUs, embedded SoCs, and other accelerated, AI computing processor products, as well as providers of semiconductor-based high-performance interconnect products. The company believes its ability to remain competitive hinges on its capacity to anticipate customer and partner demands for features and functions, and deliver consistent product volumes at competitive prices and quality.

While the specific impact of technological advancements by competitors on the company's strategy in March 2025 is not directly addressed in the provided documents, the company's acknowledgment of a competitive environment shaped by technological changes and evolving industry standards implies that it must continuously adapt its strategy to remain competitive. The company's focus on product design, quality assurance, marketing, customer support, and expansion of supplier relationships to build redundancy and resilience in operations suggests an ongoing effort to adapt to market changes, including those brought about by competitors' technological advancements.

However, the documents do not provide specific details about the company's actions or strategic adaptations in response to technological advancements by competitors as of March 2025. Therefore, while it is clear that the company recognizes the need to adapt to a competitive and technologically evolving market, the exact nature of these adaptations as of March 2025 remains uncertain based on the provided context.
--------------------------------------------------------------------------------

Query: The current date is March 2025. Answer the following question using NVDA's 10-K filings: Has the company changed its stance on pricing strategy relative to competitors?
Edited query to be: The current date is March 2025. Answer the following question using NVDA's 10-K filings: Has the company changed its stance on pricing strategy relative to competitors?
Extracted filters: {'company': 'NVDA', 'years': [2025], 'filing_type': '10-K', 'year_comparison': True}
Attempting to locate documents with the filters and query: The current date is March 2025. Answer the following question using NVDA's 10-K filings: Has the company changed its stance on pricing strategy relative to competitors? {'company': 'NVDA', 'year': ['2025'], 'filing_type': '10-K'}
Filtering with params: {'company': 'NVDA', 'year': ['2025'], 'filing_type': '10-K'}
Total documents in corpus: 3668
Filter 'company': 3668 matches
Filter 'year': 124 matches
Filter 'filing_type': 3668 matches
Final matching documents: 124
Reverted query to be: The current date is March 2025. Answer the following question using NVDA's 10-K filings: Has the company changed its stance on pricing strategy relative to competitors?
Response:  The provided context does not include specific information regarding changes in the company's pricing strategy relative to competitors as of March 2025. The documents focus on various financial aspects such as effective tax rates, liquidity resources, investing activities, equity award activity, and goodwill valuation. To determine any changes in the company's pricing strategy relative to competitors, additional information or a specific section discussing pricing strategy would be required.
--------------------------------------------------------------------------------

Query: The current date is March 2025. Answer the following question using NVDA's 10-K filings: How has the company responded to new market entrants in its industry?
Edited query to be: The current date is March 2025. Answer the following question using NVDA's 10-K filings: How has the company responded to new market entrants in its industry?
Extracted filters: {'company': 'NVDA', 'years': [2025], 'filing_type': '10-K', 'year_comparison': False}
Attempting to locate documents with the filters and query: The current date is March 2025. Answer the following question using NVDA's 10-K filings: How has the company responded to new market entrants in its industry? {'company': 'NVDA', 'year': ['2025'], 'filing_type': '10-K'}
Filtering with params: {'company': 'NVDA', 'year': ['2025'], 'filing_type': '10-K'}
Total documents in corpus: 3668
Filter 'company': 3668 matches
Filter 'year': 124 matches
Filter 'filing_type': 3668 matches
Final matching documents: 124
Reverted query to be: The current date is March 2025. Answer the following question using NVDA's 10-K filings: How has the company responded to new market entrants in its industry?
Response:  The provided context does not explicitly detail how the company has responded to new market entrants in its industry as of March 2025. The documents mention recent developments, future objectives, and challenges, including demand and supply, product transitions, and new product and business models. It states that there has been a surge in demand for data center systems and products in fiscal year 2024 and that the company is gathering customer demand indications for product transitions entering fiscal year 2025. The company has increased supply and capacity purchases, added new vendors, and entered into prepaid manufacturing and capacity agreements to meet this demand. However, specific strategies or responses to new market entrants are not directly addressed in the given information. To understand the company's response to new market entrants as of March 2025, one would need more recent or updated information beyond the provided documents.
--------------------------------------------------------------------------------

Query: The current date is March 2025. Answer the following question using NVDA's 10-K filings: Have there been shifts in the company’s industry ranking or recognition?
Edited query to be: The current date is March 2025. Answer the following question using NVDA's 10-K filings: Have there been shifts in the company’s industry ranking or recognition?
Extracted filters: {'company': 'NVDA', 'years': [2025], 'filing_type': '10-K', 'year_comparison': True}
Attempting to locate documents with the filters and query: The current date is March 2025. Answer the following question using NVDA's 10-K filings: Have there been shifts in the company’s industry ranking or recognition? {'company': 'NVDA', 'year': ['2025'], 'filing_type': '10-K'}
Filtering with params: {'company': 'NVDA', 'year': ['2025'], 'filing_type': '10-K'}
Total documents in corpus: 3668
Filter 'company': 3668 matches
Filter 'year': 124 matches
Filter 'filing_type': 3668 matches
Final matching documents: 124
Reverted query to be: The current date is March 2025. Answer the following question using NVDA's 10-K filings: Have there been shifts in the company’s industry ranking or recognition?
Response:  The provided context does not include specific information regarding shifts in the company's industry ranking or recognition as of March 2025. The documents reference fiscal years 2024, 2023, and 2022, and discuss various aspects such as tax attributes, revenue recognition, product transitions, supply chain complexities, and internal control over financial reporting. However, there is no mention of industry rankings or recognition changes within the given documents. To determine any shifts in the company's industry ranking or recognition as of March 2025, one would need to review more recent or upcoming industry reports or the company's own announcements post the provided documents' dates.
--------------------------------------------------------------------------------

Query: The current date is March 2025. Answer the following question using NVDA's 10-K filings: Have changes in customer demand influenced the company’s competitive strategy?
Edited query to be: The current date is March 2025. Answer the following question using NVDA's 10-K filings: Have changes in customer demand influenced the company’s competitive strategy?
Extracted filters: {'company': 'NVDA', 'years': [2025], 'filing_type': '10-K', 'year_comparison': True}
Attempting to locate documents with the filters and query: The current date is March 2025. Answer the following question using NVDA's 10-K filings: Have changes in customer demand influenced the company’s competitive strategy? {'company': 'NVDA', 'year': ['2025'], 'filing_type': '10-K'}
Filtering with params: {'company': 'NVDA', 'year': ['2025'], 'filing_type': '10-K'}
Total documents in corpus: 3668
Filter 'company': 3668 matches
Filter 'year': 124 matches
Filter 'filing_type': 3668 matches
Final matching documents: 124
Reverted query to be: The current date is March 2025. Answer the following question using NVDA's 10-K filings: Have changes in customer demand influenced the company’s competitive strategy?
Response:  According to the NVDA 10-K filing for the year ended January 28, 2024, the company has experienced a surge in demand for its data center systems and products in fiscal year 2024. As of March 2025, the company is still gathering customer demand indications for several product transitions, with visibility for new data center products expected to ramp later in the fiscal year 2025. The increased demand has led the company to increase supply and capacity purchases with existing suppliers, add new vendors, and enter into prepaid manufacturing and capacity agreements. This heightened demand and the complexity of product transitions, where new and prior architecture products are often shipped simultaneously, have influenced the company's competitive strategy by necessitating more complex supply chain management and potentially impacting revenue. The company may also need to secure additional supplier and capacity arrangements, which could introduce more complexity and execution risk.

Specifically, the document states:

"Demand for our data center systems and products surged in fiscal year 2024. Entering fiscal year 2025, we are gathering customer demand indications across several product transitions. We have increased our supply and capacity purchases with existing suppliers, added new vendors and entered into prepaid manufacturing and capacity agreements. These increased purchase volumes, the number of suppliers, and the integration of new vendors into our supply chain may create more complexity and execution risk. We may continue to enter into new supplier and capacity arrangements."

This information indicates that changes in customer demand have indeed influenced the company's competitive strategy, particularly in terms of supply chain management and the need for additional supplier arrangements to meet the increased demand.
--------------------------------------------------------------------------------

Query: The current date is March 2025. Answer the following question using NVDA's 10-K filings: How has the company adjusted to supply chain disruptions affecting its industry?
Edited query to be: The current date is March 2025. Answer the following question using NVDA's 10-K filings: How has the company adjusted to supply chain disruptions affecting its industry?
Extracted filters: {'company': 'NVDA', 'years': [2025], 'filing_type': '10-K', 'year_comparison': False}
Attempting to locate documents with the filters and query: The current date is March 2025. Answer the following question using NVDA's 10-K filings: How has the company adjusted to supply chain disruptions affecting its industry? {'company': 'NVDA', 'year': ['2025'], 'filing_type': '10-K'}
Filtering with params: {'company': 'NVDA', 'year': ['2025'], 'filing_type': '10-K'}
Total documents in corpus: 3668
Filter 'company': 3668 matches
Filter 'year': 124 matches
Filter 'filing_type': 3668 matches
Final matching documents: 124
Reverted query to be: The current date is March 2025. Answer the following question using NVDA's 10-K filings: How has the company adjusted to supply chain disruptions affecting its industry?
Response:  According to the NVDA 10-K filing for the fiscal year 2024, the company has adjusted to supply chain disruptions by increasing their supply and capacity purchases with existing suppliers, adding new vendors, and entering into prepaid manufacturing and capacity agreements. This strategy was implemented to address the surge in demand for their data center systems and products. However, these actions have potentially introduced more complexity and execution risk into their supply chain. The company also faced challenges with inventory and manufacturing capacity commitments due to shortening lead times for certain components. They continued to monitor customer demand indications for their new data center products, which were expected to ramp later in fiscal year 2025. Despite these efforts, the company acknowledged that they may not be able to secure sufficient commitments for capacity to meet their business needs or if their long-term demand expectations change, which could increase supply chain complexity. This situation was exacerbated by the need to shorten product development cycles and integrate new suppliers or components into their supply chain. (Source: NVDA 10-K 2024)
--------------------------------------------------------------------------------

Query: The current date is March 2025. Answer the following question using NVDA's 10-K filings: Have regulatory changes benefited or harmed the company’s competitive position?
Edited query to be: The current date is March 2025. Answer the following question using NVDA's 10-K filings: Have regulatory changes benefited or harmed the company’s competitive position?
Extracted filters: {'company': 'NVDA', 'years': [2025], 'filing_type': '10-K', 'year_comparison': True}
Attempting to locate documents with the filters and query: The current date is March 2025. Answer the following question using NVDA's 10-K filings: Have regulatory changes benefited or harmed the company’s competitive position? {'company': 'NVDA', 'year': ['2025'], 'filing_type': '10-K'}
Filtering with params: {'company': 'NVDA', 'year': ['2025'], 'filing_type': '10-K'}
Total documents in corpus: 3668
Filter 'company': 3668 matches
Filter 'year': 124 matches
Filter 'filing_type': 3668 matches
Final matching documents: 124
Reverted query to be: The current date is March 2025. Answer the following question using NVDA's 10-K filings: Have regulatory changes benefited or harmed the company’s competitive position?
Response:  As of March 2025, the provided documents do not contain specific information regarding the impact of regulatory changes on the company's competitive position after this date. The documents reference regulatory changes, such as export controls and licensing requirements, that could potentially harm the company's competitive position, especially in relation to the China market. For instance, the company mentions that "our competitive position and future results may be further harmed in the long term, if there are further changes in the USG’s export controls." However, since the provided documents only go up to January 2024, we cannot determine the exact impact of regulatory changes in March 2025 based on the given context. 

For a more accurate assessment, one would need to review subsequent filings or reports from EGNIVIA Corporation after March 2025.
--------------------------------------------------------------------------------

Query: The current date is March 2025. Answer the following question using NVDA's 10-K filings: Has the company adopted partnerships or joint ventures to compete more effectively?
Edited query to be: The current date is March 2025. Answer the following question using NVDA's 10-K filings: Has the company adopted partnerships or joint ventures to compete more effectively?
Extracted filters: {'company': None, 'years': [2025], 'filing_type': '10-K', 'year_comparison': False}
Attempting to locate documents with the filters and query: The current date is March 2025. Answer the following question using NVDA's 10-K filings: Has the company adopted partnerships or joint ventures to compete more effectively? {'year': ['2025'], 'filing_type': '10-K'}
Filtering with params: {'year': ['2025'], 'filing_type': '10-K'}
Total documents in corpus: 3668
Filter 'year': 124 matches
Filter 'filing_type': 3668 matches
Final matching documents: 124
Reverted query to be: The current date is March 2025. Answer the following question using NVDA's 10-K filings: Has the company adopted partnerships or joint ventures to compete more effectively?
Response:  The provided context does not contain specific information regarding the adoption of partnerships or joint ventures by the company to compete more effectively as of March 2025. The documents mention recent developments, future objectives, and challenges, including demand and supply, product transitions, and new product and business models, but there is no explicit mention of forming partnerships or joint ventures in the given excerpts from NVDA's 10-K filings. To answer this question accurately, one would need additional information or access to more recent or detailed documents that address the company's strategic alliances or collaborations.
--------------------------------------------------------------------------------

Query: The current date is March 2025. Answer the following question using NVDA's 10-K filings: What new risks have been introduced in recent years that were not present before?
Edited query to be: The current date is March 2025. Answer the following question using NVDA's 10-K filings: What new risks have been introduced in recent years that were not present before?
Extracted filters: {'company': None, 'years': [2025], 'filing_type': '10-K', 'year_comparison': True}
Attempting to locate documents with the filters and query: The current date is March 2025. Answer the following question using NVDA's 10-K filings: What new risks have been introduced in recent years that were not present before? {'year': ['2025'], 'filing_type': '10-K'}
Filtering with params: {'year': ['2025'], 'filing_type': '10-K'}
Total documents in corpus: 3668
Filter 'year': 124 matches
Filter 'filing_type': 3668 matches
Final matching documents: 124
Reverted query to be: The current date is March 2025. Answer the following question using NVDA's 10-K filings: What new risks have been introduced in recent years that were not present before?
Response:  The provided context does not specify any new risks introduced in recent years that were not present before, as of March 2025. The documents discuss potential future risks related to governmental regulations, such as IP ownership and infringement, taxes, import and export requirements, data privacy, competition and antitrust, and others, but do not detail any changes or new risks that have emerged since the filings. To identify new risks introduced after March 2025, one would need access to more recent or subsequent SEC filings or company disclosures.
--------------------------------------------------------------------------------

Query: The current date is March 2025. Answer the following question using NVDA's 10-K filings: Have any previously listed risks been removed? If so, why?
Edited query to be: The current date is March 2025. Answer the following question using NVDA's 10-K filings: Have any previously listed risks been removed? If so, why?
Extracted filters: {'company': None, 'years': [2025], 'filing_type': '10-K', 'year_comparison': True}
Attempting to locate documents with the filters and query: The current date is March 2025. Answer the following question using NVDA's 10-K filings: Have any previously listed risks been removed? If so, why? {'year': ['2025'], 'filing_type': '10-K'}
Filtering with params: {'year': ['2025'], 'filing_type': '10-K'}
Total documents in corpus: 3668
Filter 'year': 124 matches
Filter 'filing_type': 3668 matches
Final matching documents: 124
Reverted query to be: The current date is March 2025. Answer the following question using NVDA's 10-K filings: Have any previously listed risks been removed? If so, why?
Response:  The provided context does not specify any information about risks being removed by March 2025. The documents mention potential risks related to governmental regulations, environmental sustainability, and other factors that could impact the business, but there is no indication of any changes or removal of these risks by the specified date. To determine if any risks have been removed, one would need to review updates or subsequent filings beyond the provided documents.
--------------------------------------------------------------------------------

Query: The current date is March 2025. Answer the following question using NVDA's 10-K filings: Has the company disclosed any material cybersecurity risks over time?
Edited query to be: The current date is March 2025. Answer the following question using NVDA's 10-K filings: Has the company disclosed any material cybersecurity risks over time?
Extracted filters: {'company': None, 'years': [2025], 'filing_type': '10-K', 'year_comparison': True}
Attempting to locate documents with the filters and query: The current date is March 2025. Answer the following question using NVDA's 10-K filings: Has the company disclosed any material cybersecurity risks over time? {'year': ['2025'], 'filing_type': '10-K'}
Filtering with params: {'year': ['2025'], 'filing_type': '10-K'}
Total documents in corpus: 3668
Filter 'year': 124 matches
Filter 'filing_type': 3668 matches
Final matching documents: 124
Reverted query to be: The current date is March 2025. Answer the following question using NVDA's 10-K filings: Has the company disclosed any material cybersecurity risks over time?
Response:  Yes, NVDA's 10-K filings indicate that the company has disclosed material cybersecurity risks over time. According to Document 1, the company has established infrastructure, systems, policies, and procedures to address cybersecurity incidents, following international standards like ISO 27001, and consulting with external parties on risk management and strategy. It also mentions a vendor risk assessment process to evaluate cybersecurity risks with third-party vendors.

Furthermore, Document 1 states that cybersecurity and data privacy risks are integrated into the company's overall risk management systems, with training and policies designed to respond to new requirements in global privacy laws and mitigate significant cybersecurity threats. The company's Board of Directors, including the Audit Committee, oversees information security matters, and a cross-functional leadership team regularly reviews cybersecurity matters and evaluates emerging threats.

Additionally, Document 5, which is an independent registered public accounting firm's report, confirms that the company's consolidated financial statements present fairly, in all material respects, the financial position of the company, including its cybersecurity risks, as of January 28, 2024, and January 29, 2023. This suggests that the company has been transparent about its cybersecurity risks and has taken steps to manage and report on them in its financial disclosures.

However, it's important to note that the specific details of any changes or developments in cybersecurity risks between January 2024 and March 2025 are not provided in the given context. For the most current information on cybersecurity risks, one would need to review the company's latest filings or updates.
--------------------------------------------------------------------------------

Query: The current date is March 2025. Answer the following question using NVDA's 10-K filings: How have external risks such as geopolitical tensions affected the company?
Edited query to be: The current date is March 2025. Answer the following question using NVDA's 10-K filings: How have external risks such as geopolitical tensions affected the company?
Extracted filters: {'company': 'NVDA', 'years': [2025], 'filing_type': '10-K', 'year_comparison': False}
Attempting to locate documents with the filters and query: The current date is March 2025. Answer the following question using NVDA's 10-K filings: How have external risks such as geopolitical tensions affected the company? {'company': 'NVDA', 'year': ['2025'], 'filing_type': '10-K'}
Filtering with params: {'company': 'NVDA', 'year': ['2025'], 'filing_type': '10-K'}
Total documents in corpus: 3668
Filter 'company': 3668 matches
Filter 'year': 124 matches
Filter 'filing_type': 3668 matches
Final matching documents: 124
Reverted query to be: The current date is March 2025. Answer the following question using NVDA's 10-K filings: How have external risks such as geopolitical tensions affected the company?
Response:  The provided context does not include specific details about the impact of geopolitical tensions on the company as of March 2025. The documents mention that geopolitical conflicts and times of war or major conflicts could make the company and its third-party suppliers vulnerable to cyber-attacks, which could materially disrupt their ability to provide services and products. However, there is no quantified financial impact or specific mention of geopolitical tensions affecting the company's operations, financial condition, or results of operations in the given documents. Therefore, based on the available information, we cannot determine the exact effect of geopolitical tensions on the company as of March 2025.
--------------------------------------------------------------------------------

Query: The current date is March 2025. Answer the following question using NVDA's 10-K filings: Have there been significant changes in litigation or regulatory scrutiny?
Edited query to be: The current date is March 2025. Answer the following question using NVDA's 10-K filings: Have there been significant changes in litigation or regulatory scrutiny?
Extracted filters: {'company': None, 'years': [2025], 'filing_type': '10-K', 'year_comparison': False}
Attempting to locate documents with the filters and query: The current date is March 2025. Answer the following question using NVDA's 10-K filings: Have there been significant changes in litigation or regulatory scrutiny? {'year': ['2025'], 'filing_type': '10-K'}
Filtering with params: {'year': ['2025'], 'filing_type': '10-K'}
Total documents in corpus: 3668
Filter 'year': 124 matches
Filter 'filing_type': 3668 matches
Final matching documents: 124
Reverted query to be: The current date is March 2025. Answer the following question using NVDA's 10-K filings: Have there been significant changes in litigation or regulatory scrutiny?
Response:  As of the information provided in the NVDA 10-K filings up to January 28, 2024, there is no explicit mention of significant changes in litigation or regulatory scrutiny by March 2025. However, the documents do reference ongoing legal matters:

1. The Ninth Circuit granted EGNIVIA's motion to stay the mandate related to a securities litigation case, with a deadline to file a petition for a writ of certiorari set for March 4, 2024. This indicates that litigation was active as of the last update.

2. Derivative lawsuits were mentioned, with the original filings dating back to January 18, 2019, and several cases pending as of the dates provided (January 28, 2024, January 29, 2023, and January 30, 2022). These lawsuits allege breaches of fiduciary duty, unjust enrichment, waste of corporate assets, and violations of securities laws.

3. The lawsuits were stayed pending the resolution of an appeal in the In Re EGNIVIA Corporation Securities Litigation action, and the parties were conferring about the next steps after the Ninth Circuit's denial of EGNIVIA's petition for rehearing on November 15, 2023.

4. Another derivative lawsuit was filed on October 30, 2023, in the Court of Chancery of the State of Delaware, which also alleges breaches of fiduciary duty and insider trading.

Given these details, it is clear that litigation was ongoing as of the last reported date in the documents. However, without updates beyond January 2024, we cannot confirm whether there have been significant changes in litigation or regulatory scrutiny by March 2025. The documents do not provide sufficient information to definitively state changes that occurred after January 2024.

Reference: NVDA 10-K 2024, specifically the sections detailing litigation and regulatory matters.
--------------------------------------------------------------------------------

Query: The current date is March 2025. Answer the following question using NVDA's 10-K filings: Has the company adjusted its risk mitigation strategies in response to external threats?
Edited query to be: The current date is March 2025. Answer the following question using NVDA's 10-K filings: Has the company adjusted its risk mitigation strategies in response to external threats?
Extracted filters: {'company': 'NVDA', 'years': [2025], 'filing_type': '10-K', 'year_comparison': False}
Attempting to locate documents with the filters and query: The current date is March 2025. Answer the following question using NVDA's 10-K filings: Has the company adjusted its risk mitigation strategies in response to external threats? {'company': 'NVDA', 'year': ['2025'], 'filing_type': '10-K'}
Filtering with params: {'company': 'NVDA', 'year': ['2025'], 'filing_type': '10-K'}
Total documents in corpus: 3668
Filter 'company': 3668 matches
Filter 'year': 124 matches
Filter 'filing_type': 3668 matches
Final matching documents: 124
Reverted query to be: The current date is March 2025. Answer the following question using NVDA's 10-K filings: Has the company adjusted its risk mitigation strategies in response to external threats?
Response:  The provided context does not include specific information about adjustments to risk mitigation strategies made by the company in response to external threats as of March 2025. However, it does mention that the company has in place certain infrastructure, systems, policies, and procedures designed to proactively and reactively address circumstances that arise from unexpected events, such as cybersecurity incidents. The company follows processes outlined in frameworks like ISO 27001, evaluates and evolves security measures, consults with external parties on risk management and strategy, and has a vendor risk assessment process. Additionally, the company's executive-level leadership team participates in cybersecurity incident response efforts. To determine if there have been any adjustments to these strategies since March 2025, one would need to review more recent documents or updates beyond the provided context.

Reference:
- NVDA 10-K 2024, Item 1C. Cybersecurity Risk management and strategy
- NVDA 10-K 2024, Item 1A. Risk factors

Note: The information provided is based on documents dated up to January 2024, and there is no explicit mention of changes or adjustments made in March 2025.
--------------------------------------------------------------------------------

Query: The current date is March 2025. Answer the following question using NVDA's 10-K filings: Have there been any notable changes in environmental, social, and governance (ESG) risks?
Edited query to be: The current date is March 2025. Answer the following question using NVDA's 10-K filings: Have there been any notable changes in environmental, social, and governance (ESG) risks?
Extracted filters: {'company': None, 'years': [2025], 'filing_type': '10-K', 'year_comparison': True}
Attempting to locate documents with the filters and query: The current date is March 2025. Answer the following question using NVDA's 10-K filings: Have there been any notable changes in environmental, social, and governance (ESG) risks? {'year': ['2025'], 'filing_type': '10-K'}
Filtering with params: {'year': ['2025'], 'filing_type': '10-K'}
Total documents in corpus: 3668
Filter 'year': 124 matches
Filter 'filing_type': 3668 matches
Final matching documents: 124
Reverted query to be: The current date is March 2025. Answer the following question using NVDA's 10-K filings: Have there been any notable changes in environmental, social, and governance (ESG) risks?
Response:  The provided context does not include specific information regarding changes in environmental, social, and governance (ESG) risks as of March 2025. The last mentioned ESG-related information is from the fiscal year 2024, where EGNIVIA Corporation aimed to purchase 100% of its global electricity usage renewable energy by the end of fiscal year 2025 and increased its renewable energy purchases to 44% in fiscal year 2023. There is no mention of any notable changes or developments in ESG risks in the documents provided up to the fiscal year 2024. For the most current ESG risk information, one would need to review the latest filings or reports from EGNIVIA Corporation, which are not included in the provided context.
--------------------------------------------------------------------------------

Query: The current date is March 2025. Answer the following question using NVDA's 10-K filings: Has the company faced new legal challenges related to antitrust concerns?
Edited query to be: The current date is March 2025. Answer the following question using NVDA's 10-K filings: Has the company faced new legal challenges related to antitrust concerns?
Extracted filters: {'company': None, 'years': [2025], 'filing_type': '10-K', 'year_comparison': False}
Attempting to locate documents with the filters and query: The current date is March 2025. Answer the following question using NVDA's 10-K filings: Has the company faced new legal challenges related to antitrust concerns? {'year': ['2025'], 'filing_type': '10-K'}
Filtering with params: {'year': ['2025'], 'filing_type': '10-K'}
Total documents in corpus: 3668
Filter 'year': 124 matches
Filter 'filing_type': 3668 matches
Final matching documents: 124
Reverted query to be: The current date is March 2025. Answer the following question using NVDA's 10-K filings: Has the company faced new legal challenges related to antitrust concerns?
Response:  The provided context from NVDA's 10-K filings does not explicitly mention any new legal challenges related to antitrust concerns as of March 2025. The documents discuss various other matters such as demand and supply, product transitions, new product and business models, tax positions, and derivative lawsuits. However, there is no specific information regarding antitrust issues within the given documents. Therefore, based on the available information, we cannot confirm any new legal challenges related to antitrust concerns for the company as of March 2025.
--------------------------------------------------------------------------------

Query: The current date is March 2025. Answer the following question using NVDA's 10-K filings: How has the company’s disclosure on supply chain risks evolved?
Edited query to be: The current date is March 2025. Answer the following question using NVDA's 10-K filings: How has the company’s disclosure on supply chain risks evolved?
Extracted filters: {'company': 'NVDA', 'years': [2025], 'filing_type': '10-K', 'year_comparison': True}
Attempting to locate documents with the filters and query: The current date is March 2025. Answer the following question using NVDA's 10-K filings: How has the company’s disclosure on supply chain risks evolved? {'company': 'NVDA', 'year': ['2025'], 'filing_type': '10-K'}
Filtering with params: {'company': 'NVDA', 'year': ['2025'], 'filing_type': '10-K'}
Total documents in corpus: 3668
Filter 'company': 3668 matches
Filter 'year': 124 matches
Filter 'filing_type': 3668 matches
Final matching documents: 124
Reverted query to be: The current date is March 2025. Answer the following question using NVDA's 10-K filings: How has the company’s disclosure on supply chain risks evolved?
Response:  According to the NVDA 10-K filing from 2024, the company's disclosure on supply chain risks has evolved to reflect increased complexity and execution risk due to several factors. The company has expanded its supply chain by increasing purchase volumes, adding new vendors, and entering into prepaid manufacturing and capacity agreements. This expansion has led to more complexity in managing the supply chain. Additionally, the company's purchase commitments and obligations for inventory and manufacturing capacity at the end of fiscal year 2024 were impacted by shortening lead times for certain components. The company acknowledges the risk of inventory provisions or impairments if inventory or supply commitments exceed demand or if demand declines. Furthermore, the company's supply of Hopper architecture products is improving, but demand remains very strong, which could lead to supply-constrained next-generation products.

The company also mentions that risks may increase as they shorten product development cycles, enter new lines of business, or integrate new suppliers or components into their supply chain. This could create additional supply chain complexity. Overall, the company's disclosure on supply chain risks in the 2024 10-K filing indicates a focus on managing the growing complexity and potential risks associated with their expanded and evolving supply chain.

As of March 2025, there are no specific updates in the provided documents regarding the company's disclosure on supply chain risks. To get the most recent information, one would need to review the latest filings or reports from EGNIVIA Corporation.
--------------------------------------------------------------------------------

Query: The current date is March 2025. Answer the following question using NVDA's 10-K filings: What changes have been made to the company’s approach to intellectual property protection?
Edited query to be: The current date is March 2025. Answer the following question using NVDA's 10-K filings: What changes have been made to the company’s approach to intellectual property protection?
Extracted filters: {'company': 'NVDA', 'years': [2025], 'filing_type': '10-K', 'year_comparison': False}
Attempting to locate documents with the filters and query: The current date is March 2025. Answer the following question using NVDA's 10-K filings: What changes have been made to the company’s approach to intellectual property protection? {'company': 'NVDA', 'year': ['2025'], 'filing_type': '10-K'}
Filtering with params: {'company': 'NVDA', 'year': ['2025'], 'filing_type': '10-K'}
Total documents in corpus: 3668
Filter 'company': 3668 matches
Filter 'year': 124 matches
Filter 'filing_type': 3668 matches
Final matching documents: 124
Reverted query to be: The current date is March 2025. Answer the following question using NVDA's 10-K filings: What changes have been made to the company’s approach to intellectual property protection?
Response:  The provided context does not contain specific details regarding changes to the company's approach to intellectual property protection as of March 2025. The documents mention potential future costs and impacts related to governmental regulations, including those pertaining to IP ownership and infringement, but do not provide explicit information on any changes made to the company's intellectual property protection strategies. To obtain an accurate answer, one would need to review more recent filings or company disclosures beyond the provided documents.
--------------------------------------------------------------------------------

Query: The current date is March 2025. Answer the following question using NVDA's 10-K filings: Have there been significant changes in the executive leadership team?
Edited query to be: The current date is March 2025. Answer the following question using NVDA's 10-K filings: Have there been significant changes in the executive leadership team?
Extracted filters: {'company': 'NVDA', 'years': [2025], 'filing_type': '10-K', 'year_comparison': True}
Attempting to locate documents with the filters and query: The current date is March 2025. Answer the following question using NVDA's 10-K filings: Have there been significant changes in the executive leadership team? {'company': 'NVDA', 'year': ['2025'], 'filing_type': '10-K'}
Filtering with params: {'company': 'NVDA', 'year': ['2025'], 'filing_type': '10-K'}
Total documents in corpus: 3668
Filter 'company': 3668 matches
Filter 'year': 124 matches
Filter 'filing_type': 3668 matches
Final matching documents: 124
Reverted query to be: The current date is March 2025. Answer the following question using NVDA's 10-K filings: Have there been significant changes in the executive leadership team?
Response:  The provided context does not contain specific information regarding changes in the executive leadership team as of March 2025. The documents reference various financial and operational aspects of EGNIVIA Corporation, including tax attributes, equity award activity, goodwill, revenue recognition, and cash flow statements, but do not mention any changes in the executive team leadership. To obtain information about leadership changes, one would need to review more recent or specific documents or announcements from EGNIVIA Corporation beyond the provided NVDA 10-K filings for the years ended January 28, 2024, January 29, 2023, and January 30, 2022.
--------------------------------------------------------------------------------

Query: The current date is March 2025. Answer the following question using NVDA's 10-K filings: Have there been changes in the board of directors’ composition or governance policies?
Edited query to be: The current date is March 2025. Answer the following question using NVDA's 10-K filings: Have there been changes in the board of directors’ composition or governance policies?
Extracted filters: {'company': 'NVDA', 'years': [2025], 'filing_type': '10-K', 'year_comparison': True}
Attempting to locate documents with the filters and query: The current date is March 2025. Answer the following question using NVDA's 10-K filings: Have there been changes in the board of directors’ composition or governance policies? {'company': 'NVDA', 'year': ['2025'], 'filing_type': '10-K'}
Filtering with params: {'company': 'NVDA', 'year': ['2025'], 'filing_type': '10-K'}
Total documents in corpus: 3668
Filter 'company': 3668 matches
Filter 'year': 124 matches
Filter 'filing_type': 3668 matches
Final matching documents: 124
Reverted query to be: The current date is March 2025. Answer the following question using NVDA's 10-K filings: Have there been changes in the board of directors’ composition or governance policies?
Response:  The provided context does not include specific details about changes in the board of directors' composition or governance policies as of March 2025. The documents reference that information will be contained in the 2024 Proxy Statement, which is not included in the provided text. Therefore, based on the given information, it is not possible to determine if there have been changes in the board of directors' composition or governance policies by March 2025. For an accurate update, one would need to review the 2024 Proxy Statement or subsequent SEC filings.
--------------------------------------------------------------------------------

Query: The current date is March 2025. Answer the following question using NVDA's 10-K filings: Have the CEO’s stated priorities changed in their annual letters to shareholders?
Edited query to be: The current date is March 2025. Answer the following question using NVDA's 10-K filings: Have the CEO’s stated priorities changed in their annual letters to shareholders?
Extracted filters: {'company': 'NVDA', 'years': [2025], 'filing_type': '10-K', 'year_comparison': True}
Attempting to locate documents with the filters and query: The current date is March 2025. Answer the following question using NVDA's 10-K filings: Have the CEO’s stated priorities changed in their annual letters to shareholders? {'company': 'NVDA', 'year': ['2025'], 'filing_type': '10-K'}
Filtering with params: {'company': 'NVDA', 'year': ['2025'], 'filing_type': '10-K'}
Total documents in corpus: 3668
Filter 'company': 3668 matches
Filter 'year': 124 matches
Filter 'filing_type': 3668 matches
Final matching documents: 124
Reverted query to be: The current date is March 2025. Answer the following question using NVDA's 10-K filings: Have the CEO’s stated priorities changed in their annual letters to shareholders?
Response:  The provided context does not include information about the CEO's annual letters to shareholders or any statements regarding changes in their stated priorities. Therefore, it is not possible to determine from the given documents whether the CEO's stated priorities have changed in their annual letters to shareholders as of March 2025. To answer this question accurately, one would need access to the specific annual letters or additional context that discusses the CEO's priorities over time.
--------------------------------------------------------------------------------

Query: The current date is March 2025. Answer the following question using NVDA's 10-K filings: Has the company introduced any corporate restructuring or reorganization initiatives?
Edited query to be: The current date is March 2025. Answer the following question using NVDA's 10-K filings: Has the company introduced any corporate restructuring or reorganization initiatives?
Extracted filters: {'company': 'NVDA', 'years': [2025], 'filing_type': '10-K', 'year_comparison': False}
Attempting to locate documents with the filters and query: The current date is March 2025. Answer the following question using NVDA's 10-K filings: Has the company introduced any corporate restructuring or reorganization initiatives? {'company': 'NVDA', 'year': ['2025'], 'filing_type': '10-K'}
Filtering with params: {'company': 'NVDA', 'year': ['2025'], 'filing_type': '10-K'}
Total documents in corpus: 3668
Filter 'company': 3668 matches
Filter 'year': 124 matches
Filter 'filing_type': 3668 matches
Final matching documents: 124
Reverted query to be: The current date is March 2025. Answer the following question using NVDA's 10-K filings: Has the company introduced any corporate restructuring or reorganization initiatives?
Response:  The provided context does not explicitly mention any corporate restructuring or reorganization initiatives as of March 2025. The documents focus on various aspects such as the Compensation Recovery Policy, tax positions, revenue recognition, financial statements, and the auditor's opinion. To determine if there have been any restructuring or reorganization initiatives since March 2025, one would need to review the most recent or subsequent filings beyond the provided documents.
--------------------------------------------------------------------------------

Query: The current date is March 2025. Answer the following question using NVDA's 10-K filings: Have changes in executive compensation structures affected strategic decision-making?
Edited query to be: The current date is March 2025. Answer the following question using NVDA's 10-K filings: Have changes in executive compensation structures affected strategic decision-making?
Extracted filters: {'company': None, 'years': [2025], 'filing_type': '10-K', 'year_comparison': True}
Attempting to locate documents with the filters and query: The current date is March 2025. Answer the following question using NVDA's 10-K filings: Have changes in executive compensation structures affected strategic decision-making? {'year': ['2025'], 'filing_type': '10-K'}
Filtering with params: {'year': ['2025'], 'filing_type': '10-K'}
Total documents in corpus: 3668
Filter 'year': 124 matches
Filter 'filing_type': 3668 matches
Final matching documents: 124
Reverted query to be: The current date is March 2025. Answer the following question using NVDA's 10-K filings: Have changes in executive compensation structures affected strategic decision-making?
Response:  The provided context does not include specific information about changes in executive compensation structures affecting strategic decision-making as of March 2025. The documents mention various aspects of executive compensation, such as the recovery policy for incentive compensation in the event of an Accounting Restatement, the definition and application of financial reporting measures, and details about equity award activity. However, there is no direct reference or data provided that links changes in executive compensation structures to strategic decision-making within the given documents.

To accurately determine if changes in executive compensation structures have affected strategic decision-making as of March 2025, one would need access to more recent or specific information beyond the provided NVDA 10-K filings for that year.

If you have additional context or data, please provide it, and I can attempt to answer your question based on that information. Otherwise, it's not possible to provide a definitive answer based on the current documents.
--------------------------------------------------------------------------------

Query: The current date is March 2025. Answer the following question using NVDA's 10-K filings: Have there been major shifts in shareholder activism or governance disputes?
Edited query to be: The current date is March 2025. Answer the following question using NVDA's 10-K filings: Have there been major shifts in shareholder activism or governance disputes?
Extracted filters: {'company': None, 'years': [2025], 'filing_type': '10-K', 'year_comparison': True}
Attempting to locate documents with the filters and query: The current date is March 2025. Answer the following question using NVDA's 10-K filings: Have there been major shifts in shareholder activism or governance disputes? {'year': ['2025'], 'filing_type': '10-K'}
Filtering with params: {'year': ['2025'], 'filing_type': '10-K'}
Total documents in corpus: 3668
Filter 'year': 124 matches
Filter 'filing_type': 3668 matches
Final matching documents: 124
Reverted query to be: The current date is March 2025. Answer the following question using NVDA's 10-K filings: Have there been major shifts in shareholder activism or governance disputes?
Response:  The provided context does not contain specific information regarding major shifts in shareholder activism or governance disputes as of March 2025. The documents cited, including NVDA's 10-K filings for the fiscal year ended January 28, 2024, do not mention any such events. To obtain updated information on shareholder activism or governance disputes, one would need to review more recent filings or news releases beyond the scope of the given documents.
--------------------------------------------------------------------------------

Query: The current date is March 2025. Answer the following question using NVDA's 10-K filings: How have changes in leadership impacted the company’s culture and workforce?
Edited query to be: The current date is March 2025. Answer the following question using NVDA's 10-K filings: How have changes in leadership impacted the company’s culture and workforce?
Extracted filters: {'company': 'NVDA', 'years': [2025], 'filing_type': '10-K', 'year_comparison': True}
Attempting to locate documents with the filters and query: The current date is March 2025. Answer the following question using NVDA's 10-K filings: How have changes in leadership impacted the company’s culture and workforce? {'company': 'NVDA', 'year': ['2025'], 'filing_type': '10-K'}
Filtering with params: {'company': 'NVDA', 'year': ['2025'], 'filing_type': '10-K'}
Total documents in corpus: 3668
Filter 'company': 3668 matches
Filter 'year': 124 matches
Filter 'filing_type': 3668 matches
Final matching documents: 124
Reverted query to be: The current date is March 2025. Answer the following question using NVDA's 10-K filings: How have changes in leadership impacted the company’s culture and workforce?
Response:  The provided context does not include specific information regarding changes in leadership and their impact on the company's culture and workforce. Therefore, it is not possible to answer this question based on the given documents. For details on leadership changes and their effects on company culture and workforce, additional information or a different source would be required.
--------------------------------------------------------------------------------

Query: The current date is March 2025. Answer the following question using NVDA's 10-K filings: Has the company altered its shareholder engagement strategies?
Edited query to be: The current date is March 2025. Answer the following question using NVDA's 10-K filings: Has the company altered its shareholder engagement strategies?
Extracted filters: {'company': 'NVDA', 'years': [2025], 'filing_type': '10-K', 'year_comparison': False}
Attempting to locate documents with the filters and query: The current date is March 2025. Answer the following question using NVDA's 10-K filings: Has the company altered its shareholder engagement strategies? {'company': 'NVDA', 'year': ['2025'], 'filing_type': '10-K'}
Filtering with params: {'company': 'NVDA', 'year': ['2025'], 'filing_type': '10-K'}
Total documents in corpus: 3668
Filter 'company': 3668 matches
Filter 'year': 124 matches
Filter 'filing_type': 3668 matches
Final matching documents: 124
Reverted query to be: The current date is March 2025. Answer the following question using NVDA's 10-K filings: Has the company altered its shareholder engagement strategies?
Response:  The provided context does not include specific information about changes in shareholder engagement strategies as of March 2025. The documents referenced (NVDA 10-K 2024) discuss various aspects of EGNIVIA Corporation's financial and operational details, including compensation recovery policies, share repurchase programs, dividend payments, equity award activity, and revenue recognition practices. However, there is no mention of any alterations or updates to shareholder engagement strategies in the given documents. To determine if there have been any changes in shareholder engagement strategies since March 2025, one would need to review more recent filings or company communications beyond the scope of the provided context.
--------------------------------------------------------------------------------

Query: The current date is March 2025. Answer the following question using NVDA's 10-K filings: Have there been any notable changes in insider ownership and executive stock sales?
Edited query to be: The current date is March 2025. Answer the following question using NVDA's 10-K filings: Have there been any notable changes in insider ownership and executive stock sales?
Extracted filters: {'company': None, 'years': [2025], 'filing_type': '10-K', 'year_comparison': True}
Attempting to locate documents with the filters and query: The current date is March 2025. Answer the following question using NVDA's 10-K filings: Have there been any notable changes in insider ownership and executive stock sales? {'year': ['2025'], 'filing_type': '10-K'}
Filtering with params: {'year': ['2025'], 'filing_type': '10-K'}
Total documents in corpus: 3668
Filter 'year': 124 matches
Filter 'filing_type': 3668 matches
Final matching documents: 124
Reverted query to be: The current date is March 2025. Answer the following question using NVDA's 10-K filings: Have there been any notable changes in insider ownership and executive stock sales?
Response:  The provided context does not include specific information regarding changes in insider ownership or executive stock sales as of March 2025. The documents reference various aspects of the company's financial and governance information, such as tax attributes, unrecognized tax benefits, share repurchase programs, and equity award activity, but there is no mention of insider transactions or ownership changes for the date in question. To obtain the latest data on insider ownership and executive stock sales, one would need to review the most recent SEC filings or company disclosures that are not included in the given context.
--------------------------------------------------------------------------------

Query: The current date is March 2025. Answer the following question using NVDA's 10-K filings: Has the company adopted new governance frameworks in response to regulatory changes?
Edited query to be: The current date is March 2025. Answer the following question using NVDA's 10-K filings: Has the company adopted new governance frameworks in response to regulatory changes?
Extracted filters: {'company': None, 'years': [2025], 'filing_type': '10-K', 'year_comparison': False}
Attempting to locate documents with the filters and query: The current date is March 2025. Answer the following question using NVDA's 10-K filings: Has the company adopted new governance frameworks in response to regulatory changes? {'year': ['2025'], 'filing_type': '10-K'}
Filtering with params: {'year': ['2025'], 'filing_type': '10-K'}
Total documents in corpus: 3668
Filter 'year': 124 matches
Filter 'filing_type': 3668 matches
Final matching documents: 124
Reverted query to be: The current date is March 2025. Answer the following question using NVDA's 10-K filings: Has the company adopted new governance frameworks in response to regulatory changes?
Response:  The provided context does not explicitly mention the adoption of new governance frameworks in response to regulatory changes as of March 2025. The documents reference various aspects of governance, risk management, and compliance, including cybersecurity strategies, sustainability efforts, and tax considerations. However, there is no specific information about the implementation of new governance frameworks due to regulatory changes within the given documents. To determine if new governance frameworks have been adopted since March 2025, one would need to review more recent filings or updates from EGNIVIA Corporation beyond the provided documents.
--------------------------------------------------------------------------------

Query: The current date is March 2025. Answer the following question using NVDA's 10-K filings: How has the company’s supply chain strategy evolved in response to external disruptions?
Edited query to be: The current date is March 2025. Answer the following question using NVDA's 10-K filings: How has the company’s supply chain strategy evolved in response to external disruptions?
Extracted filters: {'company': 'NVDA', 'years': [2025], 'filing_type': '10-K', 'year_comparison': True}
Attempting to locate documents with the filters and query: The current date is March 2025. Answer the following question using NVDA's 10-K filings: How has the company’s supply chain strategy evolved in response to external disruptions? {'company': 'NVDA', 'year': ['2025'], 'filing_type': '10-K'}
Filtering with params: {'company': 'NVDA', 'year': ['2025'], 'filing_type': '10-K'}
Total documents in corpus: 3668
Filter 'company': 3668 matches
Filter 'year': 124 matches
Filter 'filing_type': 3668 matches
Final matching documents: 124
Reverted query to be: The current date is March 2025. Answer the following question using NVDA's 10-K filings: How has the company’s supply chain strategy evolved in response to external disruptions?
Response:  According to the NVDA 10-K filings for the fiscal year 2024, the company has made several adjustments to its supply chain strategy in response to external disruptions. The company has increased its supply and capacity purchases with existing suppliers and added new vendors, entering into prepaid manufacturing and capacity agreements. This has led to an increase in product costs. The company's purchase commitments and obligations for inventory and manufacturing capacity at the end of fiscal year 2024 were affected by shortening lead times for certain components.

Furthermore, the company has faced challenges due to the complexity of product transitions, as they often ship both new and prior architecture products simultaneously. To mitigate this, the company has entered into long-term supply and capacity agreements, which have resulted in increased product costs. The company has also noted that it may need to secure additional sources of capacity if existing suppliers are unable to scale their capabilities to meet supply needs, potentially requiring additional deposits.

In summary, the company's supply chain strategy has evolved to include increased purchases with existing and new suppliers, longer-term agreements, and contingency plans for additional capacity and deposits in response to external disruptions and supply chain complexities. The company also acknowledges the potential for inventory provisions or impairments if inventory or supply commitments exceed demand or if demand declines. These changes are reflected in the company's financial statements, with increased costs impacting the cost of revenue and operating expenses.
--------------------------------------------------------------------------------

Query: The current date is March 2025. Answer the following question using NVDA's 10-K filings: Has the company moved toward greater vertical integration? Provide examples.
Edited query to be: The current date is March 2025. Answer the following question using NVDA's 10-K filings: Has the company moved toward greater vertical integration? Provide examples.
Extracted filters: {'company': 'NVDA', 'years': [2025], 'filing_type': '10-K', 'year_comparison': True}
Attempting to locate documents with the filters and query: The current date is March 2025. Answer the following question using NVDA's 10-K filings: Has the company moved toward greater vertical integration? Provide examples. {'company': 'NVDA', 'year': ['2025'], 'filing_type': '10-K'}
Filtering with params: {'company': 'NVDA', 'year': ['2025'], 'filing_type': '10-K'}
Total documents in corpus: 3668
Filter 'company': 3668 matches
Filter 'year': 124 matches
Filter 'filing_type': 3668 matches
Final matching documents: 124
Reverted query to be: The current date is March 2025. Answer the following question using NVDA's 10-K filings: Has the company moved toward greater vertical integration? Provide examples.
Response:  Based on the provided context from NVDA's 10-K filings, there is no explicit mention of the company moving toward greater vertical integration. The documents discuss various aspects of the company's financial and operational status, including tax attributes, unrecognized tax benefits, management's discussion, supply chain complexities, and product transitions. However, there is no specific information given about the company's strategy or actions towards vertical integration.

To accurately determine if EGNIVIA Corporation has pursued greater vertical integration, one would need to review more detailed sections of their financial reports or look for additional information outside of the provided documents.

For instance, Document 4 mentions that the company has increased its supply and capacity purchases with existing suppliers and added new vendors, which could suggest a move towards diversification rather than vertical integration. Document 2 also notes the complexity of product transitions and the integration of new suppliers or components into the supply chain, but this does not necessarily imply vertical integration.

In summary, without direct references to vertical integration strategies or examples in the provided context, it is not possible to confirm whether EGNIVIA Corporation has moved toward greater vertical integration as of March 2025. Further investigation into the company's operations and strategic decisions would be required to answer this question with certainty.
--------------------------------------------------------------------------------

Query: The current date is March 2025. Answer the following question using NVDA's 10-K filings: Have there been changes in key suppliers or sourcing strategies?
Edited query to be: The current date is March 2025. Answer the following question using NVDA's 10-K filings: Have there been changes in key suppliers or sourcing strategies?
Extracted filters: {'company': 'NVDA', 'years': [2025], 'filing_type': '10-K', 'year_comparison': True}
Attempting to locate documents with the filters and query: The current date is March 2025. Answer the following question using NVDA's 10-K filings: Have there been changes in key suppliers or sourcing strategies? {'company': 'NVDA', 'year': ['2025'], 'filing_type': '10-K'}
Filtering with params: {'company': 'NVDA', 'year': ['2025'], 'filing_type': '10-K'}
Total documents in corpus: 3668
Filter 'company': 3668 matches
Filter 'year': 124 matches
Filter 'filing_type': 3668 matches
Final matching documents: 124
Reverted query to be: The current date is March 2025. Answer the following question using NVDA's 10-K filings: Have there been changes in key suppliers or sourcing strategies?
Response:  The provided context does not include specific information about changes in key suppliers or sourcing strategies as of March 2025. The documents mention EGNIVIA's goal to engage manufacturing suppliers comprising at least 67% of EGNIVIA’s scope 3 category 1 GHG emissions with a goal of effecting supplier adoption of science-based targets by fiscal year 2026. However, there is no detailed update or mention of changes in suppliers or sourcing strategies in the documents provided up to January 2024. For the most current information, one would need to review the latest SEC filings or company reports beyond the provided documents.
--------------------------------------------------------------------------------

Query: The current date is March 2025. Answer the following question using NVDA's 10-K filings: How has the company responded to inflationary pressures on raw materials or logistics?
Edited query to be: The current date is March 2025. Answer the following question using NVDA's 10-K filings: How has the company responded to inflationary pressures on raw materials or logistics?
Extracted filters: {'company': 'NVDA', 'years': [2025], 'filing_type': '10-K', 'year_comparison': False}
Attempting to locate documents with the filters and query: The current date is March 2025. Answer the following question using NVDA's 10-K filings: How has the company responded to inflationary pressures on raw materials or logistics? {'company': 'NVDA', 'year': ['2025'], 'filing_type': '10-K'}
Filtering with params: {'company': 'NVDA', 'year': ['2025'], 'filing_type': '10-K'}
Total documents in corpus: 3668
Filter 'company': 3668 matches
Filter 'year': 124 matches
Filter 'filing_type': 3668 matches
Final matching documents: 124
Reverted query to be: The current date is March 2025. Answer the following question using NVDA's 10-K filings: How has the company responded to inflationary pressures on raw materials or logistics?
Response:  The provided context does not explicitly mention the company's response to inflationary pressures on raw materials or logistics as of March 2025. The documents focus on tax attributes, financial statements, revenue recognition, and internal control over financial reporting. To understand how the company has responded to inflationary pressures on raw materials or logistics, additional information or a specific query related to this topic would be required. As such, it is not possible to provide a detailed answer based on the given context.
--------------------------------------------------------------------------------

Query: The current date is March 2025. Answer the following question using NVDA's 10-K filings: Have there been operational efficiency initiatives that impacted margins?
Edited query to be: The current date is March 2025. Answer the following question using NVDA's 10-K filings: Have there been operational efficiency initiatives that impacted margins?
Extracted filters: {'company': None, 'years': [2025], 'filing_type': '10-K', 'year_comparison': False}
Attempting to locate documents with the filters and query: The current date is March 2025. Answer the following question using NVDA's 10-K filings: Have there been operational efficiency initiatives that impacted margins? {'year': ['2025'], 'filing_type': '10-K'}
Filtering with params: {'year': ['2025'], 'filing_type': '10-K'}
Total documents in corpus: 3668
Filter 'year': 124 matches
Filter 'filing_type': 3668 matches
Final matching documents: 124
Reverted query to be: The current date is March 2025. Answer the following question using NVDA's 10-K filings: Have there been operational efficiency initiatives that impacted margins?
Response:  The provided context does not explicitly mention any operational efficiency initiatives that have impacted margins as of March 2025. The documents focus on various aspects such as tax positions, sustainability efforts, revenue recognition, and internal control over financial reporting. For instance, Document 4 discusses changes in deferred revenue and prepaid supply and capacity agreements, but does not directly link these to operational efficiency initiatives affecting margins.

To answer the question regarding operational efficiency initiatives impacting margins specifically in March 2025, one would need to review more recent financial statements or notes from NVDA's 10-K filings beyond the provided context. Since the context does not contain this information, I cannot provide a definitive answer based on the current documents.

If you have access to more recent filings or data, please provide them, and I can assist in analyzing the information in relation to operational efficiency and its impact on margins.
--------------------------------------------------------------------------------

Query: The current date is March 2025. Answer the following question using NVDA's 10-K filings: Have production facilities been expanded, closed, or relocated?
Edited query to be: The current date is March 2025. Answer the following question using NVDA's 10-K filings: Have production facilities been expanded, closed, or relocated?
Extracted filters: {'company': None, 'years': [2025], 'filing_type': '10-K', 'year_comparison': False}
Attempting to locate documents with the filters and query: The current date is March 2025. Answer the following question using NVDA's 10-K filings: Have production facilities been expanded, closed, or relocated? {'year': ['2025'], 'filing_type': '10-K'}
Filtering with params: {'year': ['2025'], 'filing_type': '10-K'}
Total documents in corpus: 3668
Filter 'year': 124 matches
Filter 'filing_type': 3668 matches
Final matching documents: 124
Reverted query to be: The current date is March 2025. Answer the following question using NVDA's 10-K filings: Have production facilities been expanded, closed, or relocated?
Response:  The provided context does not contain specific information regarding expansions, closures, or relocations of production facilities as of March 2025. The documents mention increased supply and capacity purchases, new vendor integration, and potential inventory provisions or impairments due to supply-demand mismatches, but there is no explicit mention of changes to production facilities' locations or sizes. Therefore, based on the given information, we cannot determine any changes to production facilities as of March 2025.
--------------------------------------------------------------------------------

Query: The current date is March 2025. Answer the following question using NVDA's 10-K filings: Has automation played a larger role in the company’s operations over time?
Edited query to be: The current date is March 2025. Answer the following question using NVDA's 10-K filings: Has automation played a larger role in the company’s operations over time?
Extracted filters: {'company': 'NVDA', 'years': [2025], 'filing_type': '10-K', 'year_comparison': True}
Attempting to locate documents with the filters and query: The current date is March 2025. Answer the following question using NVDA's 10-K filings: Has automation played a larger role in the company’s operations over time? {'company': 'NVDA', 'year': ['2025'], 'filing_type': '10-K'}
Filtering with params: {'company': 'NVDA', 'year': ['2025'], 'filing_type': '10-K'}
Total documents in corpus: 3668
Filter 'company': 3668 matches
Filter 'year': 124 matches
Filter 'filing_type': 3668 matches
Final matching documents: 124
Reverted query to be: The current date is March 2025. Answer the following question using NVDA's 10-K filings: Has automation played a larger role in the company’s operations over time?
Response:  The provided context does not explicitly mention the role of automation in EGNIVIA Corporation's operations over time. The documents focus on various aspects such as tax attributes, sustainability, governance, financial condition, revenue recognition, and supply chain management. To determine if automation has played a larger role in the company's operations over time, one would need to review more detailed information or specific sections within the company's financial or operational reports that discuss changes and trends in automation. As such, it is not possible to answer this question based on the given context.
--------------------------------------------------------------------------------

Query: The current date is March 2025. Answer the following question using NVDA's 10-K filings: Have changes in supplier relationships led to cost savings or new risks?
Edited query to be: The current date is March 2025. Answer the following question using NVDA's 10-K filings: Have changes in supplier relationships led to cost savings or new risks?
Extracted filters: {'company': 'NVDA', 'years': [2025], 'filing_type': '10-K', 'year_comparison': True}
Attempting to locate documents with the filters and query: The current date is March 2025. Answer the following question using NVDA's 10-K filings: Have changes in supplier relationships led to cost savings or new risks? {'company': 'NVDA', 'year': ['2025'], 'filing_type': '10-K'}
Filtering with params: {'company': 'NVDA', 'year': ['2025'], 'filing_type': '10-K'}
Total documents in corpus: 3668
Filter 'company': 3668 matches
Filter 'year': 124 matches
Filter 'filing_type': 3668 matches
Final matching documents: 124
Reverted query to be: The current date is March 2025. Answer the following question using NVDA's 10-K filings: Have changes in supplier relationships led to cost savings or new risks?
Response:  The provided context does not explicitly mention changes in supplier relationships, cost savings, or new risks associated with such changes. The information given focuses on tax attributes, revenue recognition, financial statements, and internal control over financial reporting for EGNIVIA Corporation as of January 28, 2024, and comparisons with previous years. Without specific details on supplier relationships from the documents, it is not possible to determine the impact of any changes in supplier relationships on costs or risks as of March 2025. Therefore, based on the given context, there is no information available to answer the query regarding cost savings or new risks from changes in supplier relationships as of March 2025.
--------------------------------------------------------------------------------

Query: The current date is March 2025. Answer the following question using NVDA's 10-K filings: How has the company’s crisis management approach evolved over time?
Edited query to be: The current date is March 2025. Answer the following question using NVDA's 10-K filings: How has the company’s crisis management approach evolved over time?
Extracted filters: {'company': 'NVDA', 'years': [2025], 'filing_type': '10-K', 'year_comparison': True}
Attempting to locate documents with the filters and query: The current date is March 2025. Answer the following question using NVDA's 10-K filings: How has the company’s crisis management approach evolved over time? {'company': 'NVDA', 'year': ['2025'], 'filing_type': '10-K'}
Filtering with params: {'company': 'NVDA', 'year': ['2025'], 'filing_type': '10-K'}
Total documents in corpus: 3668
Filter 'company': 3668 matches
Filter 'year': 124 matches
Filter 'filing_type': 3668 matches
Final matching documents: 124
Reverted query to be: The current date is March 2025. Answer the following question using NVDA's 10-K filings: How has the company’s crisis management approach evolved over time?
Response:  The provided context does not contain specific information regarding the evolution of the company's crisis management approach over time. The documents cited, including the NVDA 10-K filings for the fiscal years 2024, 2023, and 2022, focus on financial statements, tax positions, revenue recognition, and other accounting-related matters. There is no direct mention or analysis of changes or developments in the company's crisis management strategies or practices. Therefore, based on the given information, it is not possible to answer how the company's crisis management approach has evolved by March 2025. For a comprehensive understanding of the company's crisis management evolution, additional documents or information detailing such changes would be required.
--------------------------------------------------------------------------------

Query: The current date is March 2025. Answer the following question using NVDA's 10-K filings: Has the company responded to sustainability concerns in its supply chain?
Edited query to be: The current date is March 2025. Answer the following question using NVDA's 10-K filings: Has the company responded to sustainability concerns in its supply chain?
Extracted filters: {'company': 'NVDA', 'years': [2025], 'filing_type': '10-K', 'year_comparison': False}
Attempting to locate documents with the filters and query: The current date is March 2025. Answer the following question using NVDA's 10-K filings: Has the company responded to sustainability concerns in its supply chain? {'company': 'NVDA', 'year': ['2025'], 'filing_type': '10-K'}
Filtering with params: {'company': 'NVDA', 'year': ['2025'], 'filing_type': '10-K'}
Total documents in corpus: 3668
Filter 'company': 3668 matches
Filter 'year': 124 matches
Filter 'filing_type': 3668 matches
Final matching documents: 124
Reverted query to be: The current date is March 2025. Answer the following question using NVDA's 10-K filings: Has the company responded to sustainability concerns in its supply chain?
Response:  According to the provided context from NVDA's 10-K filing for the year ended January 28, 2024, EGNIVIA Corporation has taken steps to address sustainability concerns in its supply chain. Specifically, the company aims to engage manufacturing suppliers that make up at least 67% of its scope 3 category 1 GHG emissions by fiscal year 2026 to adopt science-based targets. This initiative reflects the company's commitment to improving energy efficiency and reducing its environmental impact, which is part of its broader sustainability efforts. However, the context does not provide information beyond January 2024, so it is not possible to confirm whether the company has met this goal or taken further actions in March 2025. The company's efforts are part of its annual assessment of sustainability practices and are consistent with its goal to match 100% of its global electricity usage with renewable energy by the end of fiscal year 2025. For more up-to-date information on the company's sustainability actions as of March 2025, one would need to review the latest reports or filings.
--------------------------------------------------------------------------------

Query: The current date is March 2025. Answer the following question using NVDA's 10-K filings: How has the company’s ESG reporting evolved over time?
Edited query to be: The current date is March 2025. Answer the following question using NVDA's 10-K filings: How has the company’s ESG reporting evolved over time?
Extracted filters: {'company': 'NVDA', 'years': [2025], 'filing_type': '10-K', 'year_comparison': True}
Attempting to locate documents with the filters and query: The current date is March 2025. Answer the following question using NVDA's 10-K filings: How has the company’s ESG reporting evolved over time? {'company': 'NVDA', 'year': ['2025'], 'filing_type': '10-K'}
Filtering with params: {'company': 'NVDA', 'year': ['2025'], 'filing_type': '10-K'}
Total documents in corpus: 3668
Filter 'company': 3668 matches
Filter 'year': 124 matches
Filter 'filing_type': 3668 matches
Final matching documents: 124
Reverted query to be: The current date is March 2025. Answer the following question using NVDA's 10-K filings: How has the company’s ESG reporting evolved over time?
Response:  The provided context does not include specific details on the evolution of the company's Environmental, Social, and Governance (ESG) reporting over time. To answer how EGNIVIA Corporation's ESG reporting has evolved, one would need to review multiple years of their 10-K filings or other relevant documents that discuss ESG initiatives and disclosures. Since the information for March 2025 is not present in the given documents, it is not possible to analyze the changes or trends in ESG reporting based on the current context. For an accurate assessment, access to EGNIVIA Corporation's 10-K filings from previous years or their dedicated ESG reports would be necessary.
--------------------------------------------------------------------------------

Query: The current date is March 2025. Answer the following question using NVDA's 10-K filings: Has the company introduced new sustainability initiatives or targets?
Edited query to be: The current date is March 2025. Answer the following question using NVDA's 10-K filings: Has the company introduced new sustainability initiatives or targets?
Extracted filters: {'company': 'NVDA', 'years': [2025], 'filing_type': '10-K', 'year_comparison': False}
Attempting to locate documents with the filters and query: The current date is March 2025. Answer the following question using NVDA's 10-K filings: Has the company introduced new sustainability initiatives or targets? {'company': 'NVDA', 'year': ['2025'], 'filing_type': '10-K'}
Filtering with params: {'company': 'NVDA', 'year': ['2025'], 'filing_type': '10-K'}
Total documents in corpus: 3668
Filter 'company': 3668 matches
Filter 'year': 124 matches
Filter 'filing_type': 3668 matches
Final matching documents: 124
Reverted query to be: The current date is March 2025. Answer the following question using NVDA's 10-K filings: Has the company introduced new sustainability initiatives or targets?
Response:  According to the provided context from NVDA's 10-K filing for the fiscal year 2024, EGNIVIA Corporation has set a goal to purchase 10% of their global electricity usage through renewable energy or generate enough renewable energy by the end of fiscal year 2025. Additionally, they aim to engage with manufacturing suppliers to match at least 67% of their scope 3 category 1 GHG emissions with science-based targets by fiscal year 2026. These initiatives reflect the company's commitment to environmental sustainability and addressing climate change impacts. However, the specific introduction of new sustainability initiatives or targets beyond these mentioned goals is not detailed in the provided context for March 2025. For the most current initiatives, one would need to review the latest reports or updates from EGNIVIA Corporation.
--------------------------------------------------------------------------------

Query: The current date is March 2025. Answer the following question using NVDA's 10-K filings: How has the company’s stance on climate-related risks changed?
Edited query to be: The current date is March 2025. Answer the following question using NVDA's 10-K filings: How has the company’s stance on climate-related risks changed?
Extracted filters: {'company': 'NVDA', 'years': [2025], 'filing_type': '10-K', 'year_comparison': True}
Attempting to locate documents with the filters and query: The current date is March 2025. Answer the following question using NVDA's 10-K filings: How has the company’s stance on climate-related risks changed? {'company': 'NVDA', 'year': ['2025'], 'filing_type': '10-K'}
Filtering with params: {'company': 'NVDA', 'year': ['2025'], 'filing_type': '10-K'}
Total documents in corpus: 3668
Filter 'company': 3668 matches
Filter 'year': 124 matches
Filter 'filing_type': 3668 matches
Final matching documents: 124
Reverted query to be: The current date is March 2025. Answer the following question using NVDA's 10-K filings: How has the company’s stance on climate-related risks changed?
Response:  According to the provided context, specifically Document 1, EGNIVIA has been actively addressing its climate impacts across its product lifecycle and assessing risks, including current and emerging regulations and market impacts related to environmental sustainability. As of May 2023, the company published metrics related to its environmental impact for fiscal year 2023. For fiscal year 2024, the metrics were expected to be published in the first half of fiscal year 2025. The company has not experienced any material impact on its capital expenditures, results of operations, or competitive position due to global environmental sustainability regulations, compliance, or costs from sourcing renewable energy. By the end of fiscal year 2025, EGNIVIA aims to purchase 10% of its total electricity usage from renewable sources or generate enough renewable energy to match 100% of its global electricity usage for its offices and data centers. Additionally, by fiscal year 2026, the company plans to engage with manufacturing suppliers to address at least 67% of its scope 3 category 1 GHG emissions with the goal of supplier adoption of science-based targets. This demonstrates a commitment to improving energy efficiency in research, development, and design processes, particularly with GPU-accelerated computing.

While the current date is March 2025, the provided context does not include specific updates or changes in the company's stance on climate-related risks after May 2023. Therefore, based on the available information, it is not possible to provide a detailed comparison of changes in the company's stance on climate-related risks between fiscal year 2023 and March 2025. However, the company's ongoing efforts and goals outlined in the documents suggest a continued focus on environmental sustainability and addressing climate risks.
--------------------------------------------------------------------------------

Query: The current date is March 2025. Answer the following question using NVDA's 10-K filings: Has the company adopted any new diversity, equity, and inclusion (DEI) policies?
Edited query to be: The current date is March 2025. Answer the following question using NVDA's 10-K filings: Has the company adopted any new diversity, equity, and inclusion (DEI) policies?
Extracted filters: {'company': 'NVDA', 'years': [2025], 'filing_type': '10-K', 'year_comparison': False}
Attempting to locate documents with the filters and query: The current date is March 2025. Answer the following question using NVDA's 10-K filings: Has the company adopted any new diversity, equity, and inclusion (DEI) policies? {'company': 'NVDA', 'year': ['2025'], 'filing_type': '10-K'}
Filtering with params: {'company': 'NVDA', 'year': ['2025'], 'filing_type': '10-K'}
Total documents in corpus: 3668
Filter 'company': 3668 matches
Filter 'year': 124 matches
Filter 'filing_type': 3668 matches
Final matching documents: 124
Reverted query to be: The current date is March 2025. Answer the following question using NVDA's 10-K filings: Has the company adopted any new diversity, equity, and inclusion (DEI) policies?
Response:  The provided context does not specify whether new diversity, equity, and inclusion (DEI) policies have been adopted by the company as of March 2025. The documents mention that the company has implemented mentoring and development programs for women and underrepresented groups, and has a commitment to creating an inclusive culture. However, there is no mention of any new policies adopted specifically in the documents provided. For the most current information on DEI policies, one would need to review the latest SEC filings or company announcements beyond the documents mentioned.
--------------------------------------------------------------------------------

Query: The current date is March 2025. Answer the following question using NVDA's 10-K filings: Have philanthropic efforts or corporate social responsibility (CSR) initiatives changed?
Edited query to be: The current date is March 2025. Answer the following question using NVDA's 10-K filings: Have philanthropic efforts or corporate social responsibility (CSR) initiatives changed?
Extracted filters: {'company': 'NVDA', 'years': [2025], 'filing_type': '10-K', 'year_comparison': True}
Attempting to locate documents with the filters and query: The current date is March 2025. Answer the following question using NVDA's 10-K filings: Have philanthropic efforts or corporate social responsibility (CSR) initiatives changed? {'company': 'NVDA', 'year': ['2025'], 'filing_type': '10-K'}
Filtering with params: {'company': 'NVDA', 'year': ['2025'], 'filing_type': '10-K'}
Total documents in corpus: 3668
Filter 'company': 3668 matches
Filter 'year': 124 matches
Filter 'filing_type': 3668 matches
Final matching documents: 124
Reverted query to be: The current date is March 2025. Answer the following question using NVDA's 10-K filings: Have philanthropic efforts or corporate social responsibility (CSR) initiatives changed?
Response:  The provided context does not contain specific information regarding changes in philanthropic efforts or corporate social responsibility (CSR) initiatives for NVDA (formerly EGNIVIA Corporation) as of March 2025. The documents focus on financial aspects, such as tax carryforwards, unrecognized tax benefits, and sustainability efforts related to environmental impact and renewable energy goals. To determine any changes in philanthropic efforts or CSR initiatives, one would need to review more recent or specific documents that discuss these topics directly, which are not included in the provided context.
--------------------------------------------------------------------------------

Query: The current date is March 2025. Answer the following question using NVDA's 10-K filings: Has the company faced controversies related to ESG practices?
Edited query to be: The current date is March 2025. Answer the following question using NVDA's 10-K filings: Has the company faced controversies related to ESG practices?
Extracted filters: {'company': 'NVDA', 'years': [2025], 'filing_type': '10-K', 'year_comparison': False}
Attempting to locate documents with the filters and query: The current date is March 2025. Answer the following question using NVDA's 10-K filings: Has the company faced controversies related to ESG practices? {'company': 'NVDA', 'year': ['2025'], 'filing_type': '10-K'}
Filtering with params: {'company': 'NVDA', 'year': ['2025'], 'filing_type': '10-K'}
Total documents in corpus: 3668
Filter 'company': 3668 matches
Filter 'year': 124 matches
Filter 'filing_type': 3668 matches
Final matching documents: 124
Reverted query to be: The current date is March 2025. Answer the following question using NVDA's 10-K filings: Has the company faced controversies related to ESG practices?
Response:  The provided context does not explicitly mention any controversies related to Environmental, Social, and Governance (ESG) practices for the company as of March 2025. The documents discuss the company's commitment to sustainability and governance, including environmental sustainability efforts, such as increasing renewable energy usage and setting goals for supplier GHG emissions, as well as their focus on integrating ESG principles into their business. However, there is no specific mention of controversies or issues faced by the company in this regard. For detailed information on any controversies, one would need to review the full 10-K filing or other company disclosures that may contain such details.
--------------------------------------------------------------------------------

Query: The current date is March 2025. Answer the following question using NVDA's 10-K filings: Have investor or regulatory pressures influenced ESG disclosures?
Edited query to be: The current date is March 2025. Answer the following question using NVDA's 10-K filings: Have investor or regulatory pressures influenced ESG disclosures?
Extracted filters: {'company': None, 'years': [2025], 'filing_type': '10-K', 'year_comparison': False}
Attempting to locate documents with the filters and query: The current date is March 2025. Answer the following question using NVDA's 10-K filings: Have investor or regulatory pressures influenced ESG disclosures? {'year': ['2025'], 'filing_type': '10-K'}
Filtering with params: {'year': ['2025'], 'filing_type': '10-K'}
Total documents in corpus: 3668
Filter 'year': 124 matches
Filter 'filing_type': 3668 matches
Final matching documents: 124
Reverted query to be: The current date is March 2025. Answer the following question using NVDA's 10-K filings: Have investor or regulatory pressures influenced ESG disclosures?
Response:  The provided context does not explicitly mention any influence of investor or regulatory pressures on Environmental, Social, and Governance (ESG) disclosures in the NVDA's 10-K filings for the year ended January 28, 2024. The documents focus on tax positions, revenue recognition, internal control over financial reporting, and cash flow statements. To determine if there has been an influence on ESG disclosures by March 2025, one would need to review subsequent filings or updates beyond the provided documents.
--------------------------------------------------------------------------------

Query: The current date is March 2025. Answer the following question using NVDA's 10-K filings: How has the company’s approach to ethical sourcing evolved?
Edited query to be: The current date is March 2025. Answer the following question using NVDA's 10-K filings: How has the company’s approach to ethical sourcing evolved?
Extracted filters: {'company': 'NVDA', 'years': [2025], 'filing_type': '10-K', 'year_comparison': True}
Attempting to locate documents with the filters and query: The current date is March 2025. Answer the following question using NVDA's 10-K filings: How has the company’s approach to ethical sourcing evolved? {'company': 'NVDA', 'year': ['2025'], 'filing_type': '10-K'}
Filtering with params: {'company': 'NVDA', 'year': ['2025'], 'filing_type': '10-K'}
Total documents in corpus: 3668
Filter 'company': 3668 matches
Filter 'year': 124 matches
Filter 'filing_type': 3668 matches
Final matching documents: 124
Reverted query to be: The current date is March 2025. Answer the following question using NVDA's 10-K filings: How has the company’s approach to ethical sourcing evolved?
Response:  The provided context does not include specific details about the company's approach to ethical sourcing or how it has evolved over time, including any information up to or beyond March 2025. To accurately answer how EGNIVIA Corporation's approach to ethical sourcing has evolved, one would need to review the company's annual sustainability reports, SEC filings, or other documents that discuss their sourcing practices and any changes or developments in those practices. Without such information in the given context, it is not possible to provide a detailed analysis of the evolution of their ethical sourcing approach.
--------------------------------------------------------------------------------

Query: The current date is March 2025. Answer the following question using NVDA's 10-K filings: Has the company implemented or adjusted carbon neutrality goals?
Edited query to be: The current date is March 2025. Answer the following question using NVDA's 10-K filings: Has the company implemented or adjusted carbon neutrality goals?
Extracted filters: {'company': 'NVDA', 'years': [2025], 'filing_type': '10-K', 'year_comparison': False}
Attempting to locate documents with the filters and query: The current date is March 2025. Answer the following question using NVDA's 10-K filings: Has the company implemented or adjusted carbon neutrality goals? {'company': 'NVDA', 'year': ['2025'], 'filing_type': '10-K'}
Filtering with params: {'company': 'NVDA', 'year': ['2025'], 'filing_type': '10-K'}
Total documents in corpus: 3668
Filter 'company': 3668 matches
Filter 'year': 124 matches
Filter 'filing_type': 3668 matches
Final matching documents: 124
Reverted query to be: The current date is March 2025. Answer the following question using NVDA's 10-K filings: Has the company implemented or adjusted carbon neutrality goals?
Response:  The provided context does not explicitly mention the implementation or adjustment of carbon neutrality goals as of March 2025. However, it does state that by the end of fiscal year 2025, EGNIVIA Corporation aims to purchase 10% of its total electricity usage from renewable energy or generate enough renewable energy to match 100% of its global electricity usage for its offices and data centers. This goal is part of their environmental sustainability efforts, as outlined in Document 2. To confirm whether this goal has been implemented or adjusted by March 2025, one would need to review more recent filings or updates beyond the provided documents.
--------------------------------------------------------------------------------

Query: The current date is March 2025. Answer the following question using NVDA's 10-K filings: Have changes in ESG priorities impacted investor sentiment toward the company?
Edited query to be: The current date is March 2025. Answer the following question using NVDA's 10-K filings: Have changes in ESG priorities impacted investor sentiment toward the company?
Extracted filters: {'company': 'NVDA', 'years': [2025], 'filing_type': '10-K', 'year_comparison': True}
Attempting to locate documents with the filters and query: The current date is March 2025. Answer the following question using NVDA's 10-K filings: Have changes in ESG priorities impacted investor sentiment toward the company? {'company': 'NVDA', 'year': ['2025'], 'filing_type': '10-K'}
Filtering with params: {'company': 'NVDA', 'year': ['2025'], 'filing_type': '10-K'}
Total documents in corpus: 3668
Filter 'company': 3668 matches
Filter 'year': 124 matches
Filter 'filing_type': 3668 matches
Final matching documents: 124
Reverted query to be: The current date is March 2025. Answer the following question using NVDA's 10-K filings: Have changes in ESG priorities impacted investor sentiment toward the company?
Response:  The provided context does not include specific information regarding changes in Environmental, Social, and Governance (ESG) priorities or their impact on investor sentiment toward the company as of March 2025. The documents cited (NVDA 10-K 2024) focus on financial data, tax positions, revenue recognition, and internal control over financial reporting from January 2024. To assess the impact of ESG priorities on investor sentiment, one would need additional information or reports that specifically address ESG factors and their influence on the company's valuation or investor perception during or after March 2025.
--------------------------------------------------------------------------------

Query: The current date is March 2025. Answer the following question using NVDA's 10-K filings: How have customer preferences influenced product development?
Edited query to be: The current date is March 2025. Answer the following question using NVDA's 10-K filings: How have customer preferences influenced product development?
Extracted filters: {'company': 'NVDA', 'years': [2025], 'filing_type': '10-K', 'year_comparison': False}
Attempting to locate documents with the filters and query: The current date is March 2025. Answer the following question using NVDA's 10-K filings: How have customer preferences influenced product development? {'company': 'NVDA', 'year': ['2025'], 'filing_type': '10-K'}
Filtering with params: {'company': 'NVDA', 'year': ['2025'], 'filing_type': '10-K'}
Total documents in corpus: 3668
Filter 'company': 3668 matches
Filter 'year': 124 matches
Filter 'filing_type': 3668 matches
Final matching documents: 124
Reverted query to be: The current date is March 2025. Answer the following question using NVDA's 10-K filings: How have customer preferences influenced product development?
Response:  As of March 2025, the provided NVDA 10-K filings from January 28, 2024, do not contain specific details regarding customer preferences influencing product development for that exact date. However, Document 2 from the NVDA 10-K 2024 mentions that there was a surge in demand for EGNIVIA's data center systems and products in fiscal year 2024, and they were gathering customer demand indications for product transitions entering fiscal year 2025. It indicates that EGNIVIA has increased supply and capacity purchases, added new vendors, and entered into prepaid manufacturing and capacity agreements in response to customer demand.

To summarize, while the exact impact of customer preferences on product development as of March 2025 is not explicitly stated in the provided documents, there is evidence from January 2024 that customer demand has influenced EGNIVIA's strategic decisions regarding product supply, capacity, and vendor integration, which are key components of product development. The company has been responsive to market demands by adjusting its supply chain and product offerings accordingly.
--------------------------------------------------------------------------------

Query: The current date is March 2025. Answer the following question using NVDA's 10-K filings: Has the company changed its target customer base?
Edited query to be: The current date is March 2025. Answer the following question using NVDA's 10-K filings: Has the company changed its target customer base?
Extracted filters: {'company': 'NVDA', 'years': [2025], 'filing_type': '10-K', 'year_comparison': True}
Attempting to locate documents with the filters and query: The current date is March 2025. Answer the following question using NVDA's 10-K filings: Has the company changed its target customer base? {'company': 'NVDA', 'year': ['2025'], 'filing_type': '10-K'}
Filtering with params: {'company': 'NVDA', 'year': ['2025'], 'filing_type': '10-K'}
Total documents in corpus: 3668
Filter 'company': 3668 matches
Filter 'year': 124 matches
Filter 'filing_type': 3668 matches
Final matching documents: 124
Reverted query to be: The current date is March 2025. Answer the following question using NVDA's 10-K filings: Has the company changed its target customer base?
Response:  The provided context does not explicitly mention any change in the company's target customer base as of March 2025. However, it does discuss the impact of USG licensing requirements on sales to China, noting a decrease in sales as a percentage of total Data Center revenue from 19% in fiscal year 2023 to 14% in fiscal year 2024. The company is working to expand its product portfolio and explore alternatives to the China market. The context also mentions the potential for further changes in export controls due to geopolitical tensions, which could affect the company's ability to sell inventory and develop replacement products. Therefore, while there is an indication of shifting focus and challenges in the China market, there is no direct evidence of a change in the target customer base as of March 2025 in the given documents.
--------------------------------------------------------------------------------

Query: The current date is March 2025. Answer the following question using NVDA's 10-K filings: Have changes in consumer behavior affected the company’s marketing strategy?
Edited query to be: The current date is March 2025. Answer the following question using NVDA's 10-K filings: Have changes in consumer behavior affected the company’s marketing strategy?
Extracted filters: {'company': 'NVDA', 'years': [2025], 'filing_type': '10-K', 'year_comparison': True}
Attempting to locate documents with the filters and query: The current date is March 2025. Answer the following question using NVDA's 10-K filings: Have changes in consumer behavior affected the company’s marketing strategy? {'company': 'NVDA', 'year': ['2025'], 'filing_type': '10-K'}
Filtering with params: {'company': 'NVDA', 'year': ['2025'], 'filing_type': '10-K'}
Total documents in corpus: 3668
Filter 'company': 3668 matches
Filter 'year': 124 matches
Filter 'filing_type': 3668 matches
Final matching documents: 124
Reverted query to be: The current date is March 2025. Answer the following question using NVDA's 10-K filings: Have changes in consumer behavior affected the company’s marketing strategy?
Response:  The provided context does not include specific information regarding changes in consumer behavior or how they have affected the company's marketing strategy. The documents focus on financial data, tax positions, revenue recognition, and internal control over financial reporting. To answer questions about the impact of consumer behavior on marketing strategy, additional context or information outside of the financial statements would be required.
--------------------------------------------------------------------------------

Query: The current date is March 2025. Answer the following question using NVDA's 10-K filings: Has the company responded to shifts in digital commerce trends?
Edited query to be: The current date is March 2025. Answer the following question using NVDA's 10-K filings: Has the company responded to shifts in digital commerce trends?
Extracted filters: {'company': 'NVDA', 'years': [2025], 'filing_type': '10-K', 'year_comparison': False}
Attempting to locate documents with the filters and query: The current date is March 2025. Answer the following question using NVDA's 10-K filings: Has the company responded to shifts in digital commerce trends? {'company': 'NVDA', 'year': ['2025'], 'filing_type': '10-K'}
Filtering with params: {'company': 'NVDA', 'year': ['2025'], 'filing_type': '10-K'}
Total documents in corpus: 3668
Filter 'company': 3668 matches
Filter 'year': 124 matches
Filter 'filing_type': 3668 matches
Final matching documents: 124
Reverted query to be: The current date is March 2025. Answer the following question using NVDA's 10-K filings: Has the company responded to shifts in digital commerce trends?
Response:  The provided context does not explicitly mention the company's response to shifts in digital commerce trends as of March 2025. However, it does indicate that EGNIVIA Corporation has expanded its focus beyond PC graphics to include various computationally intensive fields such as AI solutions, scientific computing, data science, AV, robotics, metaverse, and 3D internet applications. This expansion suggests that the company is adapting to changes in digital commerce trends by diversifying its product offerings and leveraging its GPU architecture for new platforms. Additionally, the context notes that there was a surge in demand for their data center systems and products in fiscal year 2024, and they are gathering customer demand indications for new product transitions entering fiscal year 2025.

To provide a more specific answer, one would need to review the company's activities, strategic decisions, and market analysis from sources beyond the given documents, particularly those closer to or dated March 2025.
--------------------------------------------------------------------------------

Query: The current date is March 2025. Answer the following question using NVDA's 10-K filings: How has the company adjusted pricing strategies in response to inflation or recession concerns?
Edited query to be: The current date is March 2025. Answer the following question using NVDA's 10-K filings: How has the company adjusted pricing strategies in response to inflation or recession concerns?
Extracted filters: {'company': 'NVDA', 'years': [2025], 'filing_type': '10-K', 'year_comparison': True}
Attempting to locate documents with the filters and query: The current date is March 2025. Answer the following question using NVDA's 10-K filings: How has the company adjusted pricing strategies in response to inflation or recession concerns? {'company': 'NVDA', 'year': ['2025'], 'filing_type': '10-K'}
Filtering with params: {'company': 'NVDA', 'year': ['2025'], 'filing_type': '10-K'}
Total documents in corpus: 3668
Filter 'company': 3668 matches
Filter 'year': 124 matches
Filter 'filing_type': 3668 matches
Final matching documents: 124
Reverted query to be: The current date is March 2025. Answer the following question using NVDA's 10-K filings: How has the company adjusted pricing strategies in response to inflation or recession concerns?
Response:  The provided context does not contain specific information regarding adjustments to pricing strategies in response to inflation or recession concerns. The documents focus on various aspects such as tax attributes, financial statements, revenue recognition, and internal control over financial reporting. Therefore, based on the given information, it is not possible to determine how the company has adjusted pricing strategies in response to inflation or recession concerns as of March 2025.
--------------------------------------------------------------------------------

Query: The current date is March 2025. Answer the following question using NVDA's 10-K filings: Have there been significant changes in customer loyalty or churn rates?
Edited query to be: The current date is March 2025. Answer the following question using NVDA's 10-K filings: Have there been significant changes in customer loyalty or churn rates?
Extracted filters: {'company': None, 'years': [2025], 'filing_type': '10-K', 'year_comparison': True}
Attempting to locate documents with the filters and query: The current date is March 2025. Answer the following question using NVDA's 10-K filings: Have there been significant changes in customer loyalty or churn rates? {'year': ['2025'], 'filing_type': '10-K'}
Filtering with params: {'year': ['2025'], 'filing_type': '10-K'}
Total documents in corpus: 3668
Filter 'year': 124 matches
Filter 'filing_type': 3668 matches
Final matching documents: 124
Reverted query to be: The current date is March 2025. Answer the following question using NVDA's 10-K filings: Have there been significant changes in customer loyalty or churn rates?
Response:  The provided context does not include specific information regarding customer loyalty or churn rates for the fiscal years ending January 28, 2024, January 29, 2023, and January 30, 2022. To answer your question about significant changes in customer loyalty or churn rates as of March 2025, we would need additional data or reports that detail customer retention metrics beyond the scope of the given documents. Therefore, based on the current information, we cannot determine any changes in customer loyalty or churn rates.
--------------------------------------------------------------------------------

Query: The current date is March 2025. Answer the following question using NVDA's 10-K filings: How has customer service strategy evolved over time?
Edited query to be: The current date is March 2025. Answer the following question using NVDA's 10-K filings: How has customer service strategy evolved over time?
Extracted filters: {'company': None, 'years': [2025], 'filing_type': '10-K', 'year_comparison': True}
Attempting to locate documents with the filters and query: The current date is March 2025. Answer the following question using NVDA's 10-K filings: How has customer service strategy evolved over time? {'year': ['2025'], 'filing_type': '10-K'}
Filtering with params: {'year': ['2025'], 'filing_type': '10-K'}
Total documents in corpus: 3668
Filter 'year': 124 matches
Filter 'filing_type': 3668 matches
Final matching documents: 124
Reverted query to be: The current date is March 2025. Answer the following question using NVDA's 10-K filings: How has customer service strategy evolved over time?
Response:  The provided context does not include specific details about the evolution of customer service strategy over time. The documents focus on financial aspects, such as tax attributes, cash flows, income statements, balance sheets, and audit reports for EGNIVIA Corporation. To understand the changes in customer service strategy, additional information or different documents that discuss operational strategies and customer relations would be required.
--------------------------------------------------------------------------------

Query: The current date is March 2025. Answer the following question using NVDA's 10-K filings: Has the company introduced new sales channels?
Edited query to be: The current date is March 2025. Answer the following question using NVDA's 10-K filings: Has the company introduced new sales channels?
Extracted filters: {'company': None, 'years': [2025], 'filing_type': '10-K', 'year_comparison': False}
Attempting to locate documents with the filters and query: The current date is March 2025. Answer the following question using NVDA's 10-K filings: Has the company introduced new sales channels? {'year': ['2025'], 'filing_type': '10-K'}
Filtering with params: {'year': ['2025'], 'filing_type': '10-K'}
Total documents in corpus: 3668
Filter 'year': 124 matches
Filter 'filing_type': 3668 matches
Final matching documents: 124
Reverted query to be: The current date is March 2025. Answer the following question using NVDA's 10-K filings: Has the company introduced new sales channels?
Response:  The provided context does not explicitly mention the introduction of new sales channels as of March 2025. The documents discuss various aspects of EGNIVIA Corporation's financial condition, operations, and product demand, but there is no specific information regarding the implementation of new sales channels in the given documents. To answer this question accurately, one would need to review more recent or additional documents that might contain such details.
--------------------------------------------------------------------------------

Query: The current date is March 2025. Answer the following question using NVDA's 10-K filings: Have changes in regulatory requirements affected customer interactions?
Edited query to be: The current date is March 2025. Answer the following question using NVDA's 10-K filings: Have changes in regulatory requirements affected customer interactions?
Extracted filters: {'company': None, 'years': [2025], 'filing_type': '10-K', 'year_comparison': True}
Attempting to locate documents with the filters and query: The current date is March 2025. Answer the following question using NVDA's 10-K filings: Have changes in regulatory requirements affected customer interactions? {'year': ['2025'], 'filing_type': '10-K'}
Filtering with params: {'year': ['2025'], 'filing_type': '10-K'}
Total documents in corpus: 3668
Filter 'year': 124 matches
Filter 'filing_type': 3668 matches
Final matching documents: 124
Reverted query to be: The current date is March 2025. Answer the following question using NVDA's 10-K filings: Have changes in regulatory requirements affected customer interactions?
Response:  The provided context does not contain specific information about changes in regulatory requirements affecting customer interactions as of March 2025. The documents mention potential impacts of governmental regulations on costs, competitive position, and business operations but do not provide details on customer interactions for the year 2025 or beyond. Therefore, based on the given information, we cannot determine the impact of regulatory changes on customer interactions for March 2025.

Reference: NVDA 10-K 2024, particularly the section discussing the impact of governmental regulations on costs, competitive position, and business operations.
--------------------------------------------------------------------------------

Query: The current date is March 2025. Answer the following question using NVDA's 10-K filings: Has the company responded to shifts in generational consumer preferences?
Edited query to be: The current date is March 2025. Answer the following question using NVDA's 10-K filings: Has the company responded to shifts in generational consumer preferences?
Extracted filters: {'company': 'NVDA', 'years': [2025], 'filing_type': '10-K', 'year_comparison': True}
Attempting to locate documents with the filters and query: The current date is March 2025. Answer the following question using NVDA's 10-K filings: Has the company responded to shifts in generational consumer preferences? {'company': 'NVDA', 'year': ['2025'], 'filing_type': '10-K'}
Filtering with params: {'company': 'NVDA', 'year': ['2025'], 'filing_type': '10-K'}
Total documents in corpus: 3668
Filter 'company': 3668 matches
Filter 'year': 124 matches
Filter 'filing_type': 3668 matches
Final matching documents: 124
Reverted query to be: The current date is March 2025. Answer the following question using NVDA's 10-K filings: Has the company responded to shifts in generational consumer preferences?
Response:  The provided context does not explicitly mention how the company has responded to shifts in generational consumer preferences as of March 2025. The documents focus on financial aspects such as tax attributes, cash flow, revenue recognition, and balance sheets for the fiscal years ending January 28, 2024, January 29, 2023, and January 30, 2022. To determine the company's response to generational consumer preferences, one would need to review more recent company reports or statements that discuss market trends, product developments, or strategic initiatives aimed at addressing such shifts. As of the information given, there is no direct answer regarding the company's adaptation to generational consumer preferences.
--------------------------------------------------------------------------------

Query: The current date is March 2025. Answer the following question using NVDA's 10-K filings: How has the company’s R&D investment changed over time?
Edited query to be: The current date is March 2025. Answer the following question using NVDA's 10-K filings: How has the company’s R&D investment changed over time?
Extracted filters: {'company': 'NVDA', 'years': [2023, 2024, 2025], 'filing_type': '10-K', 'year_comparison': True}
Attempting to locate documents with the filters and query: The current date is March 2025. Answer the following question using NVDA's 10-K filings: How has the company’s R&D investment changed over time? {'company': 'NVDA', 'year': ['2023', '2024', '2025'], 'filing_type': '10-K'}
Filtering with params: {'company': 'NVDA', 'year': ['2023', '2024', '2025'], 'filing_type': '10-K'}
Total documents in corpus: 3668
Filter 'company': 3668 matches
Filter 'year': 484 matches
Filter 'filing_type': 3668 matches
Final matching documents: 484
Reverted query to be: The current date is March 2025. Answer the following question using NVDA's 10-K filings: How has the company’s R&D investment changed over time?
Response:  The provided context does not include specific information regarding the company's Research and Development (R&D) investment changes over time, including data up to or beyond March 2025. To analyze the changes in R&D investment, one would need to review the company's financial statements, specifically the notes or schedules related to capital expenditures or operating expenses for R&D activities. These details are typically found in the company's annual reports (10-K filings) under sections such as "Management's Discussion and Analysis of Financial Condition and Results of Operations" or in the "Notes to Consolidated Financial Statements."

Since the information is not available in the given context, it is not possible to accurately determine how the company's R&D investment has changed over time up to March 2025. To obtain this information, you would need to access the company's historical financial statements or directly contact the company's investor relations or financial department for the most recent and detailed data.

If you have access to the company's 10-K filings for the years leading up to March 2025, you could look for changes in capital expenditures, operating expenses, or specific line items related to R&D to understand the trend in R&D investment. Additionally, management's discussion and analysis sections often provide insights into strategic investments and their impact on the company's operations.
--------------------------------------------------------------------------------

Query: The current date is March 2025. Answer the following question using NVDA's 10-K filings: Has the company introduced significant patents or proprietary technology?
Edited query to be: The current date is March 2025. Answer the following question using NVDA's 10-K filings: Has the company introduced significant patents or proprietary technology?
Extracted filters: {'company': None, 'years': [2025], 'filing_type': '10-K', 'year_comparison': False}
Attempting to locate documents with the filters and query: The current date is March 2025. Answer the following question using NVDA's 10-K filings: Has the company introduced significant patents or proprietary technology? {'year': ['2025'], 'filing_type': '10-K'}
Filtering with params: {'year': ['2025'], 'filing_type': '10-K'}
Total documents in corpus: 3668
Filter 'year': 124 matches
Filter 'filing_type': 3668 matches
Final matching documents: 124
Reverted query to be: The current date is March 2025. Answer the following question using NVDA's 10-K filings: Has the company introduced significant patents or proprietary technology?
Response:  The provided context does not contain specific information regarding the introduction of significant patents or proprietary technology by the company as of March 2025. The documents focus on financial data, tax attributes, revenue recognition, and internal control over financial reporting. To obtain details on patents or proprietary technology, one would need to review sections of the company's annual reports or press releases that discuss intellectual property or research and development achievements.
--------------------------------------------------------------------------------

Query: The current date is March 2025. Answer the following question using NVDA's 10-K filings: Have there been notable changes in the company's innovation strategy?
Edited query to be: The current date is March 2025. Answer the following question using NVDA's 10-K filings: Have there been notable changes in the company's innovation strategy?
Extracted filters: {'company': 'NVDA', 'years': [2025], 'filing_type': '10-K', 'year_comparison': True}
Attempting to locate documents with the filters and query: The current date is March 2025. Answer the following question using NVDA's 10-K filings: Have there been notable changes in the company's innovation strategy? {'company': 'NVDA', 'year': ['2025'], 'filing_type': '10-K'}
Filtering with params: {'company': 'NVDA', 'year': ['2025'], 'filing_type': '10-K'}
Total documents in corpus: 3668
Filter 'company': 3668 matches
Filter 'year': 124 matches
Filter 'filing_type': 3668 matches
Final matching documents: 124
Reverted query to be: The current date is March 2025. Answer the following question using NVDA's 10-K filings: Have there been notable changes in the company's innovation strategy?
Response:  The provided context does not explicitly mention any changes in EGNIVIA Corporation's innovation strategy as of March 2025. The documents focus on various financial aspects, such as tax attributes, cash flow, revenue recognition, and internal control over financial reporting. To determine any changes in the company's innovation strategy, one would need to review more recent or specific documents that discuss strategic planning and operations. Therefore, based on the given information, it is not possible to confirm any notable changes in the company's innovation strategy by March 2025.
--------------------------------------------------------------------------------

Query: The current date is March 2025. Answer the following question using NVDA's 10-K filings: Has the company acquired any intellectual property through M&A?
Edited query to be: The current date is March 2025. Answer the following question using NVDA's 10-K filings: Has the company acquired any intellectual property through M&A?
Extracted filters: {'company': 'NVDA', 'years': [2025], 'filing_type': '10-K', 'year_comparison': False}
Attempting to locate documents with the filters and query: The current date is March 2025. Answer the following question using NVDA's 10-K filings: Has the company acquired any intellectual property through M&A? {'company': 'NVDA', 'year': ['2025'], 'filing_type': '10-K'}
Filtering with params: {'company': 'NVDA', 'year': ['2025'], 'filing_type': '10-K'}
Total documents in corpus: 3668
Filter 'company': 3668 matches
Filter 'year': 124 matches
Filter 'filing_type': 3668 matches
Final matching documents: 124
Reverted query to be: The current date is March 2025. Answer the following question using NVDA's 10-K filings: Has the company acquired any intellectual property through M&A?
Response:  The provided context does not contain specific information regarding the acquisition of intellectual property through mergers and acquisitions (M&A) in NVDA's 10-K filings for the fiscal year ended January 28, 2024, or any subsequent year up to March 2025. Therefore, based on the given information, I cannot confirm or deny whether the company has acquired any intellectual property through M&A. For accurate details on such transactions, one would need to review the full 10-K filing or other relevant documents where such information might be disclosed.
--------------------------------------------------------------------------------

Query: The current date is March 2025. Answer the following question using NVDA's 10-K filings: Have partnerships with research institutions or universities increased?
Edited query to be: The current date is March 2025. Answer the following question using NVDA's 10-K filings: Have partnerships with research institutions or universities increased?
Extracted filters: {'company': None, 'years': [2025], 'filing_type': '10-K', 'year_comparison': True}
Attempting to locate documents with the filters and query: The current date is March 2025. Answer the following question using NVDA's 10-K filings: Have partnerships with research institutions or universities increased? {'year': ['2025'], 'filing_type': '10-K'}
Filtering with params: {'year': ['2025'], 'filing_type': '10-K'}
Total documents in corpus: 3668
Filter 'year': 124 matches
Filter 'filing_type': 3668 matches
Final matching documents: 124
Reverted query to be: The current date is March 2025. Answer the following question using NVDA's 10-K filings: Have partnerships with research institutions or universities increased?
Response:  The provided context does not explicitly mention any increase in partnerships with research institutions or universities in March 2025. The documents discuss the company's financial aspects, tax attributes, product transitions, and supply chain complexities. They also highlight the company's leadership in AI and computer graphics, but do not provide specific details on the expansion of partnerships with research institutions or universities. Therefore, based on the given information, we cannot confirm an increase in such partnerships by March 2025.
--------------------------------------------------------------------------------

Query: The current date is March 2025. Answer the following question using NVDA's 10-K filings: Has the company disclosed concerns about patent expirations?
Edited query to be: The current date is March 2025. Answer the following question using NVDA's 10-K filings: Has the company disclosed concerns about patent expirations?
Extracted filters: {'company': 'NVDA', 'years': [2025], 'filing_type': '10-K', 'year_comparison': False}
Attempting to locate documents with the filters and query: The current date is March 2025. Answer the following question using NVDA's 10-K filings: Has the company disclosed concerns about patent expirations? {'company': 'NVDA', 'year': ['2025'], 'filing_type': '10-K'}
Filtering with params: {'company': 'NVDA', 'year': ['2025'], 'filing_type': '10-K'}
Total documents in corpus: 3668
Filter 'company': 3668 matches
Filter 'year': 124 matches
Filter 'filing_type': 3668 matches
Final matching documents: 124
Reverted query to be: The current date is March 2025. Answer the following question using NVDA's 10-K filings: Has the company disclosed concerns about patent expirations?
Response:  The provided context does not include specific information regarding concerns about patent expirations. The documents cited are from the NVDA 10-K filings for the years ended January 28, 2024, January 29, 2023, and January 30, 2022. Since the current date is March 2025, which is beyond the dates mentioned in the documents, there is no data available in the provided context to address concerns about patent expirations. Therefore, I cannot provide details on this matter based on the given information.
--------------------------------------------------------------------------------

Query: The current date is March 2025. Answer the following question using NVDA's 10-K filings: Have there been shifts in technology adoption within the company?
Edited query to be: The current date is March 2025. Answer the following question using NVDA's 10-K filings: Have there been shifts in technology adoption within the company?
Extracted filters: {'company': 'NVDA', 'years': [2025], 'filing_type': '10-K', 'year_comparison': True}
Attempting to locate documents with the filters and query: The current date is March 2025. Answer the following question using NVDA's 10-K filings: Have there been shifts in technology adoption within the company? {'company': 'NVDA', 'year': ['2025'], 'filing_type': '10-K'}
Filtering with params: {'company': 'NVDA', 'year': ['2025'], 'filing_type': '10-K'}
Total documents in corpus: 3668
Filter 'company': 3668 matches
Filter 'year': 124 matches
Filter 'filing_type': 3668 matches
Final matching documents: 124
Reverted query to be: The current date is March 2025. Answer the following question using NVDA's 10-K filings: Have there been shifts in technology adoption within the company?
Response:  The provided context does not specify any shifts in technology adoption within EGNIVIA Corporation as of March 2025. The documents mention the company's focus on accelerated computing and its expansion into various computationally intensive fields, leveraging GPU architecture for various platforms. However, there is no explicit mention of changes or updates in technology adoption strategies or implementations by the company in the provided documents. To determine if there have been shifts in technology adoption since March 2025, one would need to review more recent filings or company updates beyond the scope of the provided context.
--------------------------------------------------------------------------------

Query: The current date is March 2025. Answer the following question using NVDA's 10-K filings: Has the company’s innovation approach shifted due to competition?
Edited query to be: The current date is March 2025. Answer the following question using NVDA's 10-K filings: Has the company’s innovation approach shifted due to competition?
Extracted filters: {'company': 'NVDA', 'years': [2025], 'filing_type': '10-K', 'year_comparison': True}
Attempting to locate documents with the filters and query: The current date is March 2025. Answer the following question using NVDA's 10-K filings: Has the company’s innovation approach shifted due to competition? {'company': 'NVDA', 'year': ['2025'], 'filing_type': '10-K'}
Filtering with params: {'company': 'NVDA', 'year': ['2025'], 'filing_type': '10-K'}
Total documents in corpus: 3668
Filter 'company': 3668 matches
Filter 'year': 124 matches
Filter 'filing_type': 3668 matches
Final matching documents: 124
Reverted query to be: The current date is March 2025. Answer the following question using NVDA's 10-K filings: Has the company’s innovation approach shifted due to competition?
Response:  The provided context does not explicitly mention any shift in the company's innovation approach due to competition as of March 2025. The documents from NVDA's 10-K filings primarily discuss the company's expansion into various computationally intensive fields, its demand and supply for products, product transitions, and the impact of these factors on financial statements. The documents also detail the company's tax attributes, including state research tax credit carryforwards and federal capital loss carryforwards, as well as their potential expiration. However, there is no direct reference to how competition has influenced the company's innovation strategy.

To accurately determine if the company's innovation approach has shifted due to competition, one would need to review more recent documents or additional context that specifically addresses competitive pressures and strategic responses. As of the information given, there is no evidence to suggest a change in the innovation approach related to competition in the provided documents.

Reference:
- NVDA 10-K 2024 (Documents 1-5)

Note: The information provided is based on the context given and does not include data beyond March 2025. Any changes or developments after this date would not be reflected in the provided documents.
--------------------------------------------------------------------------------

Query: The current date is March 2025. Answer the following question using NVDA's 10-K filings: How has AI or automation influenced the company’s R&D focus?
Edited query to be: The current date is March 2025. Answer the following question using NVDA's 10-K filings: How has AI or automation influenced the company’s R&D focus?
Extracted filters: {'company': 'NVDA', 'years': [2025], 'filing_type': '10-K', 'year_comparison': False}
Attempting to locate documents with the filters and query: The current date is March 2025. Answer the following question using NVDA's 10-K filings: How has AI or automation influenced the company’s R&D focus? {'company': 'NVDA', 'year': ['2025'], 'filing_type': '10-K'}
Filtering with params: {'company': 'NVDA', 'year': ['2025'], 'filing_type': '10-K'}
Total documents in corpus: 3668
Filter 'company': 3668 matches
Filter 'year': 124 matches
Filter 'filing_type': 3668 matches
Final matching documents: 124
Reverted query to be: The current date is March 2025. Answer the following question using NVDA's 10-K filings: How has AI or automation influenced the company’s R&D focus?
Response:  According to the provided NVDA 10-K filings, AI and automation have significantly influenced EGNIVIA Corporation's R&D focus in several ways:

1. Full-Stack Innovation: The company is leveraging innovation across the architecture, chip design, system, interconnect, and software layers to deliver performance advantages in their target markets, including AI. This full-stack innovation approach allows them to address diverse computing requirements with a unified underlying architecture, which includes GPUs, CUDA, and networking technologies.

2. AI-specific Features: EGNIVIA is continuously adding AI-specific features to their GPU architecture to extend their leadership position in AI. This indicates a strong focus on developing AI-driven solutions and integrating AI capabilities into their computing platforms.

3. AI Computing Platform: EGNIVIA provides a complete, end-to-end accelerated computing platform for AI, which includes training and inferencing solutions across processing units, interconnects, systems, and software. They utilize GPUs, CPUs, and DPUs for AI servers, highlighting the importance of AI in their computing strategy.

4. AI-Training-as-a-Service: The company offers DGX Cloud, an AI-training-as-a-service platform, and NeMo, a solution for building enterprise-ready Large Language Models (LLMs). This demonstrates their commitment to providing AI services and tools that support the development and deployment of AI applications.

5. AI Ecosystem: EGNIVIA's AI technology leadership is reinforced by their growing ecosystem, which includes partnerships with universities, startups, and developers. They also evangelize AI through their Inception program and Deep Learning Institute, which provides instruction on designing, training, and deploying neural networks using their accelerated computing platform.

6. Computer Graphics and AI Integration: The company believes that computer graphics infused with AI is fundamental to the continued expansion and evolution of computing. They apply their R&D resources to enhance user experiences for consumer entertainment and professional visualization applications, as well as create new virtual world and simulation capabilities.

7. Product Development: EGNIVIA's R&D efforts are also directed towards meeting the demand for their data center systems and products, as seen in their increased supply and capacity purchases, new vendor integration, and product transitions.

In summary, AI and automation have shaped EGNIVIA Corporation's R&D focus by driving innovation across various computing layers, enhancing their AI computing platform, fostering an AI ecosystem, and addressing market demands for data center systems and AI-driven solutions. The company's commitment to AI and automation is evident in their investments in AI-specific features, AI-powered computing platforms, and partnerships aimed at advancing AI technology.
--------------------------------------------------------------------------------

Query: The current date is March 2025. Answer the following question using NVDA's 10-K filings: Has the company introduced any open-source or collaborative innovation initiatives?
Edited query to be: The current date is March 2025. Answer the following question using NVDA's 10-K filings: Has the company introduced any open-source or collaborative innovation initiatives?
Extracted filters: {'company': 'NVDA', 'years': [2025], 'filing_type': '10-K', 'year_comparison': False}
Attempting to locate documents with the filters and query: The current date is March 2025. Answer the following question using NVDA's 10-K filings: Has the company introduced any open-source or collaborative innovation initiatives? {'company': 'NVDA', 'year': ['2025'], 'filing_type': '10-K'}
Filtering with params: {'company': 'NVDA', 'year': ['2025'], 'filing_type': '10-K'}
Total documents in corpus: 3668
Filter 'company': 3668 matches
Filter 'year': 124 matches
Filter 'filing_type': 3668 matches
Final matching documents: 124
Reverted query to be: The current date is March 2025. Answer the following question using NVDA's 10-K filings: Has the company introduced any open-source or collaborative innovation initiatives?
Response:  The provided context does not contain specific information regarding open-source or collaborative innovation initiatives by EGNIVIA Corporation as of the 10-K filings for March 2025. The documents focus on the company's investments in research and development, its proprietary technologies, product launches, and tax attributes. To determine if EGNIVIA has introduced any open-source or collaborative innovation initiatives, one would need to review more recent or specific documents or press releases that discuss such strategies.
--------------------------------------------------------------------------------

Query: The current date is March 2025. Answer the following question using NVDA's 10-K filings: How has the company’s total workforce size changed over time?
Edited query to be: The current date is March 2025. Answer the following question using NVDA's 10-K filings: How has the company’s total workforce size changed over time?
Extracted filters: {'company': 'NVDA', 'years': [2023, 2024, 2025], 'filing_type': '10-K', 'year_comparison': True}
Attempting to locate documents with the filters and query: The current date is March 2025. Answer the following question using NVDA's 10-K filings: How has the company’s total workforce size changed over time? {'company': 'NVDA', 'year': ['2023', '2024', '2025'], 'filing_type': '10-K'}
Filtering with params: {'company': 'NVDA', 'year': ['2023', '2024', '2025'], 'filing_type': '10-K'}
Total documents in corpus: 3668
Filter 'company': 3668 matches
Filter 'year': 484 matches
Filter 'filing_type': 3668 matches
Final matching documents: 484
Reverted query to be: The current date is March 2025. Answer the following question using NVDA's 10-K filings: How has the company’s total workforce size changed over time?
Response:  The provided context does not include specific numbers or data regarding the company's total workforce size changes over time, including from March 2025. The documents reference workforce demographics and diversity efforts as of January 30, 2022, but do not provide historical workforce size data or trends. To determine how the company's total workforce size has changed over time, including up to March 2025, one would need to access historical workforce data from the company's SEC filings or other internal records that are not included in the given context.
--------------------------------------------------------------------------------

Query: The current date is March 2025. Answer the following question using NVDA's 10-K filings: Have shifts in remote work policies affected operational strategies?
Edited query to be: The current date is March 2025. Answer the following question using NVDA's 10-K filings: Have shifts in remote work policies affected operational strategies?
Extracted filters: {'company': None, 'years': [2025], 'filing_type': '10-K', 'year_comparison': True}
Attempting to locate documents with the filters and query: The current date is March 2025. Answer the following question using NVDA's 10-K filings: Have shifts in remote work policies affected operational strategies? {'year': ['2025'], 'filing_type': '10-K'}
Filtering with params: {'year': ['2025'], 'filing_type': '10-K'}
Total documents in corpus: 3668
Filter 'year': 124 matches
Filter 'filing_type': 3668 matches
Final matching documents: 124
Reverted query to be: The current date is March 2025. Answer the following question using NVDA's 10-K filings: Have shifts in remote work policies affected operational strategies?
Response:  The provided context does not contain specific information about shifts in remote work policies or their direct impact on operational strategies as of March 2025. However, it does mention that EGNIVIA Corporation supports a flexible work environment and allows employees to work from home under certain conditions, which is believed to aid in diverse hiring, retention, and employee engagement. The company also maintains a company-wide policy of 2 days off a quarter for employees to rest and recharge. This information is from Document 4, which states, "During fiscal year 2025, we will continue to have a flexible work environment and maintain our company-wide 2-days off a quarter for employees to rest and recharge." While this suggests an ongoing commitment to flexible work arrangements, there is no detailed analysis or comparison of operational strategies before and after any policy shifts in the provided documents. Therefore, based on the given context, we cannot conclusively determine the impact of remote work policy shifts on operational strategies as of March 2025.
--------------------------------------------------------------------------------

Query: The current date is March 2025. Answer the following question using NVDA's 10-K filings: Has the company faced major unionization efforts?
Edited query to be: The current date is March 2025. Answer the following question using NVDA's 10-K filings: Has the company faced major unionization efforts?
Extracted filters: {'company': None, 'years': [2025], 'filing_type': '10-K', 'year_comparison': False}
Attempting to locate documents with the filters and query: The current date is March 2025. Answer the following question using NVDA's 10-K filings: Has the company faced major unionization efforts? {'year': ['2025'], 'filing_type': '10-K'}
Filtering with params: {'year': ['2025'], 'filing_type': '10-K'}
Total documents in corpus: 3668
Filter 'year': 124 matches
Filter 'filing_type': 3668 matches
Final matching documents: 124
Reverted query to be: The current date is March 2025. Answer the following question using NVDA's 10-K filings: Has the company faced major unionization efforts?
Response:  The provided context does not contain any specific information regarding unionization efforts or any events related to unionization for the fiscal year ending in March 2025. Therefore, based on the given documents, it is not possible to determine whether the company has faced major unionization efforts as of March 2025.
--------------------------------------------------------------------------------

Query: The current date is March 2025. Answer the following question using NVDA's 10-K filings: Have employee turnover rates increased or decreased?
Edited query to be: The current date is March 2025. Answer the following question using NVDA's 10-K filings: Have employee turnover rates increased or decreased?
Extracted filters: {'company': None, 'years': [2025], 'filing_type': '10-K', 'year_comparison': True}
Attempting to locate documents with the filters and query: The current date is March 2025. Answer the following question using NVDA's 10-K filings: Have employee turnover rates increased or decreased? {'year': ['2025'], 'filing_type': '10-K'}
Filtering with params: {'year': ['2025'], 'filing_type': '10-K'}
Total documents in corpus: 3668
Filter 'year': 124 matches
Filter 'filing_type': 3668 matches
Final matching documents: 124
Reverted query to be: The current date is March 2025. Answer the following question using NVDA's 10-K filings: Have employee turnover rates increased or decreased?
Response:  The provided context does not include specific information regarding employee turnover rates or any comparison between different years, including March 2025. Therefore, it is not possible to determine from the given documents whether employee turnover rates have increased or decreased based on the information available.
--------------------------------------------------------------------------------

Query: The current date is March 2025. Answer the following question using NVDA's 10-K filings: Has there been a shift in the company’s talent acquisition strategy?
Edited query to be: The current date is March 2025. Answer the following question using NVDA's 10-K filings: Has there been a shift in the company’s talent acquisition strategy?
Extracted filters: {'company': 'NVDA', 'years': [2025], 'filing_type': '10-K', 'year_comparison': True}
Attempting to locate documents with the filters and query: The current date is March 2025. Answer the following question using NVDA's 10-K filings: Has there been a shift in the company’s talent acquisition strategy? {'company': 'NVDA', 'year': ['2025'], 'filing_type': '10-K'}
Filtering with params: {'company': 'NVDA', 'year': ['2025'], 'filing_type': '10-K'}
Total documents in corpus: 3668
Filter 'company': 3668 matches
Filter 'year': 124 matches
Filter 'filing_type': 3668 matches
Final matching documents: 124
Reverted query to be: The current date is March 2025. Answer the following question using NVDA's 10-K filings: Has there been a shift in the company’s talent acquisition strategy?
Response:  The provided context does not contain specific information regarding any shift in EGNIVIA Corporation's talent acquisition strategy as of March 2025. The documents focus on tax attributes, unrecognized tax benefits, accounting principles, financial statements, and internal control over financial reporting. Therefore, based on the given information, it is not possible to determine any changes or shifts in the company's talent acquisition strategy.
--------------------------------------------------------------------------------

Query: The current date is March 2025. Answer the following question using NVDA's 10-K filings: How has employee training and development evolved?
Edited query to be: The current date is March 2025. Answer the following question using NVDA's 10-K filings: How has employee training and development evolved?
Extracted filters: {'company': None, 'years': [2025], 'filing_type': '10-K', 'year_comparison': True}
Attempting to locate documents with the filters and query: The current date is March 2025. Answer the following question using NVDA's 10-K filings: How has employee training and development evolved? {'year': ['2025'], 'filing_type': '10-K'}
Filtering with params: {'year': ['2025'], 'filing_type': '10-K'}
Total documents in corpus: 3668
Filter 'year': 124 matches
Filter 'filing_type': 3668 matches
Final matching documents: 124
Reverted query to be: The current date is March 2025. Answer the following question using NVDA's 10-K filings: How has employee training and development evolved?
Response:  The provided context does not include specific details on how employee training and development have evolved as of March 2025. The information given in Document 2 from NVDA's 10-K filing for the end of fiscal year 2024 mentions initiatives such as providing peer support, executive sponsors for internal community resource groups, training and education on fostering supportive environments, recruiting for diversity, tracking equity and parity, and measuring progress on diversity efforts. However, there is no further information or comparison provided for the year following 2024. Therefore, based on the given context, we cannot determine the evolution of employee training and development up to March 2025.
--------------------------------------------------------------------------------

Query: The current date is March 2025. Answer the following question using NVDA's 10-K filings: Have compensation structures changed significantly?
Edited query to be: The current date is March 2025. Answer the following question using NVDA's 10-K filings: Have compensation structures changed significantly?
Extracted filters: {'company': None, 'years': [2025], 'filing_type': '10-K', 'year_comparison': True}
Attempting to locate documents with the filters and query: The current date is March 2025. Answer the following question using NVDA's 10-K filings: Have compensation structures changed significantly? {'year': ['2025'], 'filing_type': '10-K'}
Filtering with params: {'year': ['2025'], 'filing_type': '10-K'}
Total documents in corpus: 3668
Filter 'year': 124 matches
Filter 'filing_type': 3668 matches
Final matching documents: 124
Reverted query to be: The current date is March 2025. Answer the following question using NVDA's 10-K filings: Have compensation structures changed significantly?
Response:  The provided context does not include specific information regarding changes in compensation structures as of March 2025. The documents referenced (NVDA 10-K for the years 2024, 2023, and 2022) discuss the company's compensation recovery policy and the principles of consolidation, revenue recognition, and internal control over financial reporting. However, there is no mention of significant changes in compensation structures between the fiscal years covered by these documents and March 2025. To determine if there have been any changes in compensation structures since March 2025, one would need access to more recent financial statements or updates beyond the provided documents.
--------------------------------------------------------------------------------

Query: The current date is March 2025. Answer the following question using NVDA's 10-K filings: Has the company adjusted benefits or workplace culture initiatives?
Edited query to be: The current date is March 2025. Answer the following question using NVDA's 10-K filings: Has the company adjusted benefits or workplace culture initiatives?
Extracted filters: {'company': None, 'years': [2025], 'filing_type': '10-K', 'year_comparison': False}
Attempting to locate documents with the filters and query: The current date is March 2025. Answer the following question using NVDA's 10-K filings: Has the company adjusted benefits or workplace culture initiatives? {'year': ['2025'], 'filing_type': '10-K'}
Filtering with params: {'year': ['2025'], 'filing_type': '10-K'}
Total documents in corpus: 3668
Filter 'year': 124 matches
Filter 'filing_type': 3668 matches
Final matching documents: 124
Reverted query to be: The current date is March 2025. Answer the following question using NVDA's 10-K filings: Has the company adjusted benefits or workplace culture initiatives?
Response:  The provided context does not include specific information about adjustments to benefits or workplace culture initiatives as of March 2025. The documents reference various financial and accounting details, such as tax attributes, revenue recognition, equity award activity, and comprehensive income, but there is no mention of changes or initiatives related to benefits or workplace culture after January 2024. To obtain information about adjustments or initiatives implemented by March 2025, one would need to review more recent filings or company updates beyond the scope of the provided documents.
--------------------------------------------------------------------------------

Query: The current date is March 2025. Answer the following question using NVDA's 10-K filings: How has the company responded to labor market shortages?
Edited query to be: The current date is March 2025. Answer the following question using NVDA's 10-K filings: How has the company responded to labor market shortages?
Extracted filters: {'company': 'NVDA', 'years': [2025], 'filing_type': '10-K', 'year_comparison': False}
Attempting to locate documents with the filters and query: The current date is March 2025. Answer the following question using NVDA's 10-K filings: How has the company responded to labor market shortages? {'company': 'NVDA', 'year': ['2025'], 'filing_type': '10-K'}
Filtering with params: {'company': 'NVDA', 'year': ['2025'], 'filing_type': '10-K'}
Total documents in corpus: 3668
Filter 'company': 3668 matches
Filter 'year': 124 matches
Filter 'filing_type': 3668 matches
Final matching documents: 124
Reverted query to be: The current date is March 2025. Answer the following question using NVDA's 10-K filings: How has the company responded to labor market shortages?
Response:  The provided context does not contain specific information about the company's response to labor market shortages as of March 2025. The documents mention various aspects of the company's operations, financial status, and executive team details, but there is no direct reference to strategies or actions taken in response to labor market shortages. To answer this question accurately, one would need additional information or access to more recent documents beyond the provided context.
--------------------------------------------------------------------------------

Query: The current date is March 2025. Answer the following question using NVDA's 10-K filings: Have AI or automation trends influenced workforce planning?
Edited query to be: The current date is March 2025. Answer the following question using NVDA's 10-K filings: Have AI or automation trends influenced workforce planning?
Extracted filters: {'company': 'NVDA', 'years': [2025], 'filing_type': '10-K', 'year_comparison': False}
Attempting to locate documents with the filters and query: The current date is March 2025. Answer the following question using NVDA's 10-K filings: Have AI or automation trends influenced workforce planning? {'company': 'NVDA', 'year': ['2025'], 'filing_type': '10-K'}
Filtering with params: {'company': 'NVDA', 'year': ['2025'], 'filing_type': '10-K'}
Total documents in corpus: 3668
Filter 'company': 3668 matches
Filter 'year': 124 matches
Filter 'filing_type': 3668 matches
Final matching documents: 124
Reverted query to be: The current date is March 2025. Answer the following question using NVDA's 10-K filings: Have AI or automation trends influenced workforce planning?
Response:  The provided context from NVDA's 10-K filings does not explicitly mention AI or automation trends influencing workforce planning. However, it does discuss the company's commitment to diversity, inclusion, and sustainability, as well as the importance of environmental, social, and corporate governance principles. The context does highlight the company's efforts to maintain a flexible work environment and the support of a diverse workforce, which could be indirectly related to adapting to technological trends like AI and automation.

For specific information on how AI or automation trends have influenced workforce planning at EGNIVIA Corporation, one would need to review more detailed sections of the company's reports or statements that directly address human resources strategies and technological impacts on employment. Since the provided context does not contain this information, I cannot provide a definitive answer based on the given documents.

If you are looking for more detailed insights into AI or automation trends and their impact on workforce planning, I recommend accessing the full text of the relevant sections of EGNIVIA's 10-K filings or reaching out to the company directly for further clarification.
--------------------------------------------------------------------------------

Query: The current date is March 2025. Answer the following question using NVDA's 10-K filings: How has the company’s investor communication strategy evolved?
Edited query to be: The current date is March 2025. Answer the following question using NVDA's 10-K filings: How has the company’s investor communication strategy evolved?
Extracted filters: {'company': 'NVDA', 'years': [2025], 'filing_type': '10-K', 'year_comparison': True}
Attempting to locate documents with the filters and query: The current date is March 2025. Answer the following question using NVDA's 10-K filings: How has the company’s investor communication strategy evolved? {'company': 'NVDA', 'year': ['2025'], 'filing_type': '10-K'}
Filtering with params: {'company': 'NVDA', 'year': ['2025'], 'filing_type': '10-K'}
Total documents in corpus: 3668
Filter 'company': 3668 matches
Filter 'year': 124 matches
Filter 'filing_type': 3668 matches
Final matching documents: 124
Reverted query to be: The current date is March 2025. Answer the following question using NVDA's 10-K filings: How has the company’s investor communication strategy evolved?
Response:  According to the provided context from NVDA's 10-K filings for the years ended January 28, 2024, and January 29, 2023, the company's investor communication strategy has evolved to include a broader range of digital platforms. As of the information given, EGNIVIA Corporation has expanded its communication channels to include its investor relations website, press releases, SEC filings, and public conference calls and webcasts. Additionally, the company actively uses various social media platforms such as Twitter (https://twitter.com/nvidia), its Corporate Blog (http://blogs.nvidia.com), Facebook Page (https://www.facebook.com/nvidia), LinkedIn Page (http://www.linkedin.com/company/nvidia), and Instagram Page (https://www.instagram.com/nvidia) to disseminate material financial information, product announcements, and other relevant company updates. These platforms are used in compliance with Regulation FD (Fair Disclosure) to ensure all investors have equal access to material information.

The company's forward-looking statements, which are part of the Annual Report on Form 10-K, are based on management's beliefs and assumptions, and they acknowledge that actual results may differ due to various risks and uncertainties. The company emphasizes the importance of monitoring these social media accounts along with traditional communication methods to stay informed about material developments.

However, the context does not provide specific data or comparisons for the year 2025, so a direct analysis of the evolution of the investor communication strategy from 2023 to 2025 cannot be provided. For a detailed comparison, one would need the investor communication strategy information from the company's 2025 filings or updates.

Reference:
- NVDA 10-K 2024, Part III, Item 16. Form 10-K Summary
- NVDA 10-K 2024, Part III, Item 10. Directors, Executive Officers and Corporate Governance
- NVDA 10-K 2024, Part III, Item 11. Executive Compensation
- NVDA 10-K 2024, Part III, Item 12. Security Ownership of Certain Beneficial Owners and Management and Related Stockholder Matters
- NVDA 10-K 2024, Part III, Item 13. Certain Relationships and Related Transactions, and Director Independence
- NVDA 10-K 2024, Part III, Item 14. Principal Accountant Fees and Services
- NVDA 10-K 2024, Part IV, Item 15. Exhibit and Financial Statement Schedules
- NVDA 10-K 2024, Part III, Exhibit 32.1 and 32.2 Certifications by Jen-Hsun Huang and Colette M. Kress
- NVDA 10-K 2024, Part III, Table of Contents and Report of Independent Registered Public Accounting Firm

Please note that the information provided is based on the context up to March 2025 and does not include any data or developments that may have occurred after that date.
--------------------------------------------------------------------------------

Query: The current date is March 2025. Answer the following question using NVDA's 10-K filings: Has the company changed how it presents financial metrics over time?
Edited query to be: The current date is March 2025. Answer the following question using NVDA's 10-K filings: Has the company changed how it presents financial metrics over time?
Extracted filters: {'company': None, 'years': [2025], 'filing_type': '10-K', 'year_comparison': True}
Attempting to locate documents with the filters and query: The current date is March 2025. Answer the following question using NVDA's 10-K filings: Has the company changed how it presents financial metrics over time? {'year': ['2025'], 'filing_type': '10-K'}
Filtering with params: {'year': ['2025'], 'filing_type': '10-K'}
Total documents in corpus: 3668
Filter 'year': 124 matches
Filter 'filing_type': 3668 matches
Final matching documents: 124
Reverted query to be: The current date is March 2025. Answer the following question using NVDA's 10-K filings: Has the company changed how it presents financial metrics over time?
Response:  The provided context does not explicitly state whether the company has changed how it presents financial metrics over time. The documents cited are from NVDA's 10-K filings for the years 2023, 2024, and comparative data for 2022. To determine if there has been a change in the presentation of financial metrics over time, one would need to review multiple years of 10-K filings to identify any alterations in reporting formats, disclosures, or financial statement structures. Since the specific information regarding changes in presentation is not included in the given context, it is not possible to answer this question with certainty based on the provided documents. For a comprehensive analysis, one would need to examine the financial statements from several consecutive years to assess any evolution in the company's financial reporting practices.
--------------------------------------------------------------------------------

Query: The current date is March 2025. Answer the following question using NVDA's 10-K filings: Have share buyback programs or dividend policies changed?
Edited query to be: The current date is March 2025. Answer the following question using NVDA's 10-K filings: Have share buyback programs or dividend policies changed?
Extracted filters: {'company': None, 'years': [2025], 'filing_type': '10-K', 'year_comparison': True}
Attempting to locate documents with the filters and query: The current date is March 2025. Answer the following question using NVDA's 10-K filings: Have share buyback programs or dividend policies changed? {'year': ['2025'], 'filing_type': '10-K'}
Filtering with params: {'year': ['2025'], 'filing_type': '10-K'}
Total documents in corpus: 3668
Filter 'year': 124 matches
Filter 'filing_type': 3668 matches
Final matching documents: 124
Reverted query to be: The current date is March 2025. Answer the following question using NVDA's 10-K filings: Have share buyback programs or dividend policies changed?
Response:  The provided context does not include specific information about changes to share buyback programs or dividend policies after March 2025. The documents mention that in fiscal year 2024, EGNIVIA Corporation paid $395 million in quarterly cash dividends and repurchased shares during the fourth quarter of fiscal year 2024. Additionally, there is a mention of a Rule 10b5-1 trading plan for share repurchases from January 29, 2024, to February 16, 2024, but no further details on changes post-March 2025 are given. Therefore, based on the available information, we cannot determine if there have been any changes to share buyback programs or dividend policies after March 2025.
--------------------------------------------------------------------------------

Query: The current date is March 2025. Answer the following question using NVDA's 10-K filings: Has the company’s credit rating changed?
Edited query to be: The current date is March 2025. Answer the following question using NVDA's 10-K filings: Has the company’s credit rating changed?
Extracted filters: {'company': None, 'years': [2025], 'filing_type': '10-K', 'year_comparison': False}
Attempting to locate documents with the filters and query: The current date is March 2025. Answer the following question using NVDA's 10-K filings: Has the company’s credit rating changed? {'year': ['2025'], 'filing_type': '10-K'}
Filtering with params: {'year': ['2025'], 'filing_type': '10-K'}
Total documents in corpus: 3668
Filter 'year': 124 matches
Filter 'filing_type': 3668 matches
Final matching documents: 124
Reverted query to be: The current date is March 2025. Answer the following question using NVDA's 10-K filings: Has the company’s credit rating changed?
Response:  The provided context does not include specific information regarding changes in the company's credit rating as of March 2025. The documents mention tax positions, carryforwards, and financial statements for fiscal years 2024 and 2023, but there is no mention of a credit rating or its change during or after these periods. Therefore, based on the given context, it is not possible to determine if the company's credit rating has changed by March 2025.
--------------------------------------------------------------------------------

Query: The current date is March 2025. Answer the following question using NVDA's 10-K filings: Have institutional ownership levels changed significantly?
Edited query to be: The current date is March 2025. Answer the following question using NVDA's 10-K filings: Have institutional ownership levels changed significantly?
Extracted filters: {'company': None, 'years': [2025], 'filing_type': '10-K', 'year_comparison': True}
Attempting to locate documents with the filters and query: The current date is March 2025. Answer the following question using NVDA's 10-K filings: Have institutional ownership levels changed significantly? {'year': ['2025'], 'filing_type': '10-K'}
Filtering with params: {'year': ['2025'], 'filing_type': '10-K'}
Total documents in corpus: 3668
Filter 'year': 124 matches
Filter 'filing_type': 3668 matches
Final matching documents: 124
Reverted query to be: The current date is March 2025. Answer the following question using NVDA's 10-K filings: Have institutional ownership levels changed significantly?
Response:  The provided context does not include specific information regarding institutional ownership levels or any comparative data across different dates, including March 2025. Therefore, it is not possible to determine whether institutional ownership levels have changed significantly based on the given documents. To answer this question accurately, one would need access to historical institutional ownership data or subsequent SEC filings that provide such information.
--------------------------------------------------------------------------------

Query: The current date is March 2025. Answer the following question using NVDA's 10-K filings: Has the company adopted a different approach to forward guidance?
Edited query to be: The current date is March 2025. Answer the following question using NVDA's 10-K filings: Has the company adopted a different approach to forward guidance?
Extracted filters: {'company': None, 'years': [2025], 'filing_type': '10-K', 'year_comparison': True}
Attempting to locate documents with the filters and query: The current date is March 2025. Answer the following question using NVDA's 10-K filings: Has the company adopted a different approach to forward guidance? {'year': ['2025'], 'filing_type': '10-K'}
Filtering with params: {'year': ['2025'], 'filing_type': '10-K'}
Total documents in corpus: 3668
Filter 'year': 124 matches
Filter 'filing_type': 3668 matches
Final matching documents: 124
Reverted query to be: The current date is March 2025. Answer the following question using NVDA's 10-K filings: Has the company adopted a different approach to forward guidance?
Response:  The provided context does not specify any changes or updates regarding the company's approach to forward guidance as of March 2025. The information is based on the NVDA 10-K filings for the years ended January 28, 2024, January 29, 2023, and January 30, 2022. For forward guidance as of March 2025, one would need to review more recent filings or company communications beyond the given documents.
--------------------------------------------------------------------------------

Query: The current date is March 2025. Answer the following question using NVDA's 10-K filings: Have activist investors influenced strategic changes?
Edited query to be: The current date is March 2025. Answer the following question using NVDA's 10-K filings: Have activist investors influenced strategic changes?
Extracted filters: {'company': None, 'years': [2025], 'filing_type': '10-K', 'year_comparison': False}
Attempting to locate documents with the filters and query: The current date is March 2025. Answer the following question using NVDA's 10-K filings: Have activist investors influenced strategic changes? {'year': ['2025'], 'filing_type': '10-K'}
Filtering with params: {'year': ['2025'], 'filing_type': '10-K'}
Total documents in corpus: 3668
Filter 'year': 124 matches
Filter 'filing_type': 3668 matches
Final matching documents: 124
Reverted query to be: The current date is March 2025. Answer the following question using NVDA's 10-K filings: Have activist investors influenced strategic changes?
Response:  The provided context does not contain specific information regarding the influence of activist investors on strategic changes within EGNIVIA Corporation as of March 2025. The documents mention various financial aspects, such as tax carryforwards, revenue recognition, and internal control over financial reporting, but there is no mention of activist investors or their impact on the company's strategy. Therefore, based on the given context, it is not possible to determine if activist investors have influenced strategic changes in EGNIVIA Corporation by March 2025.
--------------------------------------------------------------------------------

Query: The current date is March 2025. Answer the following question using NVDA's 10-K filings: How has the company’s disclosure on intangible assets evolved?
Edited query to be: The current date is March 2025. Answer the following question using NVDA's 10-K filings: How has the company’s disclosure on intangible assets evolved?
Extracted filters: {'company': 'NVDA', 'years': [2025], 'filing_type': '10-K', 'year_comparison': True}
Attempting to locate documents with the filters and query: The current date is March 2025. Answer the following question using NVDA's 10-K filings: How has the company’s disclosure on intangible assets evolved? {'company': 'NVDA', 'year': ['2025'], 'filing_type': '10-K'}
Filtering with params: {'company': 'NVDA', 'year': ['2025'], 'filing_type': '10-K'}
Total documents in corpus: 3668
Filter 'company': 3668 matches
Filter 'year': 124 matches
Filter 'filing_type': 3668 matches
Final matching documents: 124
Reverted query to be: The current date is March 2025. Answer the following question using NVDA's 10-K filings: How has the company’s disclosure on intangible assets evolved?
Response:  According to the NVDA 10-K filings, the company's disclosure on intangible assets has evolved with the amortization of a $630 million in-process research and development intangible asset related to the acquisition of Mellanox, which commenced in the first quarter of fiscal year 2023. The amortization expenses for fiscal years 2024, 2023, and 2022 were $614 million, $699 million, and $563 million, respectively. Additionally, the company's goodwill increased by $59 million in fiscal year 2024 due to an immaterial acquisition and was allocated to the Compute & Networking reporting unit. The future amortization expense related to the net carrying amount of intangible assets as of January 28, 2024, is projected to be $1,112 million over the years 2025 to 2030. This information is detailed in Note 7 - Amortizable Intangible Assets of the consolidated financial statements.
--------------------------------------------------------------------------------

Query: The current date is March 2025. Answer the following question using NVDA's 10-K filings: Have there been material changes in accounting policies?
Edited query to be: The current date is March 2025. Answer the following question using NVDA's 10-K filings: Have there been material changes in accounting policies?
Extracted filters: {'company': None, 'years': [2025], 'filing_type': '10-K', 'year_comparison': False}
Attempting to locate documents with the filters and query: The current date is March 2025. Answer the following question using NVDA's 10-K filings: Have there been material changes in accounting policies? {'year': ['2025'], 'filing_type': '10-K'}
Filtering with params: {'year': ['2025'], 'filing_type': '10-K'}
Total documents in corpus: 3668
Filter 'year': 124 matches
Filter 'filing_type': 3668 matches
Final matching documents: 124
Reverted query to be: The current date is March 2025. Answer the following question using NVDA's 10-K filings: Have there been material changes in accounting policies?
Response:  Based on the provided context from NVDA's 10-K filings, there is no explicit mention of material changes in accounting policies as of the current date, March 2025. The documents reference an increase in the estimated useful life of property, plant, and equipment due to advances in technology and usage rate, which was assessed in February 2023. This change resulted in a benefit of $33 million and $102 million for cost of revenue and operating expenses, respectively, for the fiscal year ended January 28, 2024. However, this is described as an ongoing evaluation and adjustment of estimates rather than a change in accounting policy. For more recent or specific changes, one would need to review the latest filings or notes directly, as the provided context does not contain that information.
--------------------------------------------------------------------------------

Query: The current date is March 2025. Answer the following question using NVDA's 10-K filings: How has the company responded to changes in market sentiment?
Edited query to be: The current date is March 2025. Answer the following question using NVDA's 10-K filings: How has the company responded to changes in market sentiment?
Extracted filters: {'company': 'NVDA', 'years': [2025], 'filing_type': '10-K', 'year_comparison': True}
Attempting to locate documents with the filters and query: The current date is March 2025. Answer the following question using NVDA's 10-K filings: How has the company responded to changes in market sentiment? {'company': 'NVDA', 'year': ['2025'], 'filing_type': '10-K'}
Filtering with params: {'company': 'NVDA', 'year': ['2025'], 'filing_type': '10-K'}
Total documents in corpus: 3668
Filter 'company': 3668 matches
Filter 'year': 124 matches
Filter 'filing_type': 3668 matches
Final matching documents: 124
Reverted query to be: The current date is March 2025. Answer the following question using NVDA's 10-K filings: How has the company responded to changes in market sentiment?
Response:  The provided context does not include specific details on how the company has responded to changes in market sentiment as of March 2025. The documents reference tax positions, carryforwards, and financial estimates, but do not directly address strategies or responses to market sentiment changes. The closest related information is from Document 4, which mentions an increase in the estimated useful life of property, plant, and equipment due to advances in technology and usage rate in February 2023, resulting in financial benefits. However, this does not directly address market sentiment. For a comprehensive understanding of the company's response to market sentiment changes, additional context or documents would be required.
--------------------------------------------------------------------------------
---------------------------------------
Begin Slurm Epilog: Mar-07-2025 01:42:19
Job ID:        3086627
User ID:       dfu71
Account:       gts-yke8
Job name:      rag
Resources:     cpu=1,gres/gpu:h200=1,mem=80G,node=1
Rsrc Used:     cput=00:19:48,vmem=0,walltime=00:19:48,mem=9172K,energy_used=0
Partition:     gpu-h200
QOS:           inferno
Nodes:         atl1-1-01-007-21-0
---------------------------------------
