"What company pioneered accelerated computing and is now a full-stack computing infrastructure company?","NVIDIA","NVIDIA pioneered accelerated computing to help solve the most challenging computational problems. NVIDIA is now a full-stack computing infrastructure company with data-center-scale offerings that are reshaping industry."
"What programming model forms the foundation of NVIDIA's full-stack software for GPUs?","CUDA programming model","Our full-stack includes the foundational CUDA programming model that runs on all NVIDIA GPUs, as well as hundreds of domain-specific software libraries, software development kits, or SDKs, and Application Programming Interfaces, or APIs."
"What industries does NVIDIA's software stack provide vertical-specific optimizations for?","Industries ranging from healthcare and telecom to automotive and manufacturing","This deep and broad software stack accelerates the performance and eases the deployment of NVIDIA accelerated computing for computationally intensive workloads such as artificial intelligence, or AI, model training and inference, data analytics, scientific computing, and 3D graphics, with vertical-specific optimizations to address industries ranging from healthcare and telecom to automotive and manufacturing."
"Over $58.2 billion","Innovation is at our core. We have invested over $58.2 billion in research and development since our inception, yielding inventions that are essential to modern computing."
"What moment marked the 'Big Bang' of AI according to NVIDIA?","The AlexNet neural network, trained on NVIDIA GPUs, winning the ImageNet computer image recognition competition in 2012","In 2012, the AlexNet neural network, trained on NVIDIA GPUs, won the ImageNet computer image recognition competition, marking the 'Big Bang' moment of AI."
"What was introduced by NVIDIA in 2023 for giant-scale AI and high-performance computing?","NVIDIA's first data center CPU, Grace","In 2023, we introduced our first data center CPU, Grace, built for giant-scale AI and high performance computing, or HPC."
"What industries use NVIDIA's accelerated computing platforms for AI-enabled products and services?","Enterprises and startups across industries such as enterprise software, transportation, healthcare, and financial services.","Enterprises and startups across a broad range of industries use our accelerated computing platforms to build new generative and agentic AI-enabled products and services, and/or to dramatically accelerate and reduce the costs of their workloads and workflows. The enterprise software industry uses them for new AI assistants, chatbots, and agents; the transportation industry for autonomous driving; the healthcare industry for accelerated and computer-aided drug discovery; and the financial services industry for customer support and fraud detection."
"How do researchers and developers utilize NVIDIA's computing solutions?","Researchers and developers use NVIDIA's computing solutions to accelerate applications like molecular dynamics simulation and climate forecasting.","Researchers and developers use our computing solutions to accelerate a wide range of important applications, from simulating molecular dynamics to climate forecasting."
"What portion of the global TOP500 list is powered by NVIDIA computing solutions?","Over 75% of the supercomputers on the global TOP500 list, including 38 of the top 50 systems on the Green500 list.","Including GPUs and networking, NVIDIA powers over 75% of the supercomputers on the global TOP500 list, including 38 of the top 50 systems on the Green500 list."
"Why are PC GPUs increasingly in demand according to NVIDIA?","The market for PC GPUs is expanding due to the growing number of gamers, live streamers, broadcasters, artists, and the rise of generative AI applications.","Gamers choose NVIDIA GPUs to enjoy immersive, increasingly cinematic virtual worlds. In addition to serving the growing number of gamers, the market for PC GPUs is expanding because of the burgeoning population of live streamers, broadcasters, artists, and creators. With the advent of generative AI, we expect a broader set of PC users to choose NVIDIA GPUs for running generative AI applications locally on their PC, which is critical for privacy, latency, and cost-sensitive AI applications."
"When was NVIDIA incorporated in Delaware?","NVIDIA was reincorporated in Delaware in April 1998.","Headquartered in Santa Clara, California, NVIDIA was incorporated in California in April 1993 and reincorporated in Delaware in April 1998."
"What categories does NVIDIA report its business results in?","NVIDIA reports its business results in two segments: Compute & Networking and Graphics.","Our Businesses We report our business results in two segments. The Compute & Networking segment includes our Data Center accelerated computing platforms and AI solutions and software; networking; automotive platforms and autonomous and electric vehicle solutions; Jetson for robotics and other embedded platforms; and DGX Cloud computing services. The Graphics segment includes GeForce GPUs for gaming and PCs, the GeForce NOW game streaming service and related infrastructure, and solutions for gaming platforms; Quadro/NVIDIA RTX GPUs for enterprise workstation graphics; virtual GPU, or vGPU, software for cloud-based visual and virtual computing; automotive platforms for infotainment systems; and Omniverse Enterprise software for building and operating industrial AI and digital twin applications."
"What technical expertise do members of the sales team possess?","The members of the sales team possess technical expertise and product and industry knowledge.","Members of our sales team have technical expertise and product and industry knowledge."
"What roles do application engineers and solution architects play in the company?","Application engineers and solution architects provide pre-sales assistance to partners in designing, testing, and qualifying system designs that incorporate the company's platforms.","We also employ a team of application engineers and solution architects to provide pre-sales assistance to our partner network in designing, testing, and qualifying system designs that incorporate our platforms."
"What is the function of the Deep Learning Institute?","The Deep Learning Institute provides in-person and online training for developers to build AI and accelerated computing applications leveraging the company's platforms.","Our Deep Learning Institute provides in-person and online training for developers in industries and organizations around the world to build AI and accelerated computing applications that leverage our platforms."
"Why does the company maintain relationships with the software development community?","The company maintains relationships with the software development community to encourage the development of applications optimized for its platforms and software.","To encourage the development of applications optimized for our platforms and software, we seek to establish and maintain strong relationships in the software development community."
"What is the company's manufacturing strategy?","The company's manufacturing strategy is a fabless and contracting manufacturing strategy, partnering with suppliers for wafer fabrication, assembly, testing, and packaging.","We utilize a fabless and contracting manufacturing strategy, whereby we employ and partner with key suppliers for all phases of the manufacturing process, including wafer fabrication, assembly, testing, and packaging."
"Which foundries does the company utilize for semiconductor wafer production?","The company utilizes Taiwan Semiconductor Manufacturing Company Limited (TSMC) and Samsung Electronics Co., Ltd. for semiconductor wafer production.","We utilize foundries, such as Taiwan Semiconductor Manufacturing Company Limited, or TSMC, and Samsung Electronics Co., Ltd., or Samsung, to produce our semiconductor wafers."
"What are some technologies and products that pose significant competition in the AI computing processor market?","GPUs, CPUs, DPUs, embedded SoCs, and other accelerated AI computing processor products, as well as semiconductor-based high-performance interconnect products based on InfiniBand, Ethernet, Fibre Channel, and proprietary technologies.","A significant source of competition comes from companies that provide GPUs, CPUs, DPUs, embedded SoCs, and other accelerated, AI computing processor products, and providers of semiconductor-based high-performance interconnect products based on InfiniBand, Ethernet, Fibre Channel, and proprietary technologies."
"Why might some competitors in the AI computing processor market have an advantage over other companies?","Some competitors may have greater marketing, financial, distribution, and manufacturing resources, allowing them to be more adept at adapting to customer or technological changes.","Some of our competitors may have greater marketing, financial, distribution and manufacturing resources than we do and may be more able to adapt to customers or technological changes."
"Which companies are named as competitors in the field of discrete and integrated GPUs and AI computing solutions?","Advanced Micro Devices, Inc. (AMD), Huawei Technologies Co. Ltd. (Huawei), and Intel Corporation (Intel).","Our current competitors include suppliers and licensors of hardware and software for discrete and integrated GPUs, custom chips and other accelerated computing solutions, including solutions offered for AI, such as Advanced Micro Devices, Inc., or AMD, Huawei Technologies Co. Ltd., or Huawei, and Intel Corporation, or Intel."
"What methods and legal protections are used to safeguard intellectual property for the AI computing processor company?","The company uses a combination of patents, trademarks, trade secrets, employee and third-party nondisclosure agreements, licensing arrangements, and international treaties and laws.","We rely primarily on a combination of patents, trademarks, trade secrets, employee and third-party nondisclosure agreements, and licensing arrangements to protect our IP in the United States and internationally. We also rely on international treaties, organizations, and foreign laws to protect our IP."
"How do U.S. government export control restrictions affect the company's ability to serve international customers?","Shifting and expanding export control restrictions impact the company's ability to serve customers outside the U.S., including new licensing requirements affecting exports to China, Russia, and other regions for certain high-performance products.","Over the past three years, we have been subject to a series of shifting and expanding export control restrictions, impacting our ability to serve customers outside the United States. The USG announced licensing requirements affecting exports to China, Russia, and other regions of products such as the A100 and H100 integrated circuits."
"What factors influence the decision to seek formal protection for innovations and technologies in certain locations?","Factors include the location of product manufacturing, strategic technology or product directions, the extent and enforcement of IP laws in jurisdictions, and the commercial significance of operations and competitors' operations in regions.","We continuously assess whether and where to seek formal protection for innovations and technologies based on such factors as the location in which our products are manufactured, our strategic technology or product directions in different countries, the degree to which IP laws exist and are meaningfully enforced in different jurisdictions, and the commercial significance of our operations and our competitors' operations in particular countries and regions."
"Which NVIDIA products were immediately affected by the US government's licensing requirements on October 23, 2023?","A100, A800, H100, H800, and L40S products","On October 23, 2023, the USG informed us that the licensing requirements were effective immediately for shipments of our A100, A800, H100, H800, and L40S products (removing the grace period granted by the official rule)."
"What will the 'AI Diffusion' IFR impose after a 120-day delayed compliance period?","A worldwide licensing requirement on all products classified under Export Control Classification Numbers 3A090.a, 4A090.a, or corresponding .z ECCNs.","On January 15, 2025, the USG published the “AI Diffusion” IFR in the Federal Register. After a 120-day delayed compliance period, the IFR will, unless modified, impose a worldwide licensing requirement on all products classified under Export Control Classification Numbers, or ECCNs, 3A090.a, 4A090.a, or corresponding .z ECCNs, including all related software and technology."
"What could prevent NVIDIA from selling its inventory and developing replacement products for the China market?","Changes in the USG's export control rules may prevent NVIDIA from selling its inventory of such products and developing replacement products not subject to the licensing requirements, effectively excluding them from the China market.","In the event of such change, we may be unable to sell our inventory of such products and may be unable to develop replacement products not subject to the licensing requirements, effectively excluding us from all or part of the China market, as well as other impacted markets, including the Middle East and countries designated “Tier 2” by the AI Diffusion IFR."
"What actions is NVIDIA taking to mitigate the impact of concentrated supply chain in the Asia-Pacific region?","NVIDIA is working to enhance the resiliency and redundancy of its supply chain, which is currently concentrated in the Asia-Pacific region, to mitigate the impact of export controls and manufacturing location limitations.","While we work to enhance the resiliency and redundancy of our supply chain, which is currently concentrated in the Asia-Pacific region, new and existing export controls or changes to existing export controls could limit alternative manufacturing locations and negatively impact our business."
"How could new or existing export controls affect NVIDIA's competitive position and business?","These controls could limit alternative manufacturing locations, increase costs, and exclude NVIDIA from certain markets, thereby negatively impacting its competitive position and business.","New and existing export controls or changes to existing export controls could limit alternative manufacturing locations and negatively impact our business. Compliance with laws, rules, and regulations could further increase our costs, impact our competitive position, and otherwise may have a material adverse impact on our business, financial condition and results of operations in subsequent periods."
"What considerations are being made by the USG regarding the import and sale of automotive products?","The USG is considering restrictions on the import and sale of certain automotive products in the United States, which could impact NVIDIA's ability to develop and supply solutions for automotive customers if adopted and interpreted broadly.","For example, the USG is considering restrictions on the import and sale of certain automotive products in the United States, which if adopted and interpreted broadly, could impact our ability to develop and supply solutions for our automotive customers."
"What areas could potentially increase costs and impact NVIDIA's competitive position and financial results?","Safety requirements, responsible use of AI, climate change, cryptocurrency, and consumer laws.","safety requirements, the responsible use of AI, climate change, cryptocurrency, and consumer laws, could further increase our costs, impact our competitive position, and otherwise may have a material adverse impact on our business, financial condition and results of operations in subsequent periods."
"What is NVIDIA's approach to integrating sustainability and governance into the company?","NVIDIA aims to integrate sound environmental, social, and corporate governance principles and practices into every aspect of the company.","NVIDIA invents computing technologies that improve lives and address global challenges. Our goal is to integrate sound environmental, social, and corporate governance principles and practices into every aspect of the Company."
"What is NVIDIA's goal for matching electricity usage with renewable energy starting fiscal year 2025?","NVIDIA committed to purchase or generate enough renewable energy to match 100% of its global electricity usage for offices and data centers under operational control starting with fiscal year 2025.","We committed to purchase or generate enough renewable energy to match 100% of our global electricity usage for offices and data centers under our operational control starting with our fiscal year 2025."
"How does NVIDIA plan to engage its manufacturing suppliers in terms of GHG emissions?","NVIDIA aims to engage manufacturing suppliers comprising at least 67% of its scope 3 category 1 GHG emissions with the goal of effecting supplier adoption of science-based targets by the end of fiscal year 2026.","By the end of fiscal year 2026, we also aim to engage manufacturing suppliers comprising at least 67% of NVIDIA’s scope 3 category 1 GHG emissions with the goal of effecting supplier adoption of science-based targets."
"What percentage of NVIDIA's workforce is engaged in research and development and what percentage holds advanced degrees?","Approximately 27,100 employees are engaged in research and development, which accounts for a significant portion of its workforce, while 51% of the workforce holds advanced degrees.","As of the end of fiscal year 2025, we had approximately 36,000 employees in 38 countries; 27,100 were engaged in research and development and... Our workforce is 82% technical and 51% hold advanced degrees."
"What efforts does NVIDIA make to support employee development?","NVIDIA supports employee development through on-the-job learning opportunities, training courses, targeted development programs, mentoring, peer coaching, and tuition reimbursement programs.","To support employee development, we provide opportunities to learn on-the-job through training courses, targeted development programs, mentoring and peer coaching and ongoing feedback. We offer tuition reimbursement programs to subsidize educational programs and advanced certifications."
"What programs does NVIDIA offer to support employee development?","NVIDIA offers training courses, targeted development programs, mentoring, peer coaching, and ongoing feedback. Additionally, they provide tuition reimbursement programs for educational courses and advanced certifications, and encourage internal job mobility.","To support employee development, we provide opportunities to learn on-the-job through training courses, targeted development programs, mentoring and peer coaching and ongoing feedback. We constantly upgrade our learning offerings to ensure that our employees are exposed to the most current content and technologies available. We offer tuition reimbursement programs to subsidize educational programs and advanced certifications and encourage internal job mobility."
"How does NVIDIA evaluate employee sentiment and engagement?","NVIDIA evaluates employee sentiment and engagement using pulse surveys, a suggestion box, and an anonymous third-party platform.","To evaluate employee sentiment and engagement, we use pulse surveys, a suggestion box, and an anonymous third-party platform."
"What was NVIDIA's overall turnover rate in fiscal year 2025?","NVIDIA's overall turnover rate in fiscal year 2025 was 2.5%.","In fiscal year 2025, our overall turnover rate was 2.5%."
"What is included in NVIDIA's compensation program to reward employee performance?","NVIDIA's compensation program includes equity tied to the company's stock price that vests over time, aligning the interests of employees with shareholders. It also includes comprehensive benefits like 401(k) programs in the U.S., pension programs outside the U.S., and flexible work hours.","Our compensation program rewards performance and is structured to encourage employees to invest in the Company’s future. Employees receive equity, except where unavailable due to local regulations, that is tied to the value of our stock price and vests over time to retain employees while simultaneously aligning their interests with those of our shareholders. We offer comprehensive benefits to support our employees’ and their families’ physical health, well-being, and financial health. Programs include 401(k) programs in the U.S., statutory and supplemental pension programs outside the U.S., our employee stock purchase program, flexible work hours, and time off policies."
"How does NVIDIA support diversity, inclusion, and belonging in its workforce?","NVIDIA supports diversity, inclusion, and belonging by hiring, promoting, and compensating based on merit, partnering with organizations serving underrepresented communities, and providing peer support and executive sponsors for community resources. NVIDIA also offers training for managers and tracks equity in retention, promotions, and pay.","We believe that diverse teams fuel innovation, and we are committed to creating an inclusive culture that supports all our employees. When recruiting new talent or developing our current employees, we strive to build a diverse talent pipeline that includes those underrepresented in the technology field, including women, Black/African American, and Hispanic/Latino candidates. To this end, we: •Hire, promote and compensate our employees based on merit; •Partner with institutions and professional organizations serving historically underrepresented communities; •Enlist dedicated recruiting teams to shepherd underrepresented candidates through the interview process and identify internal opportunities; •Support the development and growth of women employees through programs aimed at building a pipeline of future leaders; •Provide peer support and executive sponsors for our internal community resource groups; •Provide training and education to managers and peers on fostering supportive environments that allow all our employees to do their best work; •Track equity and parity in retention, promotions, pay, and employee engagement scores; and •Measure year over year progress and provide leadership visibility on talent and diversity efforts."
"What roles do Jen-Hsun Huang and Colette M. Kress hold at NVIDIA and what is a brief overview of their backgrounds?","Jen-Hsun Huang is the President and Chief Executive Officer of NVIDIA, having co-founded the company in 1993. He previously worked at LSI Logic Corporation and AMD. Colette M. Kress is the Executive Vice President and Chief Financial Officer, joining NVIDIA in 2013. She formerly served as Senior Vice President and Chief Financial Officer at Cisco Systems, Inc.","Jen-Hsun Huang co-founded NVIDIA in 1993 and has served as our President, Chief Executive Officer, and a member of the Board of Directors since our inception. From 1985 to 1993, Mr. Huang was employed at LSI Logic Corporation, a computer chip manufacturer, where he held a variety of positions including as Director of Coreware, the business unit responsible for LSI's SOC. From 1983 to 1985, Mr. Huang was a microprocessor designer for AMD, a semiconductor company. Colette M. Kress joined NVIDIA in 2013 as Executive Vice President and Chief Financial Officer. Prior to NVIDIA, Ms. Kress most recently served as Senior Vice President and Chief Financial Officer of the Business Technology and Operations Finance organization at Cisco Systems, Inc."
"What positions did Ajay K. Puri hold at NVIDIA from 2005 to 2009?","Ajay K. Puri held the position of Senior Vice President, Worldwide Sales at NVIDIA from 2005 and became Executive Vice President, Worldwide Field Operations in 2009.","Ajay K. Puri joined NVIDIA in 2005 as Senior Vice President, Worldwide Sales and became Executive Vice President, Worldwide Field Operations in 2009."
"What degrees does Timothy S. Teter hold, and from which institutions?","Timothy S. Teter holds a B.S. degree in Mechanical Engineering from the University of California at Davis and a J.D. degree from Stanford Law School.","Mr. Teter holds a B.S. degree in Mechanical Engineering from the University of California at Davis and a J.D. degree from Stanford Law School."
"Debora Shoquist worked at JDS Uniphase Corp. as Executive Vice President of Operations before joining NVIDIA.","Debora Shoquist joined NVIDIA in 2007 as Senior Vice President of Operations and in 2009 became Executive Vice President of Operations. Prior to NVIDIA, Ms. Shoquist served from 2004 to 2007 as Executive Vice President of Operations at JDS Uniphase Corp."
"What was Huang’s educational background?","Huang holds a B.S.E.E. degree from Oregon State University and an M.S.E.E. degree from Stanford University.","Mr. Huang holds a B.S.E.E. degree from Oregon State University and an M.S.E.E. degree from Stanford University."
"What roles did Colette M. Kress have at Microsoft?","At Microsoft, Colette M. Kress held various positions, including being the Chief Financial Officer of the Server and Tools division from 2006, responsible for financial strategy, planning, reporting, and business development for the division.","From 1997 to 2010 Ms. Kress held a variety of positions at Microsoft, a software company, including, beginning in 2006, Chief Financial Officer of the Server and Tools division, where Ms. Kress was responsible for financial strategy, planning, reporting and business development for the division."
"Who did Timothy S. Teter work for before joining NVIDIA, and what was his focus?","Before joining NVIDIA, Timothy S. Teter worked for the law firm Cooley LLP, focusing on litigating patent and technology-related matters.","Prior to NVIDIA, Mr. Teter spent more than two decades at the law firm of Cooley LLP, where he focused on litigating patent and technology related matters."
"What could be the consequence if a business fails to meet the evolving needs of its industry and markets?","Failure to meet the evolving needs could adversely impact financial results.","Failure to meet the evolving needs of our industry and markets may adversely impact our financial results."
"How might competition affect a company's market share and financial results?","Competition could adversely impact market share and financial results.","Competition could adversely impact our market share and financial results."
"What risk is associated with long manufacturing lead times and uncertain supply and component availability?","Long manufacturing lead times and uncertain supply and component availability could lead to mismatches between supply and demand.","Long manufacturing lead times and uncertain supply and component availability, combined with a failure to estimate customer demand accurately has led and could lead to mismatches between supply and demand."
"Why does dependency on third-party suppliers pose a risk to a business?","Dependency on third-party suppliers reduces control over product quantity and quality, manufacturing yields, and product delivery schedules, and could harm the business.","Dependency on third-party suppliers and their technology to manufacture, assemble, test, or package our products reduces our control over product quantity and quality, manufacturing yields, and product delivery schedules and could harm our business."
"What could be the impact of defects in products on a business?","Defects in products could cause significant expenses to remediate and damage the business.","Defects in our products have caused and could cause us to incur significant expenses to remediate and could damage our business."
"What are the potential risks associated with international sales and operations?","International sales and operations expose a business to risks that could harm its business.","International sales and operations are a significant part of our business, which exposes us to risks that could harm our business."
"What types of services are included in NVIDIA DGX Cloud offerings?","Cloud-based infrastructure, software and services for training and deploying AI models.","We offer enterprise customers NVIDIA DGX Cloud services, which include cloud-based infrastructure, software and services for training and deploying AI models."
"What is a potential consequence if NVIDIA fails to develop or monetize new products and technologies?","Their financial results could be adversely affected.","If we fail to develop or monetize new products and technologies, or if they do not become widely adopted, our financial results could be adversely affected."
"What are the challenges mentioned that could affect NVIDIA's ability to compete successfully?","Challenges include competitors having cheaper or better-functioning products, operating their own fabrication facilities, longer operating histories, larger customer bases, more comprehensive IP portfolios, and greater resources.","Our competitors’ products, services and technologies… may be cheaper or provide better functionality…the competitors operate their own fabrication facilities, have longer operating histories, larger customer bases…more comprehensive IP portfolios and greater financial resources."
"What kind of software solutions does NVIDIA plan to offer aside from its cloud services?","Standalone software solutions including NVIDIA AI Enterprise, NVIDIA Omniverse, and NVIDIA DRIVE.","We also offer or plan to offer standalone software solutions, including NVIDIA AI Enterprise, NVIDIA Omniverse, NVIDIA DRIVE, and other software products."
"How might competition impact NVIDIA's products and financial results?","Competition could result in lower-than-expected selling prices or demand for NVIDIA's products due to competitors' superior offerings.","Our competitors’ products, services and technologies… may result in lower-than-expected selling prices or demand for our products."
"What has NVIDIA done to secure future supply and capacity?","Paid premiums, provided deposits, entered into long-term supply agreements and capacity commitments.","To secure future supply and capacity, we have paid premiums, provided deposits, and entered into long-term supply agreements and capacity commitments."
"What challenges might the company face when managing supply and demand due to increased product transition frequency?","The company may face challenges such as volatility in revenue due to the difficulty in managing supply and demand with the increased frequency of product transitions and a larger number of products and configurations. Product qualification times, customer anticipation of new products, and reduced channel inventory of older architectures may also impact revenue stability.","The computing industry is experiencing a broader and faster launch cadence of accelerated computing platforms. The increased frequency of these transitions and the larger number of products and product configurations may magnify the challenges associated with managing supply and demand which may further create volatility in our revenue. Qualification time for new products, customers anticipating product transitions, and channel partners reducing channel inventory of prior architectures ahead of new product introductions can reduce, or create volatility in, our revenue."
"How might the introduction of generative AI models impact revenue forecasting?","The introduction of generative AI models makes it difficult to estimate the impact on reported revenue or forecasted demand, as the products may be used in multiple applications.","Because our products may be used in multiple use cases and applications, it is difficult to estimate with any reasonable degree of precision the impact of generative AI models on our reported revenue or forecasted demand."
"How has cryptocurrency mining previously affected the demand for the company's products?","Cryptocurrency mining, such as Ethereum mining using GPUs, has created inconsistent spikes and drops in demand for the company's products.","For example, several years ago, our Gaming GPUs began to be used for mining digital currencies, such as Ethereum. It is difficult for us to estimate with any reasonable degree of precision the past or current impact of cryptocurrency mining, or forecast the future impact of cryptocurrency mining, on demand for our products."
"What potential impacts could changes in cryptocurrency standards like the Ethereum 2.0 merge have on GPU demand?","Changes like the Ethereum 2.0 merge have reduced the use of GPUs for Ethereum mining, which may increase aftermarket sales and negatively impact retail prices and demand for new GPUs.","Changes to cryptocurrency standards and processes including the Ethereum 2.0 merge in 2022 have reduced and may in the future decrease the usage of GPUs for Ethereum mining. This has created and may in the future create increased aftermarket sales of our GPUs, which could negatively impact retail prices for our GPUs and reduce demand for our new GPUs."
"What risks does dependency on third-party suppliers pose to the company's business operations?","Dependency on third-party suppliers reduces control over product quantity, quality, manufacturing yields, and delivery schedules, potentially harming business operations and financial results.","Dependency on third-party suppliers and their technology to manufacture, assemble, test, or package our products reduces our control over product quantity and quality, manufacturing yields, and product delivery schedules and could harm our business."
"What are some challenges faced by the company related to product transitions?","Product transitions can impair demand prediction, supply mix management, and lead to additional costs, impacting the ability to execute architectural transitions as planned.","Our financial results have been and may in the future be negatively impacted if we are unable to execute our architectural transitions as planned for any reason. The increased frequency and complexity of newly introduced products could result in unanticipated quality or production issues that could increase the magnitude of inventory provisions, warranty, or other costs or result in product delays."
"What is one risk associated with relying on subcontractors for product assembly, testing, and packaging?","Lack of direct control over product quantity, quality, and delivery schedules.","We do not assemble, test, or package our products, but instead contract with independent subcontractors. These subcontractors assist with procuring components used in our systems, boards, and products. We face risks such as lack of direct control over product quantity, quality, and delivery schedules."
"Why might a company face higher wafer and component prices?","Higher prices can result from incorrectly estimating demand and failing to place orders with suppliers with sufficient quantities or in a timely manner.","We face risks including potential higher wafer and component prices resulting from incorrectly estimating demand and failing to place orders with our suppliers with sufficient quantities or timely."
"What issue can failure by foundries to develop advanced process node technologies lead to?","It can adversely affect the ability to manufacture products, impacting gross margin, revenue, and financial results.","Failure by our foundries to develop, obtain, or successfully implement high quality process technologies, including transitions to smaller geometry process technologies such as advanced process node technologies and memory designs needed to manufacture our products; this failure could adversely affect our business operations, gross margin, revenue and/or financial results."
"How can defects in product design or proprietary process technology impact manufacturing yields?","Low manufacturing yields may result from issues in product design or a foundry's proprietary process technology.","Low manufacturing yields resulting from issues in our product design or a foundry’s proprietary process technology is a risk that we face."
"What potential problems might arise when products are introduced into new devices or markets?","Increase in risks such as defects, security vulnerabilities, and performance failures due to issues in design, fabrication, packaging, materials, and new applications.","Our hardware and software product and service offerings are complex. They have in the past and may in the future contain defects, security vulnerabilities, experience failures, or unsatisfactory performance due to issues in design, fabrication, packaging, materials, bugs and/or use within a system. These risks may also increase when our products are introduced into new devices, markets, technologies and applications, or new versions are released."
"What could result from undiscovered vulnerabilities in products or services?","Loss of data, exposure to malicious software, and damage to customer relationships.","Undiscovered vulnerabilities in our products or services could result in loss of data or intangible property, or expose our customers to unscrupulous third parties who develop and deploy malicious software programs that could attack our products or services."
"53%","Our semiconductor wafers are manufactured, assembled, tested and packaged by third parties located outside of the United States, and we generated 53% of our revenue in fiscal year 2025 from sales outside the United States."
"What are some potential consequences of an actual or threatened default on government debt?","Higher interest rates, a decline in the value of the U.S. dollar, reduced market liquidity, or other adverse conditions.","Due to an actual or threatened default on government debt could result in higher interest rates, a decline in the value of the U.S. dollar, reduced market liquidity or other adverse conditions."
"What risk factors could harm international sales and operations?","Risks include domestic and international economic and political conditions, government lockdowns, differing legal standards, capital market disruptions, counter-inflation policies, currency fluctuations, natural disasters, acts of war, terrorism, public health issues, trade restrictions, and catastrophic events.","International sales and operations are a significant part of our business, which exposes us to risks that could harm our business... These include domestic and international economic and political conditions in countries in which we and our suppliers and manufacturers do business, government lockdowns to control case spread of global or local health issues, differing legal standards with respect to protection of IP and employment practices, different domestic and international business and cultural practices, disruptions to capital markets, counter-inflation policies, currency fluctuations, natural disasters, acts of war or other military actions, terrorism, public health issues, restrictions on international trade, such as tariffs, sanctions, and other controls on imports or exports, and catastrophic events."
"How could cyber-attacks affect a business according to the text?","Cyber-attacks could disrupt operations, reduce expected revenue, increase expenses, and significantly harm the business and reputation.","Product, system security, and data protection incidents or breaches, as well as cyber-attacks, could disrupt our operations, reduce our expected revenue, increase our expenses, and significantly harm our business and reputation."
"What technologies are being used by some actors to launch more targeted cyber-attacks?","AI technology is being used to launch more automated, targeted, and coordinated attacks.","Additionally, some actors are using AI technology to launch more automated, targeted and coordinated attacks."
"Why is it difficult to ensure effective cybersecurity according to the provided text?","Aspects of effective cybersecurity depend on employees, contractors, and third-party service providers safeguarding sensitive information and adhering to security policies. This is challenging due to potential insider threats or errors, and reliance on third-party products and services which may have vulnerabilities.","Certain aspects of effective cybersecurity are dependent upon our employees, contractors and/or other third-party service providers safeguarding our sensitive information and adhering to our security policies and access control mechanisms. We have in the past experienced, and may in the future experience, security incidents arising from a failure to properly handle sensitive information or adhere to our security policies and access control mechanisms... Furthermore, we rely on products and services provided by third-party suppliers to operate certain critical business systems... We cannot guarantee that third parties and infrastructure in our supply chain or our partners’ supply chains have not been compromised or that they do not contain exploitable vulnerabilities, defects or bugs that could result in a breach of or disruption to our information technology systems, including our products and services, or the third-party information technology systems that support our services."
"What potential consequences could result from the compromise of AI outputs due to security incidents?","Potential consequences include reputational damage, regulatory scrutiny, adverse impacts on performance and reliability, affecting partner operations, customer trust, and revenue.","Information security issues may decrease resilience to security incidents that compromise AI outputs, leading to reputational damage, regulatory scrutiny, or adverse impacts on performance and reliability, affecting partner operations, customer trust, and revenue."
"Why may the company have limited ability to respond to a third-party supplier's security incident?","The company may have limited ability to respond because they might not have direct access to the supplier's systems, logs, and other information related to the security incident.","If a third-party supplier suffers a security incident, the company's response may be limited or more difficult due to the lack of direct access to their systems, logs, and information."
"What are some of the steps the company must take to defend against security incidents?","The company must continuously engineer more secure products, develop security measures, provide training programs, and ensure suppliers have appropriate security measures in place.","To defend against security incidents, the company must engineer secure products, enhance security features, develop security measures, and ensure suppliers have suitable security measures."
"What kind of information does the company hold that makes security breaches potentially harmful?","The company holds confidential, sensitive, personal, and proprietary information from partners and customers, making breaches potentially harmful.","The company holds confidential, sensitive, personal, and proprietary information, including from partners and customers, which can lead to risks if breached."
"What factors could cause disruptions to the company's worldwide operations?","Disruptions could be caused by natural disasters, extreme weather, power or water shortages, infrastructure failures, telecommunications failures, supplier disruptions, terrorist attacks, acts of violence, political unrest, acts of war, or pandemics.","Factors causing disruptions to worldwide operations include natural disasters, extreme weather, power shortages, infrastructure failures, telecom failures, supplier disruptions, terrorism, violence, political unrest, war, or pandemics."
"Where are some of the company's critical business operations located, making them vulnerable to natural disasters?","Critical business operations, including corporate headquarters, data center capacity, and research and development activities, are located in California and parts of Asia, making them vulnerable to natural disasters like earthquakes and wildfires.","The company's corporate headquarters, data center capacity, and R&D activities are located in California and Asia, making them vulnerable to natural disasters such as earthquakes and wildfires."
"What geographical areas are mentioned as being vulnerable to natural disasters impacting the company's operations?","California and Asia.","Our corporate headquarters, a large portion of our current data center capacity, and a portion of our research and development activities are located in California, and other critical business operations, finished goods inventory and some of our suppliers are located in Asia, making our operations vulnerable to natural disasters such as earthquakes, wildfires or other business disruptions occurring in these geographical areas."
"How might geopolitical tensions and conflicts affect the company's operations?","Geopolitical tensions and conflicts may result in changing regulatory requirements, disrupt operations and strategies, affect product demand and access to markets, and impact profitability.","Worldwide geopolitical tensions and conflicts, including but not limited to China, Hong Kong, Israel, Korea and Taiwan where the manufacture of our product components and final assembly of our products are concentrated may result in changing regulatory requirements, and other disruptions that could impact our operations and operating strategies, product demand, access to global markets, hiring, and profitability."
"What is one potential impact of climate change on the company?","Climate change may lead to power safety shut offs in Northern California due to wildfire risk, impacting operations in Santa Clara.","Water and energy availability and reliability in the regions where we conduct business is critical, and certain of our facilities may be vulnerable to the impacts of extreme weather events. Extreme heat and wind coupled with dry conditions in Northern California may lead to power safety shut offs due to wildfire risk, which can have adverse implications for our Santa Clara, California headquarter offices and data centers, including impairing the ability of our employees to work effectively."
"What are some specific risks that could harm the company's business according to the text?","Natural disasters, geopolitical and domestic political developments, military actions, cyber-attacks, and disruptions from third-party vendors.","Catastrophic events can also have an impact on third-party vendors who provide us critical infrastructure services for IT and research and development systems and personnel. Geopolitical and domestic political developments and other events beyond our control can increase economic volatility globally. Political instability, changes in government or adverse political developments in or around any of the major countries in which we do business may harm our business, financial condition and results of operations."
"How might interruptions from CSPs and other third parties affect the company?","Interruptions from CSPs, data center co-location partners, and other third parties could impair the company's ability to provide products and services, resulting in harm to their business.","Additionally, interruptions or delays in services from CSPs, data center co-location partners, and other third parties on which we rely, including due to the events described above or other events such as the insolvency of these parties, could impair our ability to provide our products and services and harm our business."
"What challenges could arise from the company's reliance on third-party systems and services?","The company could face damage from service interruptions, defects, disruptions, outages, shortages, and other quality problems.","As we increase our reliance on these third-party systems and services, our exposure to damage from service interruptions, defects, disruptions, outages, shortages and other performance and quality problems may increase."
"What factors influence the types and amounts of insurance coverage maintained?","The types and amounts of insurance coverage maintained vary depending on availability and cost.","Maintain insurance coverage for a variety of property, casualty, and other risks, the types and amounts of insurance we obtain vary depending on availability and cost."
"What are the possible consequences of losses not covered by insurance?","Losses not covered by insurance may be large, potentially harming results of operations and financial condition.","Some of our policies have large deductibles and broad exclusions, and our insurance providers may be unable or unwilling to pay a claim. Losses not covered by insurance may be large, which could harm our results of operations and financial condition."
"How could climate-related laws and regulations directly affect business operations?","Climate-related laws and regulations could result in greater direct costs, including changes to manufacturing processes, increased capital expenditures, higher compliance and energy costs, and procurement of raw materials.","New or proposed regulations relating to carbon taxes, fuel or energy taxes, pollution limits, sustainability-related disclosure and governance and supply chain governance could result in greater direct costs, including costs associated with changes to manufacturing processes or the procurement of raw materials used in manufacturing processes, increased capital expenditures to improve facilities and equipment, higher compliance and energy costs to reduce emissions, other compliance costs."
"What risks are associated with the energy requirements of GPUs?","The business could be negatively impacted by concerns around the high absolute energy requirements, despite their energy-efficient design and operation compared to alternative computing platforms.","Our business could be negatively impacted by concerns around the high absolute energy requirements of our GPUs, despite their much more energy-efficient design and operation relative to alternative computing platforms."
"What challenges and risks are involved in acquisitions or investments?","Acquisitions or investments involve challenges such as integration difficulties, regulatory delays, retention of talent, technology evolution, and the potential imposition of unfavorable conditions by regulators.","Acquisitions or investments involve significant challenges and risks and could impair our ability to grow our business, develop new products or sell our products and ultimately could have a negative impact on our financial results. If we pursue a particular transaction, we may limit our ability to enter into other transactions. Delays and challenges in obtaining regulatory approvals and other changes could reduce the benefits of the transaction."
"What are the potential impacts of having an investment portfolio with industry sector concentration risks?","A decline in any one or multiple industry sectors could increase impairment losses.","Our investment portfolio contains industry sector concentration risks, and a decline in any one or multiple industry sectors could increase our impairment losses."
"What challenges can arise during the integration of acquisition target systems?","Challenges during the integration can include lengthy and costly systems integration, delays in purchasing and shipping products, difficulties with system integration via electronic data interchange, and training and change management for integration personnel.","For example, when integrating acquisition target systems into our own, we have experienced and may continue to experience challenges including lengthy and costly systems integration, delays in purchasing and shipping products, difficulties with system integration via electronic data interchange and other processes with our key suppliers and customers, and training and change management needs of integration personnel."
"The following text is a CSV row: How might the concentration of sales to a limited number of customers affect a company?","The company's revenue could be adversely affected due to the significant impact if it loses or is prevented from selling to any of these key customers, leading to financial strain.","We receive a significant amount of our revenue from a limited number of partners and distributors and we have a concentration of sales to customers who purchase directly or indirectly from us, and our revenue could be adversely affected if we lose or are prevented from selling to any of these customers."
"What percentage of total revenue in fiscal year 2025 was attributed to direct sales to Customers A, B, and C?","Direct sales to Customers A, B, and C represented 12%, 11%, and 11% of total revenue, respectively, for fiscal year 2025.","Sales to direct Customers A, B and C represented 12%, 11% and 11% of total revenue, respectively, for fiscal year 2025, all of which were primarily attributable to the Compute & Networking segment."
"How can changes in partners' or customers' business models impact a company's sales?","Changes can reduce the number of partners available, harm the ability to sell products to customers, and potentially lead to partners or customers altering their purchasing patterns.","Changes in our partners' or customers' business models or their ownership can reduce the number of partners available to us and harm our ability to sell our advanced data center systems to customers. In the future, these partners may decide to purchase fewer products, not to incorporate our products into their ecosystem, or to alter their purchasing patterns in some other way."
"What factors can impair a company's ability to attract and retain qualified employees?","Factors include changes in immigration and work permit regulations, competition for talent driving up compensation costs, and stock price volatility reducing the retentive value of stock-based compensation.","If we are unable to attract, retain and motivate our executives and key employees, our business may be harmed. We must recruit and develop exceptional and diverse talent. However, labor is subject to external factors that are beyond our control, including our industry’s highly competitive market for skilled workers and leaders, and workforce participation rates. Changes in immigration and work permit regulations, or in their administration or interpretation, could impair our ability to attract and retain qualified employees. In times of stock price volatility, the retentive value of our stock-based compensation may decrease."
"What might affect the timing and amount of revenue related to system integrators, distributors, and channel partners?","If end demand increases or finished goods supply availability is concentrated near a quarter end, system integrators, distributors, and channel partners may have limited ability to increase their credit, impacting revenue timing and amount.","If end demand increases or our finished goods supply availability is concentrated near a quarter end, the system integrators, distributors, and channel partners may have limited ability to increase their credit, which could impact the timing and amount of our revenue."
"What impact could changes in immigration and work permit regulations have on the ability to attract and retain employees?","Changes in immigration and work permit regulations could impair the ability to attract and retain qualified employees.","Changes in immigration and work permit regulations, or in their administration or interpretation, could impair our ability to attract and retain qualified employees."
"How does competition for talent affect compensation costs?","Competition for talent drives up costs in the form of cash and stock-based compensation.","Competition for talent drives up costs in the form of cash and stock-based compensation."
"What are the potential consequences of failing to ensure effective succession planning for executives and key employees?","Failure to ensure effective succession planning, transfer of knowledge, and smooth transitions involving executives and key employees could hinder strategic planning, execution, and long-term success.","Failure to ensure effective succession planning, transfer of knowledge, and smooth transitions involving executives and key employees could hinder our strategic planning, execution, and long-term success."
"What risks are associated with ERP system implementation?","ERP system implementation may introduce problems, such as quality issues or programming errors, that could impact successful operation of the business or timely and accurate financial reporting.","We continue to design and implement updated accounting functionality related to a new enterprise resource planning, or ERP, system. Any ERP system implementation may introduce problems, such as quality issues or programming errors, that could have an impact on our continued ability to successfully operate our business or to timely and accurately report our financial results."
"What could be the effect of identifying material weaknesses in internal controls on investor confidence and stock price?","Identification of material weaknesses in internal controls may cause investors to lose confidence in financial statements and lead to a decline in stock price.","Identification of material weaknesses in our internal controls, even if quickly remediated once disclosed, may cause investors to lose confidence in our financial statements and our stock price may decline."
"What are some regulatory and legal challenges that the business faces?","The business is subject to complex laws and regulations related to IP ownership, taxes, import and export requirements, anti-corruption, foreign exchange controls, data privacy, competition, product regulations, and other matters that could impact operations.","We are subject to laws and regulations domestically and worldwide, affecting our operations in areas including, but not limited to, IP ownership and infringement; taxes; import and export requirements and tariffs; anti-corruption, including the Foreign Corrupt Practices Act; business acquisitions; foreign exchange controls and cash repatriation restrictions; foreign ownership and investment; data privacy requirements; competition and antitrust; advertising; employment; product regulations; cybersecurity; environmental, health, and safety requirements; the responsible use of AI; sustainability; cryptocurrency; and consumer laws."
"What challenges might compliance with various regulations present to a company's business operations?","Compliance can be onerous and expensive, impact competitive position, and negatively affect operations and the ability to manufacture and ship products.","Compliance with such requirements can be onerous and expensive, could impact our competitive position, and may negatively impact our business operations and ability to manufacture and ship our products."
"What risks are associated with violations of laws or company policies?","Violations could result in fines, criminal sanctions, the prohibition of conducting business, and damage to reputation.","There can be no assurance that our employees, contractors, suppliers, customers or agents will not violate applicable laws or the policies, controls, and procedures that we have designed to help ensure compliance with such laws, and violations could result in fines, criminal sanctions against us, our officers, or our employees, prohibitions on the conduct of our business, and damage to our reputation."
"How could changes to laws and regulations impact compliance costs?","Changes could lead to materially greater compliance and other costs.","Changes to the laws, rules and regulations to which we are subject, or changes to their interpretation and enforcement, could lead to materially greater compliance and other costs."
"What increased regulatory focus is being faced by markets relating to AI?","There is increased interest from regulators worldwide, including those in the European Union, the United States, the United Kingdom, South Korea, and China.","Our position in markets relating to AI has led to increased interest in our business from regulators worldwide, including the European Union, the United States, the United Kingdom, South Korea and China."
"The following text is a CSV row: What was a specific regulatory action taken by the EU that could impact AI model deployment?","The EU AI Act, which became effective on August 1, 2024, could impact the ability to train, deploy, or release AI models in the EU.","The EU AI Act became effective on August 1, 2024, and will be fully applicable after a two-year transitional period. The EU AI Act may impact our ability to train, deploy, or release AI models in the EU."
"How have recent geopolitical events affected business operations in certain countries?","The war in Ukraine led to the imposition of sanctions and export control measures, blocking product passage into Russia, Belarus, and certain regions of Ukraine, and resulted in the cessation of direct sales and business operations in Russia.","For example, in response to the war in Ukraine, the United States and other jurisdictions imposed economic sanctions and export control measures which blocked the passage of our products, services and support into Russia, Belarus, and certain regions of Ukraine. In fiscal year 2023, we stopped direct sales to Russia and closed business operations in Russia."
"What impact did the war in Ukraine have on direct sales and business operations for the company in fiscal year 2023?","The company stopped direct sales to Russia and closed business operations in Russia in fiscal year 2023 due to the war in Ukraine.","In fiscal year 2023, we stopped direct sales to Russia and closed business operations in Russia. Concurrently, the war in Ukraine has impacted sales in EMEA and may continue to do so in the future."
"How have economic sanctions related to the war in Ukraine affected the company's product distribution?","Economic sanctions have blocked the passage of the company's products, services, and support into Russia, Belarus, and certain regions of Ukraine.","For example, in response to the war in Ukraine, the United States and other jurisdictions imposed economic sanctions and export control measures which blocked the passage of our products, services and support into Russia, Belarus, and certain regions of Ukraine."
"What are the potential consequences of increasing regulatory restrictions targeting AI technologies for the company?","Increasing regulatory restrictions targeting AI technologies could result in additional limitations on the company's product and service offerings, impacting sales and business operations.","The increasing focus on the risks and strategic importance of AI technologies has resulted in regulatory restrictions that target products and services capable of enabling or facilitating AI and may in the future result in additional restrictions impacting some or all of our product and service offerings."
"Why might the company's downstream customers and users face limitations in acquiring and using systems that include its products?","Restrictions on AI technology products could limit the ability of downstream customers and users to acquire and use systems that include the company's products, impacting business and financial results.","Such restrictions have limited and could in the future limit the ability of downstream customers and users worldwide to acquire, deploy and use systems that include our products, software, and services, and negatively impact our business and financial results."
"How could proposed export control restrictions on semiconductors associated with AI affect the company's competitive position?","Export control restrictions could create a competitive disadvantage for the company as competitors may not face similar restrictions, negatively impacting business and financial results.","Export controls targeting GPUs and semiconductors associated with AI, which have been imposed and are increasingly likely to be further tightened, would further restrict our ability to export our technology, products, or services even though competitors may not be subject to similar restrictions, creating a competitive disadvantage for us and negatively impacting our business and financial results."
"What actions have regulators in China taken concerning the company's sales and compliance with U.S. export controls?","Regulators in China have inquired about the company's sales, efforts to supply the China market, and fulfillment of commitments related to the Mellanox acquisition. They are investigating if compliance with U.S. export controls discriminates against Chinese customers.","Regulators in China have inquired about our sales and efforts to supply the China market and our fulfillment of the commitments we entered at the close of our Mellanox acquisition. For example, regulators in China are investigating whether complying with applicable U.S. export controls discriminates unfairly against customers in the China market."
"What consequences might the company face if it violates applicable laws in China?","The company could face financial penalties, restrictions on conducting business, restrictions regarding networking products and services, or impacts on operations in China, all of which could have a material and adverse impact on its business, operating results, and financial condition.","If regulators conclude that we have failed to fulfill such commitments or we have violated any applicable law in China, we could be subject to financial penalties, restrictions on our ability to conduct our business, restrictions regarding our networking products and services, or otherwise impact our operations in China, any of which could have a material and adverse impact on our business, operating results and financial condition."
"What new licensing requirements did the USG introduce for NVIDIA products in October 2023?","The USG introduced licensing requirements for exports to China and Country Groups D1, D4, and D5 of NVIDIA products exceeding certain performance thresholds, including the A100, A800, H100, H800, L4, L40, L40S, and RTX 4090.","In October 2023, the USG announced new and updated licensing requirements that became effective in our fourth quarter of fiscal year 2024 for exports to China and Country Groups D1, D4, and D5 (including but not limited to, Saudi Arabia, the United Arab Emirates, and Vietnam, but excluding Israel) of our products exceeding certain performance thresholds, including, but not limited to, the A100, A800, H100, H800, L4, L40, L40S and RTX 4090."
"As of October 23, 2023, what change did the USG make regarding the grace period for licensing requirements?","The USG informed that the licensing requirements were effective immediately for shipments of NVIDIA's A100, A800, H100, H800, and L40S products, removing the previously granted grace period.","On October 23, 2023, the USG informed us that the licensing requirements were effective immediately for shipments of our A100, A800, H100, H800, and L40S products (removing the grace period granted by the official rule)."
"The following text is a CSV row: What is the worldwide licensing requirement introduced by the AI Diffusion IFR starting January 15, 2025?","The AI Diffusion IFR will impose a worldwide licensing requirement on all products classified under ECCNs 3A090.a, 4A090.a, or corresponding .z ECCNs, including related software and technology, starting January 15, 2025, after a 120-day delayed compliance period.","On January 15, 2025, the USG published the ""AI Diffusion"" IFR in the Federal Register. After a 120-day delayed compliance period, the IFR will, unless modified, impose a worldwide licensing requirement on all products classified under Export Control Classification Numbers, or ECCNs, 3A090.a, 4A090.a, or corresponding .z ECCNs, including all related software and technology."
"What impact might the AI Diffusion IFR have on the U.S. computing market?","The AI Diffusion IFR could reduce the market for U.S.-designed and manufactured computing products and services by expressly limiting exports, reexports, and transfers of covered products to Tier 2 countries and companies in Tier 1 countries with ties to Tier 2.","The AI Diffusion IFR would reduce the market for U.S.-designed and manufactured computing products and services, by expressly limiting exports, reexports, and transfers of covered products to Tier 2 countries and companies in Tier 1 countries that are either headquartered in Tier 2, or have an ultimate parent headquartered."
"What is the impact of AI Diffusion IFR on the market for U.S.-designed and manufactured computing products?","AI Diffusion IFR reduces the market by limiting exports, reexports, and transfers to certain countries and companies.","The AI Diffusion IFR would reduce the market for U.S.-designed and manufactured computing products and services, by expressly limiting exports, reexports, and transfers of covered products to Tier 2 countries and companies in Tier 1 countries that are either headquartered in Tier 2, or have an ultimate parent headquartered in a Tier 2 country."
"How does the AI Diffusion IFR affect IT services and computing infrastructure access?","It limits access by favoring government-approved firms with UVEU status.","The AI Diffusion IFR would limit access to the market for IT services and computing infrastructure, by favoring a select number of government-approved firms that achieve UVEU status."
"What potential risk does the AI Diffusion IFR pose to U.S. providers and the U.S. industry?","It exposes them to an enhanced risk of retaliation from other countries.","The AI Diffusion IFR would expose U.S. providers and the U.S. industry to an enhanced risk of retaliation from other countries, in the form of tariffs, import/export controls, or other regulatory actions."
"Why might customers be encouraged to seek alternatives to U.S. products under the AI Diffusion IFR?","To invest in options not affected by USG regulations, including foreign competition.","The AI Diffusion IFR would encourage our customers to invest in alternatives that are not affected by USG regulations, including foreign competition."
"What challenges does the licensing process of the AI Diffusion IFR introduce?","The process is time-consuming, and there is no guarantee of license approval or timely action by the USG.","To the extent that a customer requires products covered by the licensing requirements, we may seek a license for the customer. However, the licensing process is time-consuming. We have no assurance that the USG will grant such a license or that the USG will act on the license application in a timely manner or at all."
"What impact could further USG export control changes have on NVIDIA's competitive position?","Further changes could harm NVIDIA's competitive position and future results by expanding control scope, disadvantaging NVIDIA against competitors, and increasing transition costs.","Our competitive position has been harmed by the existing export controls, and our competitive position and future results may be further harmed, over the long term, if there are further changes in the USG’s export controls, including further expansion of the geographic, customer, or product scope of the controls, if customers purchase product from competitors, if customers develop their own internal solution, if we are unable to provide contractual warranty or other extended service obligations, if the USG does not grant licenses in a timely manner or denies licenses to significant customers or if we incur significant transition costs."
"What potential impact could changes in export control rules have on NVIDIA's business?","Changes in export control rules could prevent NVIDIA from selling their inventory and developing replacement products, excluding them from markets like China and impacting financial results.","Change the export control rules at any time and further subject a wider range of our products to export restrictions and licensing requirements, negatively impacting our business and financial results. In the event of such change, we may be unable to sell our inventory of such products and may be unable to develop replacement products not subject to the licensing requirements, effectively excluding us from all or part of the China market."
"How might USG's export controls affect NVIDIA's supply chain?","USG's export controls may disrupt NVIDIA's supply and distribution chain, particularly for products stored and distributed from Hong Kong, potentially impacting sales outside China.","Export controls may disrupt our supply and distribution chain for a substantial portion of our products, which are warehoused in and distributed from Hong Kong."
"What could encourage NVIDIA's customers to 'design-out' U.S. semiconductors?","Excessive or shifting export controls encourage customers to 'design-out' U.S. semiconductors to reduce compliance burden and risk, ensuring they can serve global markets.","Excessive or shifting export controls have already and may in the future encourage customers outside China and other impacted regions to 'design-out' certain U.S. semiconductors from their products to reduce the compliance burden and risk, and to ensure that they are able to serve markets worldwide."
"How might export controls influence investment in semiconductor products?","Export controls increase the risk of investing in U.S. advanced semiconductor products, as new products might face restrictions by the time they're market-ready.","Excessive or shifting export controls increase the risk of investing in U.S. advanced semiconductor products, because by the time a new product is ready for market, it may be subject to new unilateral export controls restricting its sale."
"What are the possible effects of Chinese government restrictions on NVIDIA?","The Chinese government restrictions may encourage customers to choose China-based competitors, impacting NVIDIA's business, operating results, and financial condition.","The Chinese government may also encourage customers to purchase from our China-based competitors, or impose restrictions on the sale to certain customers of our products, or any products containing components made by our partners and suppliers."
"How might potential restrictions from Taiwan and South Korea affect NVIDIA?","New restrictions impacting supplies from Taiwan and South Korea could harm NVIDIA's ability to receive essential components and services, negatively affecting business.","Our business depends on our ability to receive consistent and reliable supply from our overseas partners, especially in Taiwan and South Korea. Any new restrictions that negatively impact our ability to receive supply of components, parts, or services from Taiwan and South Korea, would negatively impact our business."
"What could negatively impact the company's business and financial results regarding supply from overseas partners?","Any new restrictions that negatively impact the company's ability to receive supply of components, parts, or services from Taiwan and South Korea.","Our business depends on our ability to receive consistent and reliable supply from our overseas partners, especially in Taiwan and South Korea. Any new restrictions that negatively impact our ability to receive supply of components, parts, or services from Taiwan and South Korea, would negatively impact our business and financial results."
"What are some factors that may cause reputational or financial harm to the company regarding the use of AI?","Issues like the perceived or actual impact on society, unintended consequences, infringement on rights, or controversies regarding human rights, privacy, employment, or other social issues.","If we enable or offer solutions that draw controversy due to their perceived or actual impact on society, such as AI solutions that have unintended consequences, infringe copyright or rights of publicity, or are controversial because of their impact on human rights, privacy, employment or other social, economic or political issues, we may experience brand or reputational harm, competitive harm or legal liability."
"How might an unfavorable legal ruling in IP infringement lawsuits impact the company?","An unfavorable ruling could include significant damages, invalidation of one or more patents, indemnification of third parties, payment of lost profits, or injunctive relief.","An unfavorable ruling in lawsuits or other legal proceedings alleging patent infringement or other IP rights violations could include significant damages, invalidation of one or more patents, indemnification of third parties, payment of lost profits, or injunctive relief."
"What kind of scrutiny could affect the company's business operations related to corporate sustainability?","Increased scrutiny from shareholders, regulators and others regarding corporate sustainability practices could result in additional costs or risks and adversely impact reputation.","Increased scrutiny from shareholders, regulators and others regarding our corporate sustainability practices could result in additional costs or risks and adversely impact our reputation and willingness of customers and suppliers to do business with us."
"What challenges does the company face with AI-related regulation compliance?","Complying with multiple regulations from different jurisdictions, which may increase business costs, change operational methods, and possibly impede offerings in certain jurisdictions.","Leveraging AI capabilities to potentially improve our internal functions and operations may present further risks, costs, and challenges. Compliance with existing and proposed government regulation of AI, including in jurisdictions such as the European Union, may further increase the cost of related research and development, and create additional reporting and/or transparency requirements."
"What could be the impact of not meeting corporate sustainability expectations?","Failure to meet expectations could harm the company's brand, reputation, and business activities or expose it to liability.","Our corporate sustainability practices, oversight of our practices or disclosure controls may not meet evolving shareholder, regulator or other industry stakeholder expectations, or we may fail to meet corporate sustainability disclosure or reporting standards or legal requirements. These factors and increased disclosure may negatively harm our brand, reputation and business activities or expose us to liability."
"What could cause significant costs and divert management efforts for a company regarding intellectual property rights?","Claims that the company's products or processes infringe the IP rights of others.","Claims that our products or processes infringe the IP rights of others, regardless of their merit, could cause us to incur significant costs to respond to, defend, and resolve such claims, and they may also divert the efforts and attention of management and technical personnel."
"What actions might a company need to take if its products are found to infringe a third party's intellectual property?","The company may have to seek a license to the third party's IP rights or face substantial liabilities, suspend or discontinue the manufacture and sale of products, make royalty payments, or cross-license its technology.","If infringement claims are made against us or our products are found to infringe a third party’s IP, we or one of our indemnitees may have to seek a license to the third party’s IP rights. If we or one of our indemnitees is unable to obtain such a license on acceptable terms or at all, we could be subject to substantial liabilities or have to suspend or discontinue the manufacture and sale of one or more of our products. We may also have to make royalty payments or cross-license our technology."
"Why might foreign laws present a higher risk of piracy for a company's technology and products compared to U.S. law?","Foreign laws may not protect the company's products or IP rights to the same extent as United States law, making piracy more likely.","Foreign laws may not protect our products or IP rights to the same extent as United States law. This makes the possibility of piracy of our technology and products more likely."
"What could be the impact on a company if its trade secrets are stolen or published without authorization?","The theft or unauthorized use or publication of trade secrets could harm the company's competitive position, reduce product acceptance, and lower the value of investments in R&D and marketing.","The theft or unauthorized use or publication of our trade secrets and other confidential information could harm our competitive position and reduce acceptance of our products; as a result, the value of our investment in research and development, product development and marketing could be reduced."
"What are some of the potential consequences for a company facing data privacy and security noncompliance in the U.S.?","Consequences include damaged reputation, regulatory proceedings, business disruption, increased security costs, and costs related to defending legal claims.","The theft, loss or misuse of personal data in our possession or by one of our partners could result in damage to our reputation, regulatory proceedings, disruption of our business activities or increased security or remediation costs and costs related to defending legal claims."
"What rights are afforded to California residents under the California Consumer Privacy Act of 2018 and its amendments?","California residents have the right to access, delete, and opt-out of certain sharing of their personal information, as well as receive detailed information about how their data is used and shared.","The California Consumer Privacy Act of 2018, as amended by the California Privacy Rights Act of 2020, or CPRA, gives California residents the right to access, delete and opt-out of certain sharing of their personal information, and to receive detailed information about how it is used and shared."
"What are the potential penalties for non-compliance with the GDPR?","Penalties of up to €20 million or 4% of worldwide revenue, whichever is greater.","If we are found not to comply, we could be subject to penalties of up to €20 million or 4% of worldwide revenue, whichever is greater, and classes of individuals or consumer protection organizations may initiate litigation related to our processing of their personal data."
"What impact could the EU AI Act and similar legislation have on businesses?","They could impose onerous obligations that may disproportionately impact and disadvantage businesses and require changes to business practices.","Furthermore, the EU AI Act and similar legislation could impose onerous obligations that may disproportionately impact and disadvantage us and require us to change our business practices."
"What are the fines for non-compliance with Europe's Network and Information Security Directive, or NIS2?","Administrative fines of a maximum of 10 million Euros or up to 2% of the total worldwide revenue of the preceding fiscal year.","Non-compliance with NIS2 may lead to administrative fines of a maximum of 10 million Euros or up to 2% of the total worldwide revenue of the preceding fiscal year."
"What mechanisms are used for data transfer from the EEA and the U.K. to the United States?","Standard Contractual Clauses, the U.K.’s International Data Transfer Agreement/Addendum, and the EU-U.S. Data Privacy Framework.","The European Commission released a set of “Standard Contractual Clauses” designed for entities to validly transfer personal data out of the EEA... Additionally, the U.K.’s International Data Transfer Agreement / Addendum, as well as the EU-U.S. Data Privacy Framework... are mechanisms that may be used to transfer personal data from the EEA and U.K. to the United States."
"How could China's data protection law impact businesses transferring data out of China?","It imposes requirements for data processing and localization, and important data, including personal data, may not be transferred outside China without CAC approval.","China’s law imposes various requirements relating to data processing and data localization. Data broadly defined as important under China’s law, including personal data, may not be transferable outside of China without prior assessment and approval by the Cyberspace Administration of China, or CAC."
"What are the challenges businesses may face due to data protection laws worldwide?","Rapidly changing data protection laws may necessitate changes to product design, information technologies, and practices, and compliance failures could lead to litigation, regulatory action, or fines.","Data protection laws around the world are quickly changing and may be interpreted and applied in an increasingly stringent fashion... These obligations may affect our product design and necessitate changes to our information technologies, systems and practices... Despite our efforts, we or third parties we rely upon may fail to comply."
"What actions could regulators take if a company fails to comply with data privacy and security obligations?","Regulators could take enforcement actions, such as government enforcement actions, litigation, additional reporting requirements, bans on processing personal data, and orders to destroy or not use personal data.","If we fail, or are perceived to have failed, to address or comply with data privacy and security obligations, we could face significant consequences, including but not limited to, government enforcement actions, litigation, additional reporting requirements and/or oversight, bans on processing personal data, and orders to destroy or not use personal data."
"What factors could adversely impact a company's operating results according to changes in tax laws?","Changes in tax laws, higher than expected tax rates, and other tax-related factors could adversely impact operating results.","We may have exposure to additional tax liabilities and our operating results may be adversely impacted by changes in tax laws, higher than expected tax rates and other tax-related factors."
"What is required to determine a company's worldwide provision for income taxes?","Significant judgment is required to determine a company's worldwide provision for income taxes.","Significant judgment is required in determining our worldwide provision for income taxes and other tax liabilities."
"How might changes in U.S. tax rates or FDII deductions affect a company’s financial outcomes?","If U.S. tax rates increase or the FDII deduction is reduced, a company's provision for income taxes, results of operations, net income, and cash flows would be adversely affected.","If U.S. tax rates increase or the FDII deduction is reduced, our provision for income taxes, results of operations, net income, and cash flows would be adversely affected."
"What challenges might a company face due to international tax developments led by the OECD?","A company might face increased tax obligations and effective tax rates due to international tax developments, such as the implementation of the OECD's Two-Pillar framework, which reallocates taxing rights and imposes a minimum effective corporate tax rate.","Our tax obligations and effective tax rate in the jurisdictions in which we conduct business could increase as a result of international tax developments, including the implementation of the Two-Pillar framework led by the Organization for Economic Cooperation and Development, or OECD"
"What potential effects could litigation and regulatory proceedings have on a company?","Litigation and regulatory proceedings could result in monetary damages or fines, an injunction stopping certain business practices, and compulsory licensing of patents. They are costly, time-consuming, and disruptive.","Litigation and regulatory proceedings are inherently uncertain, and adverse rulings could occur, including monetary damages or fines, or an injunction stopping us from manufacturing or selling certain products, engaging in certain business practices, or requiring other remedies, such as compulsory licensing of patents. An unfavorable outcome or settlement may result in a material adverse impact. Regardless of the outcome, litigation can be costly, time-consuming, and disruptive to our operations."
"What potential consequences can arise from an unfavorable outcome in litigation?","Monetary damages or fines, an injunction stopping the manufacture or sale of certain products, engaging in specific business practices, or requiring remedies like compulsory licensing of patents, resulting in a material adverse impact.","An unfavorable outcome or settlement may result in a material adverse impact. Regardless of the outcome, litigation can be costly, time-consuming, and disruptive to our operations."
"How can Delaware law and the company's certificate of incorporation impact a change in control?","They could delay or prevent a change in control, as the anti-takeover provisions of the Delaware General Corporation Law may discourage, delay, or prevent such changes.","Delaware law and our certificate of incorporation, bylaws and agreement with Microsoft could delay or prevent a change in control. The anti-takeover provisions of the Delaware General Corporation Law may discourage, delay, or prevent a change in control."
"What are some anti-takeover provisions mentioned in the company's certificate of incorporation and bylaws?","The ability of the Board of Directors to create and issue preferred stock, change the number of directors, make, amend or repeal bylaws without prior shareholder approval, advance notice requirements for director nominations and shareholder proposals, and super-majority voting requirements to amend some provisions.","Provisions in our certificate of incorporation and bylaws could make it more difficult for a third party to acquire a majority of our outstanding stock. These provisions include the ability of our Board of Directors to create and issue preferred stock, change the number of directors, and to make, amend or repeal our bylaws without prior shareholder approval; the inability of our shareholders to act by written consent; advance notice requirements for director nominations and shareholder proposals; and super-majority voting requirement to amend some provisions in our certificate of incorporation and bylaws."
"What rights does Microsoft have under the agreement related to the purchase of stock?","If someone makes an offer to purchase at least 30% of the company's outstanding common stock, Microsoft may have first and last rights of refusal to purchase the stock.","Under our agreement with Microsoft for the Xbox, if someone makes an offer to purchase at least 30% of our outstanding common stock, Microsoft may have first and last rights of refusal to purchase the stock."
"Why might the outlined provisions make it more difficult for shareholders to change control or elect directors?","Because they could delay or prevent a change in control of NVIDIA, discourage proxy contests, and make it harder for shareholders to elect directors of their choosing and to cause the company to take other corporate actions they desire.","These provisions could delay or prevent a change in control of NVIDIA, discourage proxy contests, and make it more difficult for shareholders to elect directors of their choosing and to cause us to take other corporate actions they desire."
"What do advance notice requirements pertain to in the company's bylaws?","Director nominations and shareholder proposals.","Advance notice requirements for director nominations and shareholder proposals."
"Are there any unresolved staff comments in the section mentioned?","No, there are no unresolved staff comments.","Item 1B. Unresolved Staff Comments: Not applicable."
"What section addresses the issue of unresolved staff comments?","Item 1B addresses the issue of unresolved staff comments.","Item 1B. Unresolved Staff Comments: Not applicable."
"What does 'Not applicable' signify in the context of Item 1B regarding unresolved staff comments?","'Not applicable' signifies that there are no unresolved staff comments to report in Item 1B.","Item 1B. Unresolved Staff Comments: Not applicable."
"Is the section on unresolved staff comments relevant in this context?","No, the section on unresolved staff comments is marked as 'Not applicable', implying it is not relevant.","Item 1B. Unresolved Staff Comments: Not applicable."
"What does Item 1B reveal about staff comment status?","Item 1B indicates that there are no unresolved staff comments, as it is marked 'Not applicable.'","Item 1B. Unresolved Staff Comments: Not applicable."
"In what context would the term 'Not applicable' be used for unresolved staff comments?","The term 'Not applicable' would be used when there are no unresolved staff comments to report.","Item 1B. Unresolved Staff Comments: Not applicable."
"What standard does the company's information security management program follow?","ISO 27001 international standard for Information Security","Our information security management program generally follows processes outlined in frameworks such as the ISO 27001 international standard for Information Security and we evaluate and evolve our security measures as appropriate."
"What types of external parties does the company consult with for cybersecurity risk management and strategy?","Cybersecurity firms and risk management and governance experts","We consult with external parties, such as cybersecurity firms and risk management and governance experts, on risk management and strategy."
"Who is responsible for the oversight of cybersecurity threat management in the company?","The Company’s Board of Directors","Information security matters, including managing and assessing risks from cybersecurity threats, remain under the oversight of the Company’s Board of Directors, or the Board."
"What is the role of the Audit Committee concerning the company's information security policies?","The Audit Committee reviews the adequacy and effectiveness of the Company’s information security policies and practices and the internal controls regarding information security risks.","The Audit Committee of the Board, or the Audit Committee, also reviews the adequacy and effectiveness of the Company’s information security policies and practices and the internal controls regarding information security risks."
"How does the company ensure its vendors manage cybersecurity risks adequately?","The company has a vendor risk assessment process that involves the distribution and review of supplier questionnaires and ensures vendors have implemented data privacy and security controls.","We have a vendor risk assessment process consisting of, depending on the nature and sensitivity of the supplier and data they process on our behalf, the distribution and review of supplier questionnaires designed to help us evaluate cybersecurity risks that we may encounter when working with third parties that have access to confidential and other sensitive company information. We take steps designed to ensure that such vendors have implemented data privacy and security controls that help mitigate the cybersecurity risks associated with these vendors, depending on the nature and sensitivity of the supplier and data they process on our behalf."
"How does the company manage its assessment of material risks from cybersecurity threats?","The company manages its assessment of material risks from cybersecurity threats through the Chief Security Officer, who reports to the Senior Vice President of Software Engineering.","We have designated a Chief Security Officer that reports to our Senior Vice President of Software Engineering to manage our assessment and management of material risks from cybersecurity threats."
"Where is the company's headquarters located?","Santa Clara, California","Our headquarters is in Santa Clara, California. We own and lease approximately 3 million square feet of office and building space for our corporate headquarters."
"How much office and building space does the company own and lease for its headquarters?","Approximately 3 million square feet","We own and lease approximately 3 million square feet of office and building space for our corporate headquarters."
"What types of facilities does the company own and lease for their operations?","The company owns and leases facilities for data centers, research and development, and/or sales and administrative purposes.","We also own and lease facilities for data centers, research and development, and/or sales and administrative purposes throughout the U.S. and in various international locations."
"In which international locations does the company own and lease facilities?","Primarily in China, India, Israel, and Taiwan.","We also own and lease facilities for data centers, research and development, and/or sales and administrative purposes throughout the U.S. and in various international locations, primarily in China, India, Israel, and Taiwan."
"What does the company believe about the condition of its existing facilities?","The company believes its existing facilities, both owned and leased, are in good condition and suitable for business conduct.","We believe our existing facilities, both owned and leased, are in good condition and suitable for the conduct of our business."
"Where can information on the legal proceedings be found in the Annual Report on Form 10-K?","Note 12 of the Notes to the Consolidated Financial Statements in Part IV, Item 15.","Information on the company's legal proceedings can be found in Note 12 of the Notes to the Consolidated Financial Statements in Part IV, Item 15 of the Annual Report on Form 10-K."
"What section contains the information on mine safety disclosures?","Item 4.","Item 4. Mine Safety Disclosures Not applicable. Part II"
"Is Item 4 related to mine safety disclosures applicable in this case?","No, it is not applicable.","Item 4. Mine Safety Disclosures Not applicable. Part II"
"On which stock market is the company's common stock traded, and under what symbol?","The company's common stock is traded on the Nasdaq Global Select Market under the symbol NVDA.","Our common stock is traded on the Nasdaq Global Select Market under the symbol NVDA."
"When did the public trading of the company's common stock begin?","Public trading of the company's common stock began on January 22, 1999.","Public trading of our common stock began on January 22, 1999."
"How many registered shareholders did the company have as of February 21, 2025?","The company had approximately 842 registered shareholders as of February 21, 2025.","As of February 21, 2025, we had approximately 842 registered shareholders, not including those shares held in street or nominee name."
"What was the company's share repurchase authorization as of January 26, 2025?","As of January 26, 2025, the company was authorized to repurchase up to $38.7 billion of its common stock.","As of January 26, 2025, we were authorized, subject to certain specifications, to repurchase up to $38.7 billion of our common stock."
"In fiscal year 2025, the company repurchased 310 million shares for $34.0 billion.","In fiscal year 2025, we repurchased 310 million shares of our common stock for $34.0 billion."
"What action did the Board of Directors take regarding the share repurchase authorization in August 2024?","In August 2024, the Board of Directors approved an additional $50 billion to the share repurchase authorization, without expiration.","On August 26, 2024, our Board of Directors approved an additional $50 billion to our share repurchase authorization, without expiration."
"What was the purpose of issuing $28.1 million to key employees of the acquired company?","The $28.1 million was issued as securities in transactions not involving a public offering, pursuant to an exemption from registration under Section 4(a)(2) of the Securities Act (and Regulation D or Regulation S).","$28.1 million based on our closing stock price on December 27, 2024, to key employees of a company we acquired. The above securities were issued in transactions not involving a public offering pursuant to an exemption from registration set forth in Section 4(a)(2) of the Securities Act (and Regulation D or Regulation S promulgated thereunder)."
"How does the graph compare the performance of common stock to indices?","The graph compares the cumulative total shareholder return for common stock, the S&P 500 Index, and the Nasdaq 100 Index over five years, assuming $100 was invested on January 26, 2020, in each and includes reinvestment of dividends.","Stock Performance Graphs. The following graph compares the cumulative total shareholder return for our common stock, the S&P 500 Index, and the Nasdaq 100 Index for the five years ended January 26, 2025. The graph assumes that $100 was invested on January 26, 2020 in our common stock and in each of the S&P 500 Index and the Nasdaq 100 Index. Total return assumes reinvestment of dividends in each of the indices indicated. Total return is based on historical results and is not intended to indicate future performance."
"What was the value of $100 invested in NVIDIA Corporation stock by January 26, 2025?","$2,287.06","NVIDIA Corporation","$","100.00","","$","207.79","","$","365.66","","$","326.34","$","978.42","$","2,287.06."
"What was the process used to issue these securities to key employees?","The securities were issued in transactions not involving a public offering, utilizing an exemption from registration as set forth in Section 4(a)(2) of the Securities Act (and Regulation D or Regulation S).","The above securities were issued in transactions not involving a public offering pursuant to an exemption from registration set forth in Section 4(a)(2) of the Securities Act (and Regulation D or Regulation S promulgated thereunder)."
"How did the S&P 500 Index's performance compare over the five years after hypothetical $100 investment in January 2020?","The S&P 500 Index valued $114.79 on January 31, 2021; $138.90 on January 30, 2022; $129.69 on January 29, 2023; $158.39 on January 28, 2024; $200.32 by January 26, 2025.","S&P 500","$","100.00","","$","114.79","","$","138.90","","$","129.69","$","158.39","$","200.32."
"Why might a document contain sections labeled as '[Reserved]'?","Sections labeled as '[Reserved]' are included to indicate that the section is being intentionally left blank, possibly for the inclusion of content in future updates or versions.","Item 6. [Reserved]"
"If a section in a report is marked as '[Reserved]', what does this imply about its current content?","If a section is marked as '[Reserved]', it implies that the section is currently empty and does not contain any content, but is being kept for future use.","Item 6. [Reserved]"
"How should readers interpret the '[Reserved]' label in a document’s section?","Readers should interpret the '[Reserved]' label in a document’s section as an indicator that the section is currently unused and reserved for possible future information or updates.","Item 6. [Reserved]"
"When a section is designated as '[Reserved]', what future actions might be anticipated?","When a section is designated as '[Reserved]', it may be anticipated that information or content will be added to that section in future versions or updates of the document.","Item 6. [Reserved]"
"What was the primary driver of NVIDIA's revenue growth in fiscal year 2025?","The primary driver of NVIDIA's revenue growth in fiscal year 2025 was the data center compute and networking platforms for accelerated computing and AI solutions.","Revenue growth in fiscal year 2025 was driven by data center compute and networking platforms for accelerated computing and AI solutions. Demand for our Hopper architecture drove our significant growth for the full year."
"Why might NVIDIA's demand estimates lead to revenue volatility?","NVIDIA's demand estimates might lead to revenue volatility because they can be incorrect, potentially impacting revenue or supply levels.","Demand estimates for our products, applications, and services can be incorrect and create volatility in our revenue or supply levels."
"What are some potential challenges NVIDIA faces with product transitions?","Challenges NVIDIA faces with product transitions include the increased frequency and complexity of newly introduced products, potential quality or production issues, inventory provisions, and the impact on the timing of revenue and supply chain costs.","The increased frequency and complexity of newly introduced products could result in quality or production issues that could increase inventory provisions, warranty, or other costs or result in product delays. Customers may delay purchasing existing products as we increase the frequency of new products or may not be able to adopt our new products as fast as forecasted, both impacting the timing of our revenue and supply chain cost."
"What significant change did NVIDIA make to its product and architecture cadence for Data Center solutions?","NVIDIA introduced a new product and architecture cadence for Data Center solutions with the goal of completing new computing solutions each year and providing a greater variety of Data Center offerings.","We have introduced a new product and architecture cadence of our Data Center solutions where we seek to complete new computing solutions each year and provide a greater variety of Data Center offerings."
"What recent licensing requirement changes affect NVIDIA's exports to China and certain other regions?","In October 2023, the USG announced new and updated licensing requirements that became effective in fiscal year 2024 for exports to China and certain regions for products exceeding certain performance thresholds.","In October 2023, the USG announced new and updated licensing requirements that became effective in our fourth quarter of fiscal year 2024 for exports to China and Country Groups D1, D4, and D5 (including but not limited to Saudi Arabia, the United Arab Emirates, and Vietnam, but excluding Israel) of our products exceeding certain performance thresholds, including, but not limited to, the A100, A800, H100."
"As of the information provided, have licenses been received to ship restricted products to China under the USG's new licensing requirements?","No, licenses have not been received to ship restricted products to China.","To date, we have not received licenses to ship these restricted products to China. Additionally, we understand that partners and customers have also not received a license to ship these restricted products."
"What impact have export controls had on NVIDIA’s competitive position?","Export controls have harmed NVIDIA’s competitive position and may further harm future results due to increased restrictions and geopolitical tensions.","Our competitive position has been harmed by the existing export controls, and our competitive position and future results may be further harmed, over the long term, if there are further changes in the USG’s export controls. Given the increasing strategic importance of AI and rising geopolitical tensions, the USG has changed and may again change the export control rules."
"Which NVIDIA systems are covered by the new worldwide licensing requirement under the AI Diffusion IFR?","NVIDIA DGX, HGX, and MGX systems incorporating covered ICs will be covered by the new licensing requirement.","Any system that incorporates one or more of the covered integrated circuits, or ICs, (including but not limited to NVIDIA DGX, HGX, and MGX systems) will be covered by the new licensing requirement."
"What potential impact might changes in the USG's export control rules have on NVIDIA's business?","Changes in the USG's export control rules might exclude NVIDIA from all or part of the China market and other impacted markets, negatively impacting their business and financial results.","In the event of such change, we may be unable to sell our inventory of such products and may be unable to develop replacement products not subject to the licensing requirements, effectively excluding us from all or part of the China market, as well as other impacted markets, including the Middle East and countries designated 'Tier 2' by the AI Diffusion IFR."
"What is impacting the company's supply chain and business operations due to geopolitical conflicts in Israel?","The company is monitoring the impact of the geopolitical conflict in and around Israel on their operations, including health and safety concerns for their approximately 4,700 employees in the region. Some employees have been on active military duty, impacting product development and operations, although there has not been a significant impact on the global supply chain yet.","Israel and Regional Conflicts: We are monitoring the impact of the geopolitical conflict in and around Israel on our operations, including the health and safety of our approximately 4,700 employees in the region who primarily support the research and development, operations, and sales and marketing of our networking products. Our global supply chain for our networking products has not experienced any significant impact. Some of our employees in the region have been on active military duty for an extended period and may continue to be absent, which may cause disruption to our product development or operations."
"What was the company's revenue for fiscal year 2025, and how did it change from the previous year?","The company's revenue for fiscal year 2025 was $130.5 billion, up 114% from a year ago.","Revenue for fiscal year 2025 was $130.5 billion, up 114% from a year ago. Data Center revenue for fiscal year 2025 was up 142% from a year ago."
"Which large markets have the company's computing platforms significantly addressed, and what was the revenue growth in those areas for fiscal year 2025?","The company's computing platforms have addressed four large markets: Data Center, Gaming, Professional Visualization, and Automotive. Data Center revenue was up 142%, Gaming revenue up 9%, Professional Visualization up 21%, and Automotive revenue up 55% for fiscal year 2025.","Our platforms address four large markets where our expertise is critical: Data Center, Gaming, Professional Visualization, and Automotive. Data Center revenue for fiscal year 2025 was up 142% from a year ago. Gaming revenue for fiscal year 2025 was up 9% from a year ago. Professional Visualization revenue for fiscal year 2025 was up 21% from a year ago, and Automotive revenue for fiscal year 2025 was up 55% from a year ago."
"What were the primary drivers of the increase in operating expenses for fiscal year 2025?","The primary drivers of the increase in operating expenses for fiscal year 2025 were higher compensation and benefits expenses due to employee growth and compensation increases, and engineering development, compute, and infrastructure costs for new product introductions.","Operating expenses for fiscal year 2025 were up 45% from a year ago, driven by higher compensation and benefits expenses due to employee growth and compensation increases, and engineering development, compute and infrastructure costs for new product introductions."
"What are the critical accounting estimates mentioned, and why are they significant?","The critical accounting estimates mentioned are inventories, income taxes, and revenue recognition. They are significant because they involve a significant level of estimation uncertainty and could have a material impact on the financial condition or results of operations.","Critical Accounting Estimates: Our consolidated financial statements are prepared in accordance with accounting principles generally accepted in the United States, or U.S. GAAP. We have critical accounting estimates in the areas of inventories, income taxes, and revenue recognition."
"What are critical accounting estimates, and why are they important?","Critical accounting estimates involve a significant level of estimation uncertainty and can materially impact financial condition or results of operations.","Critical accounting estimates are those estimates that involve a significant level of estimation uncertainty and could have a material impact on our financial condition or results of operations."
"In which areas do critical accounting estimates play a significant role?","Critical accounting estimates significantly affect inventories, income taxes, and revenue recognition.","We have critical accounting estimates in the areas of inventories, income taxes, and revenue recognition."
"How did inventory provisions impact our gross margin in fiscal years 2024 and 2025?","Inventory provisions and sales of items previously written down had an unfavorable impact of 2.3% on the gross margin in fiscal year 2025 and 2.7% in fiscal year 2024.","The net effect on our gross margin from inventory provisions and sales of items previously written down was an unfavorable impact of 2.3% in fiscal year 2025 and 2.7% in fiscal year 2024."
"What factors could result in excess or obsolete inventory according to the text?","Factors include changes in business and economic conditions, market conditions, decreases in product demand, technology changes, customer requirements, new product introductions, and misestimation of customer demand.","Situations that may result in excess or obsolete inventory include changes in business and economic conditions, changes in market conditions, sudden and significant decreases in demand for our products, inventory obsolescence due to changing technology and customer requirements, new product introductions, or failure to estimate customer demand properly."
"How are sales return allowances for products managed according to the text?","Sales return allowances are recorded by estimating product returns at the time revenue is recognized, based on historical return rates, but can be adjusted if anticipated returns exceed these rates.","Revenue Allowances: For products sold with a right of return, a reduction to revenue is recorded by establishing a sales return allowance for estimated product returns at the time revenue is recognized, based primarily on historical return rates."
"How are customer programs involving rebates and marketing development funds accounted for in financial reporting?","They are accounted for as a reduction in revenue and accrue based on the expected claims by customers.","We account for customer programs, which involve rebates and marketing development funds, or MDFs, as a reduction in revenue and accrue for such programs based on the amount we expect to be claimed by customers."
"What factors are considered when estimating customer program accruals?","Estimates for customer program accruals include a combination of historical attainment and claim rates and may be adjusted based on relevant internal and external factors.","Estimates for customer program accruals include a combination of historical attainment and claim rates and may be adjusted based on relevant internal and external factors."
"Revenue from License and Development Arrangements is recognized over the period in which the development services are performed.","Revenue from License and Development Arrangements is recognized over the period in which the development services are performed."
"What determines whether each performance obligation within a customer contract is distinct?","Judgement is required in determining whether each performance obligation within a customer contract is distinct. NVIDIA products and services typically function on a standalone basis and do not require significant integration, except for License and Development Arrangements.","Judgement is required in determining whether each performance obligation within a customer contract is distinct. Except for License and Development Arrangements, NVIDIA products and services function on a standalone basis and do not require a significant amount of integration or interdependency."
"What was the percentage increase in the Compute & Networking segment's revenue and what factors contributed to it?","162% increase, driven by demand for Hopper computing platform used for large language models, recommendation engines, and generative AI applications.","Compute & Networking revenue – The year over year increase was due to strong demand for our accelerated computing and AI solutions. Revenue from Data Center computing grew 162% driven primarily by demand for our Hopper computing platform used for large language models, recommendation engines, and generative AI applications."
"By how much did the gross margin increase from fiscal year 2024 to 2025 and what drove this increase?","The gross margin increased from 72.7% in fiscal year 2024 to 75.0% in fiscal year 2025, driven by a higher mix of Data Center revenue.","Gross margins increased to 75.0% in fiscal year 2025 from 72.7% in fiscal year 2024. The year over year increase was primarily driven by a higher mix of Data Center revenue."
"What was the impact of inventory provisions on gross margin in fiscal year 2025?","An unfavorable impact of 2.3% on gross margin in fiscal year 2025.","Provisions for inventory and excess inventory purchase obligations totaled $3.7 billion and the net effect on our gross margin was an unfavorable impact of 2.3% in fiscal year 2025."
"What was the main reason for the year-over-year increase in Graphics segment operating income?","The increase was driven by growth in revenue, although offset by a 44% rise in segment operating expenses.","The year over year decrease in Graphics segment operating income was driven by an increase of 44% in segment operating expenses, partially offset by growth in revenue."
"Who are considered direct customers of the company and what was notable about them for fiscal year 2025?","Direct customers include AIBs, distributors, ODMs, OEMs, and system integrators. Notably, for fiscal year 2025, these sales primarily attributed to the Compute & Networking segment.","We refer to customers who purchase products directly from NVIDIA as direct customers, such as AIBs, distributors, ODMs, OEMs, and system integrators. Direct Customers – Sales to direct customers which represented 10% or more of total revenue, all of which were primarily attributable to the Compute & Networking segment."
"49%","Research and development expenses increased from $8,675 million in fiscal year 2024 to $12,914 million in fiscal year 2025, a $4,239 million increase, which is a 49% increase."
"What factor primarily caused the increase in interest income between fiscal years 2024 and 2025?","Growth in cash, cash equivalents, and marketable securities.","The increase in interest income was primarily due to growth in cash, cash equivalents, and marketable securities."
"How much did the effective tax rate increase from fiscal year 2024 to 2025?","1.3%","Income tax as a percentage of income before income tax increased from 12.0% in fiscal year 2024 to 13.3% in fiscal year 2025, reflecting an increase of 1.3%."
"What drove the change in 'Other, net' income from fiscal year 2024 to 2025?","An increase in the fair value of non-marketable equity securities and publicly-held equity securities.","The change in Other, net, compared to fiscal year 2024, was primarily driven by an increase in fair value of our non-marketable equity securities and publicly-held equity securities."
"What amount of marketable securities was reported on January 26, 2025?","$34,621 million","Marketable securities were reported at $34,621 million as of January 26, 2025."
"How much net cash was provided by operating activities in fiscal year 2025?","$64,089 million","Net cash provided by operating activities","$","64,089"
"What was the increase in cash used in investing activities from fiscal year 2024 to 2025 primarily driven by?","Net purchases of marketable securities, and purchase of land, property, and equipment.","Cash used in investing activities increased in fiscal year 2025 compared to fiscal year 2024, primarily driven by net purchases of marketable securities, and purchase of land, property and equipment."
"$43.2 billion","As of January 26, 2025, we had $43.2 billion in cash, cash equivalents, and marketable securities."
"29 million shares for $3.7 billion","From January 27, 2025 through February 21, 2025, we repurchased 29 million shares for $3.7 billion pursuant to a pre-established trading plan."
"$38.7 billion","As of January 26, 2025, we were authorized, subject to certain specifications, to repurchase up to $38.7 billion of our common stock."
"Did the company have any commercial paper outstanding as of January 26, 2025?","No, the company had no commercial paper outstanding as of January 26, 2025.","As of January 26, 2025, we had no commercial paper outstanding."
"$3.4 billion","During fiscal year 2025 and fiscal year 2024, we spent $3.4 billion and $1.1 billion on capital expenditures, respectively."
"What is the amount of unrecognized tax benefits recorded at the end of fiscal year 2025?","$2.2 billion, including related interest and penalties of $251 million.","Unrecognized tax benefits of $2.2 billion, which includes related interest and penalties of $251 million, were recorded in non-current income tax payable at the end of fiscal year 2025."
"Has climate change had a material impact on the company's results of operations?","No, there has been no material impact associated with global sustainability regulations, compliance, costs from sourcing renewable energy, or climate-related business trends.","Climate Change To date, there has been no material impact to our results of operations associated with global sustainability regulations, compliance, costs from sourcing renewable energy or climate-related business trends."
"What is the expectation for capital expenditures in fiscal year 2026 compared to fiscal year 2025?","The company expects to increase capital expenditures in fiscal year 2026 relative to fiscal year 2025.","We expect to increase capital expenditures in fiscal year 2026 relative to fiscal year 2025 to support the future growth of our business."
"What is the potential impact on the fair value of the investment portfolio with a 0.5% parallel shift in the yield curve?","A change in fair value of $238 million.","As of the end of fiscal year 2025, we performed a sensitivity analysis on our investment portfolio. According to our analysis, parallel shifts in the yield curve of plus or minus 0.5% would result in a change in fair value for these investments of $238 million."
"How much senior Notes did the company have outstanding as of the end of fiscal year 2025?","$8.5 billion","As of the end of fiscal year 2025, we had $8.5 billion of senior Notes outstanding."
"What is the impact of a 10% strengthening of the U.S. dollar on the accumulated other comprehensive income related to foreign exchange contracts as of January 26, 2025?","The accumulated other comprehensive income (loss) related to foreign exchange contracts would have been $136 million lower.","If the U.S. dollar strengthened by 10% as of January 26, 2025, the amount recorded in accumulated other comprehensive income (loss) related to our foreign exchange contracts before tax effect would have been $136 million lower."
"What is the financial statement risk associated with the company's fixed-rate senior Notes?","There is no financial statement risk associated with changes in interest rates for the fixed-rate senior Notes.","As the Notes bear interest at a fixed rate, we have no financial statement risk associated with changes in interest rates."
"What would have been the adverse impact on income before taxes if a 10% foreign exchange rate change occurred, based on the company's balance sheet hedging contracts as of January 26, 2025?","An adverse impact on income before taxes of $129 million.","If an adverse 10% foreign exchange rate change was applied to our balance sheet hedging contracts, it would have resulted in an adverse impact on income before taxes of $129 million as of January 26, 2025."
"Where can the information required by Item 8 be found?","In the Consolidated Financial Statements and Notes included in the Annual Report on Form 10-K.","Item 8. Financial Statements and Supplementary Data The information required by this Item is set forth in our Consolidated Financial Statements and Notes thereto included in this Annual Report on Form 10-K."
"What documents contain the supplementary data required by Item 8?","The Consolidated Financial Statements and Notes included in the Annual Report on Form 10-K contain the supplementary data required by Item 8.","Item 8. Financial Statements and Supplementary Data The information required by this Item is set forth in our Consolidated Financial Statements and Notes thereto included in this Annual Report on Form 10-K."
"What is included in the Annual Report on Form 10-K as per Item 8?","The Consolidated Financial Statements and Notes are included in the Annual Report on Form 10-K as per Item 8.","Item 8. Financial Statements and Supplementary Data The information required by this Item is set forth in our Consolidated Financial Statements and Notes thereto included in this Annual Report on Form 10-K."
"Item 8 discusses Financial Statements and Supplementary Data in the Form 10-K.","Item 8 discusses Financial Statements and Supplementary Data in the Form 10-K.","Item 8. Financial Statements and Supplementary Data The information required by this Item is set forth in our Consolidated Financial Statements and Notes thereto included in this Annual Report on Form 10-K."
"Does Item 8 refer to any specific section within the Annual Report on Form 10-K?","Yes, Item 8 refers to the Consolidated Financial Statements and Notes section within the Annual Report on Form 10-K.","Item 8. Financial Statements and Supplementary Data The information required by this Item is set forth in our Consolidated Financial Statements and Notes thereto included in this Annual Report on Form 10-K."
"Were there any changes in accountants for accounting and financial disclosure?","No, there were no changes.","Item 9. Changes in and Disagreements with Accountants on Accounting and Financial Disclosure None."
"Were there any disagreements with accountants on accounting matters?","No, there were no disagreements.","Item 9. Changes in and Disagreements with Accountants on Accounting and Financial Disclosure None."
"What was reported about disagreements with accountants related to financial disclosure?","There were no disagreements reported.","Item 9. Changes in and Disagreements with Accountants on Accounting and Financial Disclosure None."
"Does the text indicate any changes in financial disclosure practices by accountants?","No, the text indicates that there were none.","Item 9. Changes in and Disagreements with Accountants on Accounting and Financial Disclosure None."
"Is there any mention of changes or disagreements concerning accounting and financial disclosure?","No, there is none mentioned.","Item 9. Changes in and Disagreements with Accountants on Accounting and Financial Disclosure None."
"What conclusion did management reach about the effectiveness of disclosure controls and procedures as of January 26, 2025?","Management concluded that the disclosure controls and procedures were effective.","Based on their evaluation as of January 26, 2025, our management, including our Chief Executive Officer and Chief Financial Officer, has concluded that our disclosure controls and procedures (as defined in Rule 13a-15(e) under the Exchange Act) were effective."
"What framework did management use to evaluate internal control over financial reporting as of January 26, 2025?","The evaluation was based on the criteria set forth in Internal Control - Integrated Framework (2013) issued by the Committee of Sponsoring Organizations of the Treadway Commission.","Under the supervision and with the participation of our management, including our Chief Executive Officer and Chief Financial Officer, we conducted an evaluation of the effectiveness of our internal control over financial reporting as of January 26, 2025 based on the criteria set forth in Internal Control - Integrated Framework (2013) issued by the Committee of Sponsoring Organizations of the Treadway Commission."
"Who audited the effectiveness of the internal control over financial reporting as of January 26, 2025?","The effectiveness of the internal control over financial reporting was audited by PricewaterhouseCoopers LLP.","The effectiveness of our internal control over financial reporting as of January 26, 2025 has been audited by PricewaterhouseCoopers LLP, an independent registered public accounting firm, as stated in its report which is included herein."
"Were there any changes in internal control over financial reporting during the quarter ended January 26, 2025 that affected their materiality?","No, there were no changes that materially affected or were reasonably likely to materially affect internal control over financial reporting.","There have been no changes in our internal control over financial reporting during the quarter ended January 26, 2025 that have materially affected, or are reasonably likely to materially affect, our internal control over financial reporting."
"What is the purpose of the ERP system upgrade initiated in fiscal year 2022?","The ERP system upgrade is designed to accurately maintain financial records used to report operating results.","In fiscal year 2022, we began an upgrade of our ERP system, which will update much of our existing core financial systems. The ERP system is designed to accurately maintain our financial records used to report operating results."
"39,000 shares with an expiration date of March 31, 2026.","Aarti Shah adopted a new Rule 10b5-1 Trading Arrangement on November 25, 2024, to sell 39,000 shares of common stock, with an expiration date of March 31, 2026."
"What was the condition of Aarti Shah's shares under her original trading arrangement before it was terminated?","No shares were sold under the original trading arrangement before it was terminated.","Aarti Shah's original Rule 10b5-1 Trading Arrangement which she terminated on November 25, 2024, had no shares sold under the plan prior to termination."
"When was Aarti Shah's original Rule 10b5-1 Trading Arrangement adopted and when was it planned for sales through?","It was adopted on September 27, 2024, for sales through March 31, 2026.","Aarti Shah's original Rule 10b5-1 Trading Arrangement was adopted on September 27, 2024, planned for sales through March 31, 2026."
"What section of the report discusses disclosure regarding foreign jurisdictions that prevent inspections?","Item 9C","Item 9C. Disclosure Regarding Foreign Jurisdictions that Prevent Inspections Not Applicable."
"Is there any disclosure regarding foreign jurisdictions that prevent inspections?","No, it is stated as 'Not Applicable'.","Item 9C. Disclosure Regarding Foreign Jurisdictions that Prevent Inspections Not Applicable."
"Why is certain information omitted from Part III of the report?","Certain information is omitted because a definitive proxy statement, or the 2025 Proxy Statement, will be filed with the SEC later, and some information from it will be incorporated by reference.","Certain information required by Part III is omitted from this report because we will file with the SEC a definitive proxy statement pursuant to Regulation 14A, or the 2025 Proxy Statement, no later than 120 days after the end of fiscal year 2025, and certain information included therein is incorporated herein by reference."
"When will the definitive proxy statement be filed with the SEC?","No later than 120 days after the end of fiscal year 2025.","Part III Certain information required by Part III is omitted from this report because we will file with the SEC a definitive proxy statement pursuant to Regulation 14A, or the 2025 Proxy Statement, no later than 120 days after the end of fiscal year 2025."
"What is the relationship between the 2025 Proxy Statement and Part III of the report?","Certain information from the 2025 Proxy Statement is incorporated by reference into Part III of the report.","Certain information required by Part III is omitted from this report because we will file with the SEC a definitive proxy statement pursuant to Regulation 14A, or the 2025 Proxy Statement, no later than 120 days after the end of fiscal year 2025, and certain information included therein is incorporated herein by reference."
"How will amendments to the Code of Conduct be communicated?","Amendments to the Code of Conduct will be disclosed on the company's website or in a report on Form 8-K.","If we make any amendments to either code, or grant any waiver from a provision of either code to any executive officer or director, we will promptly disclose the nature of the amendment or waiver on our website or in a report on Form 8-K."
"What will be included in the 2025 Proxy Statement under the caption 'Proposal 1 — Election of Directors'?","Information regarding directors required by this item.","Information regarding directors required by this item will be contained in our 2025 Proxy Statement under the caption “Proposal 1 — Election of Directors,” and is hereby incorporated by reference."
"What is the source for information regarding the company's Audit Committee?","The information will be included in the 2025 Proxy Statement under the captions “Report of the Audit Committee of the Board of Directors” and “Information About the Board of Directors and Corporate Governance.”","Information regarding our Audit Committee required by this item will be contained in our 2025 Proxy Statement under the captions “Report of the Audit Committee of the Board of Directors” and “Information About the Board of Directors and Corporate Governance,” and is hereby incorporated by reference."
"Where will the executive compensation information be found?","In the company's 2025 Proxy Statement under specific captions.","Item 11. Executive Compensation Information regarding our executive compensation required by this item will be contained in our 2025 Proxy Statement under the captions “Executive Compensation,” “Compensation Committee Interlocks and Insider Participation,” “Director Compensation,” and “Compensation Committee Report,” and is hereby incorporated by reference."
"Which specific captions in the 2025 Proxy Statement will contain information on executive compensation?","“Executive Compensation,” “Compensation Committee Interlocks and Insider Participation,” “Director Compensation,” and “Compensation Committee Report.”","Item 11. Executive Compensation Information regarding our executive compensation required by this item will be contained in our 2025 Proxy Statement under the captions “Executive Compensation,” “Compensation Committee Interlocks and Insider Participation,” “Director Compensation,” and “Compensation Committee Report,” and is hereby incorporated by reference."
"What report is mentioned in relation to executive compensation in the 2025 Proxy Statement?","“Compensation Committee Report.”","Item 11. Executive Compensation Information regarding our executive compensation required by this item will be contained in our 2025 Proxy Statement under the captions “Executive Compensation,” “Compensation Committee Interlocks and Insider Participation,” “Director Compensation,” and “Compensation Committee Report,” and is hereby incorporated by reference."
"What is the purpose of incorporating the executive compensation information by reference?","To provide the required details in the 2025 Proxy Statement rather than directly in the document itself.","Item 11. Executive Compensation Information regarding our executive compensation required by this item will be contained in our 2025 Proxy Statement under the captions “Executive Compensation,” “Compensation Committee Interlocks and Insider Participation,” “Director Compensation,” and “Compensation Committee Report,” and is hereby incorporated by reference."
"Is the 2025 Proxy Statement expected to include sections regarding director compensation?","Yes, under the caption “Director Compensation.”","Item 11. Executive Compensation Information regarding our executive compensation required by this item will be contained in our 2025 Proxy Statement under the captions “Executive Compensation,” “Compensation Committee Interlocks and Insider Participation,” “Director Compensation,” and “Compensation Committee Report,” and is hereby incorporated by reference."
"Where can information regarding ownership of NVIDIA securities be found?","In the 2025 Proxy Statement under the caption 'Security Ownership of Certain Beneficial Owners and Management.'","Item 12. Security Ownership of Certain Beneficial Owners and Management and Related Stockholder Matters Ownership of NVIDIA Securities Information regarding ownership of NVIDIA securities required by this item will be contained in our 2025 Proxy Statement under the caption 'Security Ownership of Certain Beneficial Owners and Management,' and is hereby incorporated by reference."
"Where will details about NVIDIA's equity compensation plans be included?","In the 2025 Proxy Statement under the caption 'Equity Compensation Plan Information.'","Equity Compensation Plan Information Information regarding our equity compensation plans required by this item will be contained in our 2025 Proxy Statement under the caption 'Equity Compensation Plan Information,' and is hereby incorporated by reference."
"Where can information about related transactions and director independence be found for this company?","In the 2025 Proxy Statement under the captions 'Review of Transactions with Related Persons' and 'Information About the Board of Directors and Corporate Governance — Independence of the Members of the Board of Directors.'","Information regarding related transactions and director independence required by this item will be contained in our 2025 Proxy Statement under the captions 'Review of Transactions with Related Persons' and 'Information About the Board of Directors and Corporate Governance — Independence of the Members of the Board of Directors,' and is hereby incorporated by reference."
"How is information regarding related transactions and director independence incorporated in the company's filings?","It is incorporated by reference to the 2025 Proxy Statement.","Information regarding related transactions and director independence required by this item will be contained in our 2025 Proxy Statement under the captions 'Review of Transactions with Related Persons' and 'Information About the Board of Directors and Corporate Governance — Independence of the Members of the Board of Directors,' and is hereby incorporated by reference."
"Which document provided in 2025 contains details on the company's corporate governance and director independence?","The 2025 Proxy Statement.","Information regarding related transactions and director independence required by this item will be contained in our 2025 Proxy Statement under the captions 'Review of Transactions with Related Persons' and 'Information About the Board of Directors and Corporate Governance — Independence of the Members of the Board of Directors,' and is hereby incorporated by reference."
"What section of the 2025 Proxy Statement addresses the review of transactions with related persons?","The section captioned 'Review of Transactions with Related Persons.'","Information regarding related transactions and director independence required by this item will be contained in our 2025 Proxy Statement under the captions 'Review of Transactions with Related Persons' and 'Information About the Board of Directors and Corporate Governance — Independence of the Members of the Board of Directors,' and is hereby incorporated by reference."
"Which aspects of director independence are addressed in the company's 2025 Proxy Statement?","Information about the Board of Directors and Corporate Governance — Independence of the Members of the Board of Directors.","Information regarding related transactions and director independence required by this item will be contained in our 2025 Proxy Statement under the captions 'Review of Transactions with Related Persons' and 'Information About the Board of Directors and Corporate Governance — Independence of the Members of the Board of Directors,' and is hereby incorporated by reference."
"Where can information related to accounting fees and services be found?","In the 2025 Proxy Statement under the caption 'Fees Billed by the Independent Registered Public Accounting Firm.'","Information regarding accounting fees and services required by this item will be contained in our 2025 Proxy Statement under the caption 'Fees Billed by the Independent Registered Public Accounting Firm,' and is hereby incorporated by reference."
"What type of document contains the information about principal accountant fees and services?","The 2025 Proxy Statement contains the information.","Information regarding accounting fees and services required by this item will be contained in our 2025 Proxy Statement under the caption 'Fees Billed by the Independent Registered Public Accounting Firm,' and is hereby incorporated by reference."
"Under what caption are accounting fees and services detailed in the 2025 Proxy Statement?","Under the caption 'Fees Billed by the Independent Registered Public Accounting Firm.'","Information regarding accounting fees and services required by this item will be contained in our 2025 Proxy Statement under the caption 'Fees Billed by the Independent Registered Public Accounting Firm,' and is hereby incorporated by reference."
"Is the information about accounting fees and services directly included or referenced elsewhere?","The information is referenced, to be found in the 2025 Proxy Statement.","Information regarding accounting fees and services required by this item will be contained in our 2025 Proxy Statement under the caption 'Fees Billed by the Independent Registered Public Accounting Firm,' and is hereby incorporated by reference."
"What year is the Proxy Statement that includes accountant fees and services information?","The year is 2025.","Information regarding accounting fees and services required by this item will be contained in our 2025 Proxy Statement under the caption 'Fees Billed by the Independent Registered Public Accounting Firm,' and is hereby incorporated by reference."
"What years are covered by NVIDIA Corporation's consolidated statements of income, comprehensive income, shareholders' equity, and cash flows?","The years covered are January 26, 2025, January 28, 2024, and January 29, 2023.","We have audited the accompanying consolidated balance sheets of NVIDIA Corporation and its subsidiaries (the “Company”) as of January 26, 2025 and January 28, 2024, and the related consolidated statements of income, comprehensive income, shareholders' equity and cash flows for each of the three years in the period ended January 26, 2025, including the related notes and financial statement schedule listed in the index appearing under Item 15(a)(2)."
"What framework is the internal control over financial reporting of NVIDIA Corporation based on?","It is based on the criteria established in Internal Control - Integrated Framework (2013) issued by the Committee of Sponsoring Organizations of the Treadway Commission (COSO).","In our opinion, the Company maintained, in all material respects, effective internal control over financial reporting as of January 26, 2025, based on criteria established in Internal Control - Integrated Framework (2013) issued by the COSO."
"What are the responsibilities of NVIDIA Corporation's management regarding financial reporting?","NVIDIA Corporation's management is responsible for the consolidated financial statements, maintaining effective internal control over financial reporting, and assessing the effectiveness of these controls.","The Company's management is responsible for these consolidated financial statements, for maintaining effective internal control over financial reporting, and for its assessment of the effectiveness of internal control over financial reporting, included in Management’s Annual Report on Internal Control over Financial Reporting appearing under Item 9A."
"Who audited the consolidated financial statements and internal control over financial reporting for NVIDIA Corporation?","The audits were conducted by an independent registered public accounting firm with PCAOB ID: 238.","We are a public accounting firm registered with the Public Company Accounting Oversight Board (United States) (PCAOB) and are required to be independent with respect to the Company in accordance with the U.S. federal securities laws and the applicable rules and regulations of the Securities and Exchange Commission and the PCAOB."
"What does the audit of NVIDIA Corporation's financial statements involve regarding potential misstatements?","The audit involves assessing the risks of material misstatement due to error or fraud and performing procedures that respond to those risks.","Our audits of the consolidated financial statements included performing procedures to assess the risks of material misstatement of the consolidated financial statements, whether due to error or fraud, and performing procedures that respond to those risks."
"What is the purpose of a company's internal control over financial reporting?","To provide reasonable assurance regarding the reliability of financial reporting and the preparation of financial statements in accordance with generally accepted accounting principles.","A company's internal control over financial reporting is a process designed to provide reasonable assurance regarding the reliability of financial reporting and the preparation of financial statements for external purposes in accordance with generally accepted accounting principles."
"What does a company's internal control over financial reporting include?","It includes policies and procedures that pertain to maintaining accurate records, ensure transactions are recorded properly, and provide assurance against unauthorized use of assets.","A company's internal control over financial reporting includes those policies and procedures that (i) pertain to the maintenance of records that, in reasonable detail, accurately and fairly reflect the transactions and dispositions of the assets of the company; (ii) provide reasonable assurance that transactions are recorded as necessary to permit preparation of financial statements in accordance with generally accepted accounting principles, and that receipts and expenditures of the company are being made only in accordance with authorizations of management and directors of the company; and (iii) provide reasonable assurance regarding prevention or timely detection of unauthorized acquisition, use, or disposition of the company’s assets that could have a material effect on the financial statements."
"Why might internal control over financial reporting not prevent all misstatements?","Due to its inherent limitations, such as changes in conditions and compliance deterioration over time.","Because of its inherent limitations, internal control over financial reporting may not prevent or detect misstatements. Also, projections of any evaluation of effectiveness to future periods are subject to the risk that controls may become inadequate because of changes in conditions, or that the degree of compliance with the policies or procedures may deteriorate."
"What was the consolidated inventories balance of the company as of January 26, 2025?","$10.1 billion.","As of January 26, 2025, the Company’s consolidated inventories balance was $10.1 billion and the Company’s consolidated outstanding inventory purchase and long-term supply and capacity obligations balance was $30.8 billion, of which a significant portion relates to inventory purchase obligations."
"What are the reasons management's assumptions about future demand and market conditions are a critical audit matter?","Because they involve significant judgment and affect provisions for excess or obsolete inventories and excess product purchase commitments.","The principal considerations for our determination that performing procedures relating to the valuation of inventories, specifically the provisions for excess or obsolete inventories and excess product purchase commitments, is a critical audit matter are the significant judgment by management when developing provisions for excess or obsolete inventories and excess product purchase commitments, including developing assumptions related to future demand and market conditions. This in turn led to significant auditor judgment, subjectivity, and effort in performing procedures and evaluating management’s assumptions related to future demand and market conditions."
"What was NVIDIA Corporation's revenue for the fiscal year ended January 26, 2025?","$130,497 million","NVIDIA Corporation and Subsidiaries Consolidated Statements of Income show that the revenue for the year ended January 26, 2025, was $130,497 million."
"$12,914 million","The Consolidated Statements of Income reports that NVIDIA Corporation's research and development expenses for the year ended January 26, 2025, amounted to $12,914 million."
"What was the net income per diluted share for NVIDIA Corporation in 2025?","$2.94","The Consolidated Statements of Income show that the net income per diluted share for NVIDIA Corporation for the year ended January 26, 2025, was $2.94."
"What was NVIDIA's total comprehensive income for the year ended January 26, 2025?","$72,881 million","NVIDIA Corporation and Subsidiaries Consolidated Statements of Comprehensive Income report that the total comprehensive income for the year ended January 26, 2025, was $72,881 million."
"How much were NVIDIA Corporation's total current assets as of January 26, 2025?","$80,126 million","The Consolidated Balance Sheets show that NVIDIA Corporation's total current assets as of January 26, 2025, amounted to $80,126 million."
"What is the total value of assets listed?","$111,601","Total assets","$","111,601"
"What are the total liabilities according to the list?","$32,274","Total liabilities","32,274"
"How much is the retained earnings value?","$68,038","Retained earnings","68,038"
"What is the net income stated for a certain period?","$4,368","Net income","$","4,368"
"24,477 shares","Common stock, $0.001 par value; 80,000 shares authorized; 24,477 shares issued and outstanding as of January 26, 2025","How many shares of common stock were issued and outstanding as of January 26, 2025?"
"What was the amount of net income for the year ended January 26, 2025?","$72,880 million","Net income for the year ended January 26, 2025, was $72,880 million. This is part of the cash flows from operating activities for that year."
"How much stock-based compensation expense was recorded in the year ended January 26, 2025?","$4,737 million","The stock-based compensation expense recorded for the year ended January 26, 2025, was $4,737 million, as seen in the adjustments to reconcile net income to net cash provided by operating activities."
"What were the proceeds from maturities of marketable securities for the year ended January 26, 2025?","$11,195 million","Proceeds from maturities of marketable securities for the year ended January 26, 2025, were $11,195 million under the cash flows from investing activities section."
"How much were the cash dividends declared and paid per common share for the period ending in January 2025?","$0.034 per common share","Cash dividends declared and paid for the period ending January 2025 were $0.034 per common share, totaling an outflow of $834 million."
"What was the net cash provided by operating activities for the year ended January 26, 2025?","$64,089 million","The net cash provided by operating activities for the year ended January 26, 2025, was $64,089 million, indicating a significant increase compared to previous years."
"What were the proceeds from sales of marketable securities reported in the financial text?","$495","32","","","19,425 Proceeds from sales of marketable securities","495","","","50","","","1,806"
"How much did NVIDIA spend on purchases of non-marketable equity securities?","$1,486","Purchases of non-marketable equity securities","(1,486)","","","(862)","","","(85)"
"What was NVIDIA's net cash used in financing activities amount?","$42,359","Net cash used in financing activities","(42,359)","","","(13,633)","","","(11,617)"
"How much cash was paid for income taxes, net, according to the financial text?","$15,118","Cash paid for income taxes, net","$","15,118","","","$","6,549","","$","1,404"
"What significant event regarding NVIDIA's common stock occurred in June 2024?","A ten-for-one stock split","In June 2024, we executed a ten-for-one stock split of our common stock."
"What steps are involved in the revenue recognition process?","1) Identification of the contract with a customer. 2) Identification of the performance obligations in the contract. 3) Determination of the transaction price. 4) Allocation of the transaction price to the performance obligations. 5) Recognition of revenue when, or as, a performance obligation is satisfied.","We determine revenue recognition through the following steps: (1) identification of the contract with a customer; (2) identification of the performance obligations in the contract; (3) determination of the transaction price; (4) allocation of the transaction price to the performance obligations in the contract; and (5) recognition of revenue when, or as, we satisfy a performance obligation."
"How is revenue from product sales recognized?","Revenue from product sales is recognized upon transfer of control of products to customers, reflecting the consideration expected to be received.","Revenue from product sales is recognized upon transfer of control of products to customers in an amount that reflects the consideration we expect to receive in exchange for those products."
"What is the method for recognizing revenue from software licenses and support?","Revenue from software licenses is recognized upfront when the software is made available to the customer, while software support revenue is recognized ratably over the service period, or as services are performed.","Software licenses are frequently sold along with support, which includes the right to receive future unspecified software updates and upgrades. Revenue from software licenses is recognized up front when the software is made available to the customer. Software support revenue is recognized ratably over the service period, or as services are performed."
"What are cloud services and how is their revenue recognized?","Cloud services allow customers to use hosted software and hardware infrastructure without taking possession. Revenue related to subscription-based cloud services is recognized ratably over the contract period, and revenue based on usage is recognized as usage occurs.","Cloud services, which allow customers to use hosted software and hardware infrastructure without taking possession, are provided on a subscription basis or a combination of subscription plus usage. Revenue related to subscription-based cloud services is recognized ratably over the contract period. Revenue related to cloud services based on usage is recognized as usage occurs."
"What is the purpose of customer programs and how do they affect revenue?","Customer programs involve rebates and MDFs designed to incentivize resellers and support partner activities. These programs are accounted for as a reduction to revenue, with accruals based on expected claims.","Our customer programs involve rebates, which are designed to serve as sales incentives to resellers of our products, and MDFs which represent monies paid to our partners to support our partners’ activities and promote NVIDIA products. We account for customer programs as a reduction to revenue and accrue for such programs for potential rebates and MDFs based on the amount we expect to be claimed by customers."
"What is taken into account when determining the standalone selling price for a product or service?","Observable inputs are maximized when determining the standalone selling price for a product or service.","When determining standalone selling price, we maximize the use of observable inputs."
"How long do the limited warranties for products typically last?","The limited warranties for products range from one to three years.","We offer a limited warranty to end-users ranging from one to three years for products to repair or replace products for manufacturing defects or hardware component failures."
"What model is used to estimate the fair value of shares in the employee stock purchase plan (ESPP)?","The Black-Scholes model is used to estimate the fair value of shares in the ESPP.","We estimate the fair value of shares to be issued under our employee stock purchase plan, or ESPP, using the Black-Scholes model at the commencement of an offering period in March and September of each year."
"What currency is used as the functional currency for foreign subsidiaries?","The U.S. dollar is used as the functional currency for foreign subsidiaries.","We use the U.S. dollar as our functional currency for our subsidiaries."
"How are foreign currency monetary assets and liabilities remeasured?","Foreign currency monetary assets and liabilities are remeasured into United States dollars at end-of-period exchange rates.","Foreign currency monetary assets and liabilities are remeasured into United States dollars at end-of-period exchange rates."
"What financial statement component includes interest and penalties related to unrecognized tax benefits?","Income tax expense","Our policy is to include interest and penalties related to unrecognized tax benefits as a component of income tax expense."
"How are cash equivalents defined in terms of maturity?","Cash equivalents are highly liquid investments with an original maturity of three months or less at the time of purchase.","We consider all highly liquid investments that are readily convertible into cash and have an original maturity of three months or less at the time of purchase to be cash equivalents."
"What is the valuation allowance related to capital loss carryforwards and certain state and other deferred tax assets as of January 26, 2025?","$1.6 billion","As of January 26, 2025, we had a valuation allowance of $1.6 billion related to capital loss carryforwards, and certain state and other deferred tax assets that management determined are not likely to be realized."
"What method is used to compute diluted net income per share?","The weighted average number of common and potentially dilutive shares outstanding during the period, using the treasury stock method.","Diluted net income per share is computed using the weighted average number of common and potentially dilutive shares outstanding during the period, using the treasury stock method."
"When is a tax position's benefit recognized according to the policy?","A tax position's benefit is recognized only if it is more-likely-than-not that the position would be sustained upon audit based solely on the technical merits of the tax position.","We recognize the benefit from a tax position only if it is more-likely-than-not that the position would be sustained upon audit based solely on the technical merits of the tax position."
"What factors are considered in NVIDIA's quantitative impairment test for goodwill?","The quantitative impairment test for goodwill considers both the income approach and the market approach to estimate a reporting unit’s fair value, including factors such as prospective financial information, growth rates, residual values, discount rates, and comparable multiples from publicly traded companies.","Goodwill is subject to our annual impairment test during the fourth quarter of our fiscal year, or earlier if indicators of potential impairment exist. In completing our impairment test, we perform either a qualitative or a quantitative analysis on a reporting unit basis. The quantitative impairment test considers both the income approach and the market approach to estimate a reporting unit’s fair value. The income and market valuation approaches consider factors that include, but are not limited to, prospective financial information, growth rates, residual values, discount rates and comparable multiples from publicly traded companies in our industry and require us to make certain assumptions and estimates regarding industry economic factors and the future profitability of our business."
"How does NVIDIA determine the cost basis for its inventory after a write-down?","Once the inventory has been written-off or written-down, it creates a new cost basis that is not subsequently written-up.","We charge cost of sales for inventory provisions to write-down our inventory to the lower of cost or net realizable value or for obsolete or excess inventory, and for excess product purchase commitments. Once inventory has been written-off or written-down, it creates a new cost basis for the inventory that is not subsequently written-up."
"What method does NVIDIA use to compute depreciation of property and equipment?","NVIDIA uses the straight-line method based on the estimated useful lives of the assets between two to seven years.","Property and equipment are stated at cost less accumulated depreciation. Depreciation of property and equipment is computed using the straight-line method based on the estimated useful lives of the assets of two to seven years."
"How are operating lease assets and liabilities recognized on NVIDIA's consolidated balance sheet?","Operating lease assets and liabilities are recognized based on the present value of the remaining lease payments, discounted using NVIDIA's incremental borrowing rate. Operating lease assets include initial direct costs and prepaid lease payments, minus any lease incentives.","Operating lease assets and liabilities are recognized based on the present value of the remaining lease payments discounted using our incremental borrowing rate. Operating lease assets also include initial direct costs incurred and prepaid lease payments, minus any lease incentives."
"How does NVIDIA’s inventory cost computation method work?","NVIDIA computes inventory cost on an adjusted standard basis, approximating actual cost on an average or first-in, first-out basis.","Inventory cost is computed on an adjusted standard basis, which approximates actual cost on an average or first-in, first-out basis."
"How is the recoverability of assets or asset groups measured?","By comparing the carrying amount of an asset or asset group to estimated undiscounted future cash flows expected to be generated by the asset or asset group.","The recoverability of assets or asset groups to be held and used is measured by a comparison of the carrying amount of an asset or asset group to estimated undiscounted future cash flows expected to be generated by the asset or asset group."
"What happens if the carrying amount of an asset exceeds its estimated future cash flows?","An impairment charge is recognized for the amount by which the carrying amount of the asset exceeds its estimated fair value.","If the carrying amount of an asset or asset group exceeds its estimated future cash flows, an impairment charge is recognized for the amount by which the carrying amount of the asset or asset group exceeds the estimated fair value of the asset or asset group."
"How are non-marketable equity securities measured if they do not have a readily determinable fair value?","These investments are measured at cost minus impairment, if any, and adjusted for observable price changes in orderly transactions for an identical or similar investment in the same issuer.","Non-marketable equity securities consist of investments in privately-held companies that do not have a readily determinable fair value. These investments are measured at cost minus impairment, if any, and are adjusted for changes resulting from observable price changes in orderly transactions for an identical or similar investment in the same issuer, or the measurement alternative."
"What was the result of the termination of the Arm Share Purchase Agreement between NVIDIA and SoftBank?","The termination resulted in an acquisition termination cost of $1.4 billion for NVIDIA, reflecting the write-off of the prepayment provided at signing.","In February 2022, NVIDIA and SoftBank Group Corp, or SoftBank, announced the termination of the Share Purchase Agreement whereby NVIDIA would have acquired Arm from SoftBank. The parties agreed to terminate it due to significant regulatory challenges preventing the completion of the transaction. We recorded an acquisition termination cost of $1.4 billion in fiscal year 2023 reflecting the write-off of the prepayment provided at signing."
"The following text is a CSV row: What is the impact of the FASB's new accounting standard issued in November 2024 on disclosures?","The standard requires additional disclosures of certain expense information on an annual and interim basis, such as amounts of purchases of inventory, employee compensation, depreciation, and intangible asset amortization within each income statement expense caption.","In November 2024, the FASB issued a new accounting standard requiring disclosures of certain additional expense information on an annual and interim basis, including, among other items, the amounts of purchases of inventory, employee compensation, depreciation and intangible asset amortization included within each income statement expense caption, as applicable."
"Why was the Share Purchase Agreement between NVIDIA and SoftBank terminated in February 2022?","The agreement was terminated due to significant regulatory challenges preventing the completion of the transaction.","Business Combination Termination of the Arm Share Purchase Agreement In February 2022, NVIDIA and SoftBank Group Corp, or SoftBank, announced the termination of the Share Purchase Agreement whereby NVIDIA would have acquired Arm from SoftBank. The parties agreed to terminate it due to significant regulatory challenges preventing the completion of the transaction."
"What was the acquisition termination cost recorded by NVIDIA in fiscal year 2023?","$1.4 billion","We recorded an acquisition termination cost of $1.4 billion in fiscal year 2023 reflecting the write-off of the prepayment provided at signing."
"What components make up NVIDIA's stock-based compensation expense?","RSUs, PSUs, market-based PSUs, and the ESPP.","Note 3 - Stock-Based Compensation Stock-based compensation expense is associated with RSUs, PSUs, market-based PSUs, and our ESPP."
"As of January 26, 2025, what was the aggregate unearned stock-based compensation expense for NVIDIA, and over what period is it expected to be recognized for RSUs, PSUs, and market-based PSUs?","$11.6 billion, expected to be recognized over a weighted average period of 2.2 years for RSUs, PSUs, and market-based PSUs.","As of January 26, 2025, aggregate unearned stock-based compensation expense was $11.6 billion, which is expected to be recognized over a weighted average period of 2.2 years for RSUs, PSUs, and market-based PSUs, and one year for ESPP."
"What types of stock-based awards are authorized under the NVIDIA Corporation 2007 Equity Incentive Plan?","The 2007 Plan authorizes incentive stock options, non-statutory stock options, restricted stock, RSUs, stock appreciation rights, performance stock awards, performance cash awards, and other stock-based awards.","In 2007, our shareholders approved the NVIDIA Corporation 2007 Equity Incentive Plan, or as most recently amended and restated, the 2007 Plan. The 2007 Plan authorizes the issuance of incentive stock options, non-statutory stock options, restricted stock, RSUs, stock appreciation rights, performance stock awards, performance cash awards, and other stock-based awards to employees, directors and consultants."
"How many shares were available for future grants under the 2007 Equity Incentive Plan as of January 26, 2025?","1.4 billion shares","As of January 26, 2025, up to 274 million shares of our common stock could be issued pursuant to stock awards granted under the 2007 Plan, and 1.4 billion shares were available for future grants."
"What is the vesting schedule for market-based PSUs under NVIDIA's equity plans?","Market-based PSUs vest on the third anniversary of the date of grant subject to market conditions.","Market-based PSUs vest on the third anniversary of the date of grant subject to market conditions."
"What percentage of earnings can employees withhold to purchase shares under the 2012 Employee Stock Purchase Plan starting March 2025?","Starting in March 2025, employees may have up to 25% of their earnings withheld to purchase shares of common stock.","Starting in March 2025, employees may have up to 25% of their earnings withheld to purchase shares of common stock. The Board may decrease this percentage at its discretion."
"What was the total fair value of RSUs and PSUs as of their respective vesting dates during the year ended January 26, 2025?","$15.1 billion","The total fair value of RSUs and PSUs, as of their respective vesting dates, during the years ended January 26, 2025, January 28, 2024, and January 29, 2023, was $15.1 billion, $8.2 billion, and $4.3 billion, respectively."
"What was the basic net income per share amount?","$2.97","Net income per share: Basic (1)","$","2.97",""
"How much was the total carrying amount of goodwill as of January 26, 2025?","$5.2 billion","As of January 26, 2025, the total carrying amount of goodwill was $5.2 billion, consisting of goodwill balances allocated to our Compute & Networking and Graphics reporting units of $4.8 billion and $370 million, respectively."
"What was the Net Carrying Amount of acquisition-related intangible assets as of January 26, 2025?","$636 million","Acquisition-related intangible assets","$","2,900","","","$","(2,264)","","$","636"
"How much was the estimated future amortization expense for fiscal year 2026?","$354 million","Fiscal Year: 2026","$","354"
"What was the amortization expense associated with intangible assets in fiscal year 2025?","$593 million","Amortization expense associated with intangible assets for fiscal years 2025, 2024, and 2023 was $593 million, $614 million, and $699 million, respectively."
"What was the estimated fair value of publicly-held equity securities at the end of fiscal year 2025?","$42,062 million","The estimated fair value of publicly-held equity securities at the end of fiscal year 2025 was $42,062 million."
"How much were the net unrealized gains on investments in publicly-held equity securities for fiscal year 2025?","$163 million","Net unrealized gains on investments in publicly-held equity securities held at period end were $163 million for fiscal year 2025."
"$88 million","Net realized gains on investments in publicly-held equity securities sold were $88 million for fiscal year 2025."
"How were fair value adjustments on publicly-held equity securities recorded beginning the second quarter of fiscal year 2025?","They were classified in marketable securities.","Beginning in the second quarter of fiscal year 2025, publicly-held equity securities from investments in non-affiliated entities included in other assets (long term) were classified in marketable securities on our Consolidated Balance Sheets."
"What was the total estimated fair value of debt securities issued by the U.S. Treasury that were in a continuous loss position as of January 26, 2025?","$6,492 million","The total estimated fair value of debt securities issued by the U.S. Treasury that were in a continuous loss position as of January 26, 2025, was $6,492 million."
"What was the ending balance of non-marketable equity securities for NVIDIA on January 26, 2025?","$3,387 million","Adjustments to the carrying value of our non-marketable equity securities during fiscal years 2025 and 2024 were as follows: Balance at end of period","$3,387","as of January 26, 2025."
"How much unrealized gain was recorded from a secondary equity transaction in fiscal year 2025 for NVIDIA's private company investment?","$565 million","In the fourth quarter of fiscal year 2025, one of our private company investments completed a secondary equity transaction that resulted in an unrealized gain of $565 million."
"What percentage of the accounts receivable balance was accounted for by two direct customers as of January 28, 2024?","24% and 11%","Two direct customers accounted for 24% and 11% of our accounts receivable balance as of January 28, 2024."
"What were the components of inventories and their respective values as of January 26, 2025?","Raw materials: $3,408 million; Work in process: $3,399 million; Finished goods: $3,273 million.","Inventories as of January 26, 2025: Raw materials","$3,408","; Work in process","$3,399","; Finished goods","$3,273."
"$6,283 million","Total property and equipment, net as of January 26, 2025 was $6,283 million."
"How much were property, equipment, and intangible assets acquired by assuming related liabilities in fiscal year 2025?","$525 million","Property, equipment and intangible assets acquired by assuming related liabilities during fiscal years 2025, 2024, and 2023 were $525 million, $170 million, and $374 million, respectively."
"What was the balance of non-marketable equity securities as of January 26, 2025?","$3,387 million","Other Assets (Long Term): Non-marketable equity securities as of January 26, 2025, were $3,387 million."
"What was the amount of customer program accruals in accrued and other current liabilities on January 26, 2025?","$4,880 million","Accrued and Other Current Liabilities: Customer program accruals were $4,880 million as of January 26, 2025."
"How much was the total of other long-term liabilities as of January 28, 2024?","$2,541 million","Total other long-term liabilities as of January 28, 2024, were $2,541 million."
"What amount of deferred revenue includes customer advances for fiscal year 2025?","$3.6 billion","Deferred revenue additions include $3.6 billion related to customer advances for fiscal year 2025."
"39%","Approximately 39% of revenue from contracts greater than one year in length will be recognized over the next twelve months."
"What is the purpose of using foreign currency forward contracts in this context?","To mitigate the impact of foreign currency exchange rate movements on operating expenses.","We utilize foreign currency forward contracts to mitigate the impact of foreign currency exchange rate movements on our operating expenses. The foreign currency forward contracts for operating expenses are designated as accounting hedges."
"How are gains or losses on foreign currency forward contracts recorded in this context?","Gains or losses are recorded in accumulated other comprehensive income or loss and reclassified to operating expense when the related operating expenses are recognized in earnings.","Gains or losses on the contracts are recorded in accumulated other comprehensive income or loss and reclassified to operating expense when the related operating expenses are recognized in earnings."
"What was the notional value of foreign currency contracts designated as accounting hedges as of January 26, 2025?","$1,424 million","The table below presents the notional value of our foreign currency contracts outstanding: Jan 26, 2025 (In millions) Designated as accounting hedges","$1,424."
"By how much did the net carrying amount of long-term debt change from January 28, 2024, to January 26, 2025?","It decreased from $9,709 million to $8,463 million.","Net carrying amount as of Jan 26, 2025, is $8,463 million; as of Jan 28, 2024, it was $9,709 million, which shows a decrease."
"What was the total amount of NVIDIA's outstanding inventory purchase and long-term supply and capacity obligations as of January 26, 2025?","$30.8 billion","As of January 26, 2025, we had outstanding inventory purchase and long-term supply and capacity obligations totaling $30.8 billion, an increase from the prior year led by commitments, capacity and components for new product introductions, including our new Blackwell architecture."
"What were NVIDIA's future purchase commitments as of January 26, 2025, for the fiscal year 2026?","$35,727 million","Total future purchase commitments as of January 26, 2025 are as follows: 2026","$","35,727..."
"$1.3 billion","The estimated amount of product warranty liabilities was $1.3 billion and $306 million as of January 26, 2025 and January 28, 2024, respectively."
"How much did the product warranty liabilities balance increase from January 28, 2024, to January 26, 2025?","$984 million","The estimated product warranty liabilities was $1.3 billion as of January 26, 2025, compared to $306 million as of January 28, 2024, an increase in the balance."
"What decision did the Ninth Circuit make on August 25, 2023, regarding the NVIDIA securities class action lawsuit?","The Ninth Circuit panel affirmed in part and reversed in part the district court’s dismissal of the case, with a third judge dissenting.","On August 25, 2023, a majority of a three-judge Ninth Circuit panel affirmed in part and reversed in part the district court’s dismissal of the case, with a third judge dissenting on the basis that the district court did not err in dismissing the case."
"What motion did NVIDIA file on March 4, 2024?","A petition for a writ of certiorari.","NVIDIA filed a petition for a writ of certiorari on March 4, 2024. On June 17, 2024, the Supreme Court of the United States granted NVIDIA’s petition for a writ of certiorari. After briefing and argument, the Supreme Court dismissed NVIDIA’s writ of certiorari as improvidently granted on December 11, 2024, and issued judgment on January 13, 2025."
"Why has the case titled ""In re NVIDIA Corporation Consolidated Derivative Litigation"" not been reopened?","The case has not been reopened because it was administratively closed pending the resolution of the plaintiffs’ appeal in the In Re NVIDIA Corporation Securities Litigation action.","The putative derivative lawsuit pending in the United States District Court for the Northern District of California, captioned 4:19-cv-00341-HSG, initially filed January 18, 2019 and titled In re NVIDIA Corporation Consolidated Derivative Litigation, was stayed pending resolution of the plaintiffs’ appeal in the In Re NVIDIA Corporation Securities Litigation action. On February 22, 2022, the court administratively closed the case, but stated that it would reopen the case once the appeal in the In Re NVIDIA Corporation Securities Litigation action is resolved. The case has not yet been reopened by the court."
"What claims are asserted in the lawsuit titled ""Lipchitz v. Huang, et al.""?","The claims in this lawsuit include breach of fiduciary duty, unjust enrichment, insider trading, misappropriation of information, corporate waste, and violations of Sections 14(a), 10(b), and 20(a) of the Exchange Act based on allegedly false and misleading statements related to channel inventory and the impact of cryptocurrency mining on GPU demand.","The putative derivative actions initially filed September 24, 2019 and pending in the United States District Court for the District of Delaware, Lipchitz v. Huang, et al. (Case No. 1:19-cv-01795-MN), were stayed pending resolution of the plaintiffs’ appeal in the In Re NVIDIA Corporation Securities Litigation action. The lawsuits assert claims, purportedly on behalf of us, against certain officers and directors of the Company for breach of fiduciary duty, unjust enrichment, insider trading, misappropriation of information, corporate waste, and violations of Sections 14(a), 10(b), and 20(a) of the Exchange Act based on the dissemination of allegedly false, and misleading statements related to channel inventory and the impact of cryptocurrency mining on GPU demand."
"As of January 26, 2025, why are there no accrued contingent liabilities associated with NVIDIA's legal proceedings?","There are no accrued contingent liabilities because, while liabilities are reasonably possible, they are not considered probable, and any possible loss or range of loss cannot be reasonably estimated.","As of January 26, 2025, there are no accrued contingent liabilities associated with the legal proceedings described above based on our belief that liabilities, while reasonably possible, are not probable. Further, any possible loss or range of loss in these matters cannot be reasonably estimated at this time."
"The following text is a CSV row: What is the status of the legal actions involving NVIDIA concerning the impact of cryptocurrency mining on GPU demand?","The legal actions are ongoing, with certain cases stayed pending resolution of related appeals. There are claims against company officers and directors for breach of fiduciary duty and other violations, but no contingent liabilities have been accrued as the losses are not probable or estimable.","The lawsuits assert claims against certain officers and directors of the Company for breach of fiduciary duty and other violations based on the dissemination of allegedly false and misleading statements related to channel inventory and the impact of cryptocurrency mining on GPU demand. As of January 26, 2025, there are no accrued contingent liabilities associated with the legal proceedings described above because possible liabilities, while reasonably possible, are not considered probable, and cannot be reasonably estimated. Some lawsuits are stayed pending resolution of appeals."
"What is the total current income tax expense for NVIDIA Corporation for the year ending January 26, 2025?","$15,623 million","The total current income tax expense for NVIDIA Corporation for the year ending January 26, 2025, is $15,623 million, which includes federal, state, and foreign taxes."
"[NVIDIA Corporation's income tax expense for the year ending January 29, 2023, differs from that for the year ending January 26, 2025?","In the year ending January 26, 2025, the income tax expense was $11,146 million, whereas, for the year ending January 29, 2023, it was a benefit of $187 million.","The income tax expense for NVIDIA Corporation for the year ending January 26, 2025, was $11,146 million, while it resulted in a benefit of $187 million for the year ending January 29, 2023.]"
"What was the income before income tax for NVIDIA Corporation in the U.S. for the year ending January 28, 2024?","$29,495 million","The income before income tax for NVIDIA Corporation in the U.S. for the year ending January 28, 2024, was $29,495 million."
"What is the major factor contributing to the difference in income tax expense from the amount computed by applying the U.S. federal statutory rate in 2025?","Foreign-derived intangible income resulting in a reduction of $2,976 million.","For the year ending January 26, 2025, foreign-derived intangible income contributed to a $2,976 million reduction in the income tax expense from the amount computed by applying the U.S. federal statutory rate."
"$704 million","The income before income tax for NVIDIA Corporation from foreign operations for the year ending January 29, 2023, was $704 million."
"How much was the valuation allowance for NVIDIA Corporation's deferred tax assets as of January 26, 2025?","$1,610 million","As of January 26, 2025, NVIDIA Corporation had a valuation allowance of $1,610 million related to capital loss carryforwards, and certain state and other deferred tax assets."
"What are the components of NVIDIA Corporation's deferred tax liabilities as of January 26, 2025?","Unremitted earnings of foreign subsidiaries, operating lease assets, equity investments, and acquired intangibles.","Deferred tax liabilities as of January 26, 2025, include unremitted earnings of foreign subsidiaries ($891 million), operating lease assets ($286 million), equity investments ($264 million), and acquired intangibles ($70 million)."
"$10,093 million","For fiscal year 2025, NVIDIA Corporation had a net deferred tax asset of $10,093 million."
"How did NVIDIA Corporation plan to handle approximately $1.4 billion of undistributed earnings held by subsidiaries?","NVIDIA Corporation intended to indefinitely reinvest approximately $1.4 billion of cumulative undistributed earnings held by certain subsidiaries.","As of January 26, 2025, NVIDIA Corporation intended to indefinitely reinvest approximately $1.4 billion of cumulative undistributed earnings held by certain subsidiaries."
"What was the balance of unrecognized tax benefits at the end of January 26, 2025?","$2,861 million","Balance at end of period","$","2,861","","","$","1,670","","$","1,238"
"Which significant tax jurisdictions were under examination as of January 26, 2025?","Germany, Hong Kong, India, Israel, Taiwan, and the State of California","The significant tax jurisdictions for which we are currently under examination include Germany, Hong Kong, India, Israel, and Taiwan for fiscal years 2014 through 2024, and the State of California for fiscal years 2020 to 2022."
"How much did the company accrue for interest and penalties related to unrecognized tax benefits as of January 28, 2024?","$140 million","As of January 28, 2024, we have accrued $140 million for the payment of interest and penalties related to unrecognized tax benefits, which is not included as a component of our gross unrecognized tax benefits."
"29 million shares","From January 27, 2025 through February 21, 2025, we repurchased 29 million shares for $3.7 billion pursuant to a pre-established trading plan."
"How much in cash dividends did the company pay to shareholders in fiscal year 2023?","$398 million","In fiscal years 2025, 2024, and 2023, we paid cash dividends to our shareholders of $834 million, $395 million, and $398 million, respectively."
"How much did NVIDIA Corporation pay in cash dividends to shareholders in fiscal year 2025?","$834 million","In fiscal year 2025, NVIDIA Corporation paid cash dividends to shareholders of $834 million."
"What was the contribution expense for NVIDIA's defined contribution plans in fiscal year 2024?","$255 million","Our contribution expense for fiscal years 2024 was $255 million."
"Which segment includes NVIDIA's Data Center accelerated computing platforms and AI solutions?","Compute & Networking segment","The Compute & Networking segment includes our Data Center accelerated computing platforms and AI solutions."
"$5,085 million","Operating income for the Graphics segment in fiscal year 2025 was $5,085 million."
"What type of expenses are included in NVIDIA's ""All Other"" category?","Stock-based compensation expense, corporate infrastructure and support costs, acquisition-related and other costs, and other non-recurring charges and benefits.","The “All Other” category includes expenses like stock-based compensation expense, corporate infrastructure and support costs, acquisition-related and other costs, and other non-recurring charges and benefits."
"$130,497 million","Total revenue for fiscal year 2025 was reported as $130,497 million."
"Which geographic location accounted for the highest revenue in fiscal year 2025 based on customer billing location?","United States","Geographic Revenue based upon Customer Billing Location: United States accounted for $61,257 million, which was the highest among listed locations for fiscal year 2025."
"How much revenue did Singapore contribute to the company in fiscal year 2025, based on customer billing location?","$23,684 million","Singapore contributed $23,684 million to the company's revenue in fiscal year 2025 based on customer billing location."
"What percentage of fiscal year 2025 total revenue did revenue from Singapore represent?","18%","Singapore represented 18% of fiscal year 2025 total revenue based upon customer billing location."
"In fiscal year 2025, which segment had the highest specialized market revenue?","Data Center","Revenue by specialized markets for fiscal year 2025: Data Center had the highest revenue at $115,186 million."
"What was the total revenue in the presented financial summary?","$130,497 million","Total revenue","$","130,497","","","$","60,922","","$","26,974"
"6.5 years","As of January 26, 2025, our operating leases have a weighted average remaining lease term of 6.5 years."
"What is the future minimum lease obligation for fiscal year 2026?","$354 million","Future minimum lease obligations under our non-cancelable lease agreements as of January 26, 2025 were as follows: Fiscal Year:","2026","$","354"
"What was the operating lease expense for fiscal year 2025?","$356 million","Operating lease expenses for fiscal years 2025, 2024, and 2023 were $356 million, $269 million, and $193 million, respectively."
"What was the balance for the sales return allowance at the end of fiscal year 2023?","$26","Sales return allowance","$","13","","$","104","","(2)","$","(91)","(4)","$","26"
"How much was added to the deferred tax valuation allowance in fiscal year 2023?","$577","Deferred tax valuation allowance","$","907","","$","577","","(3)","$","—","","$","1,484"
"What does the addition to the sales return allowance represent?","Estimated product returns charged as a reduction to revenue or an acquired balance","(2)Additions represent estimated product returns charged as a reduction to revenue or an acquired balance."
"When was the Share Purchase Agreement involving NVIDIA and several other entities filed?","September 14, 2020","Share Purchase Agreement, dated September 13, 2020, by and among NVIDIA, NVIDIA Holdings, Arm, SoftBank, and Vision Fund","8-K","2.1","9/14/2020"
"What does the form of the 2026 Note refer to?","Annex B-1 to Exhibit 4.2","Form of 2026 Note","8-K","Annex B-1 to Exhibit 4.2","9/16/2016"
"What agreement was put in place between NVIDIA Corporation and each of its directors and officers on March 7, 2006?","Form of Indemnity Agreement","10.1","Form of Indemnity Agreement between NVIDIA Corporation and each of its directors and officers","8-K","10.1","3/7/2006"
"What is the purpose of the document filed on 5/29/2024 referenced as 10.11+?","It is the Amended and Restated 2007 Equity Incentive Plan - Global Performance-Based Restricted Stock Unit Grant Notice and Performance-Based Restricted Stock Unit Agreement (2024).","10.11+","Amended and Restated 2007 Equity Incentive Plan - Global Performance-Based Restricted Stock Unit Grant Notice and Performance-Based Restricted Stock Unit Agreement (2024)","10-Q","10.3","5/29/2024"
"What rule requires the Certification of Chief Financial Officer according to the Securities Exchange Act of 1934?","Rule 13a-14(a) of the Securities Exchange Act of 1934.","Certification of Chief Financial Officer as required by Rule 13a-14(a) of the Securities Exchange Act of 1934."
"What is the significance of Exhibits 32.1 and 32.2 according to Regulation S-K?","Exhibits 32.1 and 32.2 are deemed to accompany the Annual Report on Form 10-K and are not considered ""filed"" for the purpose of Section 18 of the Exchange Act. They will not be incorporated by reference into any filing under the Securities Act or the Exchange Act unless specifically incorporated by reference.","In accordance with Item 601(b)(32)(ii) of Regulation S-K and SEC Release Nos. 33-8238 and 34-47986, the certifications in Exhibits 32.1 and 32.2 are deemed to accompany the Annual Report on Form 10-K and will not be ""filed"" for Section 18 of the Exchange Act. They are not incorporated by reference into any filing under the Securities Act or the Exchange Act unless specifically mentioned."
"What does Exhibit 97.1 pertain to and when was it last amended?","Exhibit 97.1 pertains to the Compensation Recovery Policy and it was last amended on November 30, 2023.","97.1+","Compensation Recovery Policy, as amended and restated November 30, 2023."
"How can a shareholder obtain copies of exhibits not contained in the document?","A shareholder can obtain copies of exhibits not contained in the document by sending a written request to Investor Relations at NVIDIA Corporation, 2788 San Tomas Expressway, Santa Clara, CA 95051.","Copies of above exhibits not contained herein are available to any shareholder upon written request to: Investor Relations: NVIDIA Corporation, 2788 San Tomas Expressway, Santa Clara, CA 95051."
"Is there any information provided under Item 16 regarding the summary of Form 10-K?","No, Item 16 states that a Form 10-K Summary is not applicable.","Item 16. Form 10-K Summary Not Applicable."
