"What was NVIDIA's initial focus in computing?","PC graphics.","NVIDIA pioneered accelerated computing to help solve the most challenging computational problems. Starting with a focus on PC graphics, we extended our focus in recent years to the revolutionary field of artificial intelligence, or AI."
"What technology did NVIDIA leverage to create platforms for VR, HPC, and AI?","GPU architecture.","Fueled by the sustained demand for exceptional 3D graphics and the scale of the gaming market, NVIDIA leveraged its GPU architecture to create platforms for virtual reality, or VR, high performance computing, or HPC, and AI."
"What is the role of NVIDIA's GPU in deep learning?","NVIDIA's GPU simulates human intelligence, enabling a deeper understanding of the physical world and running deep learning algorithms.","The GPU was initially used to simulate human imagination, enabling the virtual worlds of video games and films. Today, it also simulates human intelligence, enabling a deeper understanding of the physical world. Its parallel processing capabilities, supported by up to thousands of computing cores, are essential to running deep learning algorithms."
"How many applications do NVIDIA GPUs support?","Over 600 applications.","With support for more than over 600 applications - including the top 15 HPC applications - NVIDIA GPUs enable some of the most promising areas of discovery, from weather prediction to materials science and from wind tunnel simulation to genomics."
"Which countries house the top supercomputers powered by NVIDIA GPUs located outside the United States?","Europe and Japan.","NVIDIA GPUs power the top two supercomputers in the world, located at Oak Ridge and Lawrence Livermore National Laboratories in the United States, as well as the top supercomputers in Europe and Japan."
"What are NVIDIA's two main reportable segments?","GPU and Tegra Processor.","Our Businesses Our two reportable segments - GPU and Tegra Processor - are based on a single underlying architecture."
"What does NVIDIA's Tegra brand integrate?","An entire computer onto a single chip, incorporating GPUs and multi-core CPUs.","Our Tegra brand integrates an entire computer onto a single chip, and incorporates GPUs and multi-core CPUs to drive supercomputing for autonomous robots, drones, and cars, as well as for game consoles and mobile gaming and entertainment devices."
"What GPU product brands target AI data scientists and big data researchers?","Tesla and DGX","Our GPU product brands are aimed at specialized markets including GeForce for gamers; Quadro for designers; Tesla and DGX for AI data scientists and big data researchers; and GRID for cloud-based visual computing users."
"What is the primary design purpose of Tegra processors?","To enable branded platforms such as AGX and SHIELD.","Tegra Processor","∙","Tegra processors are primarily designed to enable branded platforms - AGX and SHIELD"
"Which NVIDIA platform is designed for AI computing in self-driving vehicles?","DRIVE AGX","AGX is a power-efficient AI computing platform for intelligent edge devices, including:","","- DRIVE AGX for self-driving vehicles"
"What technology did NVIDIA develop for real-time cinematic-quality rendering?","RTX ray tracing technology","We developed NVIDIA RTX ray tracing technology to enable real-time, cinematic-quality rendering in the RTX line-up of our gaming platforms."
"Which markets does NVIDIA specialize in with its GPU-based visual computing and accelerated computing platforms?","Gaming, Professional Visualization, Data Center, and Automotive","From our proprietary processors, we created platforms that address four large markets where our expertise is critical: Gaming, Professional Visualization, Data Center, and Automotive."
"How do NVIDIA GPUs enhance the gaming experience?","By improving visual quality of graphics, increasing frame rates for smoother gameplay, and improving realism through the behavior of light and physical objects.","Our GPUs enhance the gaming experience by improving the visual quality of graphics, increasing the frame rate for smoother gameplay and improving realism by incorporating the behavior of light and physical objects."
"What does VRWorks software provide for developers?","VRWorks allows developers to create fully immersive experiences by enabling physically realistic visuals, sound, touch interactions, and simulated environments.","To enable VR, we provide developers with a suite of software libraries called VRWorks. VRWorks allows developers to create fully immersive experiences by enabling physically realistic visuals, sound, touch interactions, and simulated environments."
"What platform did NVIDIA introduce in fiscal year 2019 for rendering photorealistic objects?","NVIDIA RTX platform","During fiscal year 2019, we introduced the NVIDIA RTX platform, making it possible to render film-quality, photorealistic objects and environments with physically accurate shadows, reflections and refractions using ray tracing in real-time."
"What are some enterprise applications incorporating VR technology as mentioned in the text?","Virtual car showrooms, surgical training, architectural walkthroughs, and bringing historical scenes to life","Just as VR is becoming more important in gaming, it is also being incorporated in a growing number of enterprise applications, including within medicine, architecture, product design, and retail. Virtual car showrooms, surgical training, architectural walkthroughs, and bringing historical scenes to life all deploy this technology, powered by our GPUs."
"What is the brand name for NVIDIA's market aimed at professionals needing high performance graphics?","Quadro","Our brand for this market is Quadro for workstations. Quadro GPUs enhance the productivity of designers by improving performance and adding functionality, such as photorealistic rendering, high color fidelity, and advanced scalable display capabilities."
"Which industries are mentioned as using NVIDIA's AI platform for automating tasks and enhancing services?","Healthcare, financial services, and oil exploration","We are engaged with thousands of organizations working on AI in a multitude of industries, from automating tasks such as reading medical images, to enabling fraud detection in financial services, to optimizing oil exploration and drilling."
"Which major cloud services companies are using AI for applications like voice recognition and real-time translation?","Amazon, Baidu, and Facebook","These organizations include the world’s leading cloud services companies such as Amazon, Baidu, and Facebook, which are infusing AI in applications that enable highly accurate voice recognition and real-time translation."
"Cisco, Dell, HP","To enable deep learning and machine learning, we provide a family of GPUs designed to speed up training and inferencing of neural networks. They are available in industry standard servers from every major computer maker worldwide, including Cisco, Dell, HP, Inspur, and Lenovo."
"What is one area where GPUs have significantly impacted scientific discovery?","Improving heart surgery","GPUs have significantly impacted scientific discovery, including improving heart surgery, mapping human genome folds, seismic modeling, and weather simulations."
"How have GPUs contributed to scientific discovery?","GPUs have significantly impacted scientific discovery by improving heart surgery, mapping human genome folds, seismic modeling, and weather simulations.","GPUs have significantly impacted scientific discovery, including improving heart surgery, mapping human genome folds, seismic modeling, and weather simulations."
"Why is accelerated computing considered important for the future of computing?","Accelerated computing is considered important due to the slowing of Moore’s Law and is seen as the path forward for computing.","Accelerated computing is recognized as the path forward for computing amid the slowing of Moore’s Law."
"What role does Tesla GPU accelerators play in the world's fastest supercomputers?","Tesla GPU accelerators power many of the world's fastest supercomputers, including the Summit and Sierra in the U.S., Piz Daint in Europe, ABCI in Japan, and the supercomputer by Eni in Italy.","Tesla GPU accelerators power many of the world’s fastest supercomputers, including the U.S. Department of Energy’s Summit and Sierra supercomputers at Oak Ridge and Lawrence Livermore National Laboratories, Europe’s fastest supercomputer - Piz Daint - in Switzerland, Japan’s fastest supercomputer, ABCI; and the world’s fastest industrial supercomputer by Italian energy company Eni."
"What applications does GRID enable in data centers?","GRID enables the running of graphics-intensive applications remotely on a server in the data center, accelerating virtual desktop infrastructures and delivering graphics-intensive applications from the cloud for industries such as manufacturing, healthcare, and educational institutions.","GRID makes it possible to run graphics-intensive applications remotely on a server in the data center. Applications include accelerating virtual desktop infrastructures and delivering graphics-intensive applications from the cloud for industries such as manufacturing, healthcare, and educational institutions, among others."
"What are the key components of NVIDIA's DRIVE platform?","NVIDIA's DRIVE platform includes the high-performance, energy-efficient hardware DRIVE AGX, and open, modular software such as DRIVE AV for autonomous driving and DRIVE IX for in-vehicle AI assistance.","NVIDIA DRIVE computing platform. The platform consists of high-performance, energy efficient hardware - DRIVE AGX, and open, modular software - including DRIVE AV for autonomous driving and DRIVE IX for in-vehicle AI assistance."
"What functionality does the DRIVE AutoPilot provide in NVIDIA's automotive solutions?","The DRIVE AutoPilot powers NVIDIA's Level 2+ automated driving solution, combining the DRIVE AV self-driving solution with the DRIVE IX cockpit software, allowing the driver to visualize what the car sees and plans to do.","It powers the DRIVE AutoPilot, NVIDIA’s Level 2+ automated driving solution, combining the DRIVE AV self-driving solution with the DRIVE IX cockpit software, including a visualization system for allowing the driver to see what the car sees and plans to do."
"How does NVIDIA's strategy leverage its GPU architecture across different market platforms?","NVIDIA's strategy leverages its GPU architecture across diverse market platforms by using a unified architecture based on GPUs and CUDA, allowing for leveraged investments in R&D to support multi-billion dollar markets like Gaming, Professional Visualization, Data Center, and Automotive.","Advancing the GPU computing platform. GPUs can help solve problems that were previously deemed unsolvable. We work to deliver continued GPU performance leaps that outpace Moore’s Law by leveraging innovation across the architecture, chip design, system, and software layers. Our strategy is to target markets where GPUs deliver order-of-magnitude performance advantages relative to legacy approaches. Our market platforms so far include Gaming, Professional Visualization, Data Center, and Automotive. While  the requirements of these end markets are diverse, we address them with a unified underlying architecture leveraging our GPUs and CUDA as the fundamental building blocks."
"What market platforms does the company include in its operations?","Gaming, Professional Visualization, Data Center, and Automotive","Our market platforms so far include Gaming, Professional Visualization, Data Center, and Automotive."
"How does the company's programmable architecture benefit its R&D investments?","It allows support for multi-billion dollar end markets using the same technology through various software stacks either developed internally or by third parties.","The programmable nature of our architecture allows us to make leveraged investments in R&D: we can support several multi-billion dollar end markets with the same underlying technology by using a variety of software stacks developed either internally or by third party developers and partners."
"What components are included in the company's GPU computing platform for AI?","GPUs, CUDA programming language, algorithms, libraries, and system software","We provide a complete, end-to-end GPU computing platform for deep learning and machine learning, addressing both training and inferencing. This includes GPUs, our CUDA programming language, algorithms, libraries, and system software."
"How does the company intend to expand its AI technology leadership?","By adding AI-specific features to its GPU architecture and leveraging a large and expanding ecosystem.","GPUs are uniquely suited to AI, and we will continue to add AI-specific features to our GPU architecture to further extend our leadership position. Our AI technology leadership is reinforced by our large and expanding ecosystem in a virtuous cycle."
"What is the company's approach to gaming and visual computing markets?","Enhancing user experiences through libraries and algorithms for cinematic and VR experiences, optimizing gaming on GeForce, and enabling cloud platform access.","Our technologies are instrumental in driving gaming forward, as developers leverage our libraries and algorithms to create near-cinematic and VR experiences. Our close collaboration with game developers allows us to deliver an optimized gaming experience on our GeForce platform."
"What solution does the company provide for the autonomous vehicle market?","A full functionally safe AI-based hardware and software solution under the DRIVE brand, including GPU-based hardware for neural network training and operation re-simulation.","We provided a full functionally safe AI-based hardware and software solution for the AV market under the DRIVE brand, which includes the GPU-based hardware required to train the neural networks before their in-vehicle deployment, as well as to re-simulate their operation."
"What is included in the company's sales and marketing strategy?","Working with end customers and industry ecosystems globally through a partner network that includes OEMs, ODMs, and various suppliers.","Our worldwide sales and marketing strategy is key to achieving our objective of providing markets with our high-performance and efficient GPU and embedded system-on-a-chip, or SOC, platforms. Our sales and marketing teams, located across our global markets, work closely with end customers in each industry."
"Who in the company is responsible for assisting the partner network in designing system designs that incorporate company platforms?","A team of application engineers is responsible for assisting the partner network in designing system designs that incorporate company platforms.","We also employ a team of application engineers to assist our partner network in designing, testing, and qualifying system designs that incorporate our platforms."
"How does the company encourage the development of applications optimized for its GPUs?","The company encourages the development of applications optimized for its GPUs by establishing strong relationships with the software development community and making its products available to developers prior to launch.","To encourage the development of applications optimized for our GPUs, we seek to establish and maintain strong relationships in the software development community. Our developer program makes our products available to developers prior to launch."
"What training does the company's Deep Learning Institute provide?","The Deep Learning Institute provides in-person and online training for developers to build AI and accelerated computing applications that leverage the company’s GPU and CUDA platforms.","Our Deep Learning Institute provides in-person and online training for developers in industries and organizations around the world to build AI and accelerated computing applications that leverage our GPU and CUDA platforms."
"How has the company's business evolved over time?","The company's business has evolved from focusing primarily on gaming products to broader markets, and from chips to platforms and complete systems.","As NVIDIA’s business has evolved from a focus primarily on gaming products to broader markets, and from chips to platforms and complete systems, so, too, have our avenues to market."
"Sales to Dell Technologies Inc. accounted for 11% of the company's total revenue for fiscal year 2020.","Sales to Dell Technologies Inc. accounted for 11% of the company's total revenue for fiscal year 2020.","Sales to Dell Technologies Inc., or Dell, accounted for 11% of our total revenue for fiscal year 2020."
"What is the company's manufacturing strategy for its semiconductor products?","The company utilizes a fabless manufacturing strategy, employing world-class suppliers for all phases of the manufacturing process, including wafer fabrication, assembly, testing, and packaging.","We do not directly manufacture semiconductors used for our products. Instead, we utilize a fabless manufacturing strategy, whereby we employ world-class suppliers for all phases of the manufacturing process, including wafer fabrication, assembly, testing, and packaging."
"Which companies does the company utilize for wafer production?","The company utilizes Taiwan Semiconductor Manufacturing Company Limited and Samsung Electronics Co. Ltd for wafer production.","We utilize industry-leading suppliers, such as Taiwan Semiconductor Manufacturing Company Limited and Samsung Electronics Co. Ltd, to produce our semiconductor wafers."
"What are some of the companies used as contract manufacturers and ODMs?","BYD, Hon Hai Precision Industry Co., Quanta Computer, and Wistron Corporation.","We also utilize industry-leading contract manufacturers, or CMs, such as BYD and Hon Hai Precision Industry Co., and ODMs such as Quanta Computer and Wistron Corporation, to manufacture some of our products for sale directly to end customers."
"How did the company's cash, cash equivalents, and marketable securities change at the end of fiscal year 2020?","They increased by 47% to $10.90 billion compared with the end of fiscal year 2019.","Our existing cash, cash equivalents and marketable securities balances increased by 47% to $10.90 billion at the end of fiscal year 2020 compared with the end of fiscal year 2019."
"What strategies does the company use to manage its inventories?","The company manages inventories by communicating with customers and partners, forecasting demand, placing manufacturing orders based on demand, and maintaining substantial inventories as semi-finished products to balance customer demands.","We focus considerable attention on managing our inventories and other working-capital-related items. We manage inventories by communicating with our customers and partners and then using our industry experience to forecast demand on a platform-by-platform basis. We then place manufacturing orders for our products that are based on forecasted demand. We generally maintain substantial inventories of our products. A substantial amount of our inventories is maintained as semi-finished products that can be leveraged across a wide range of our processors to balance our customer demands."
"What factors are believed to be principal competitive elements in the market for the company's products?","Principal competitive factors include performance, breadth of product offerings, access to customers and partners and distribution channels, software support, conformity to industry standard APIs, manufacturing capabilities, processor pricing, and total system costs.","We believe that the principal competitive factors in this market are performance, breadth of product offerings, access to customers and partners and distribution channels, software support, conformity to industry standard APIs, manufacturing capabilities, processor pricing, and total system costs."
"How does the company protect its intellectual property?","The company relies on a combination of patents, trademarks, trade secrets, nondisclosure agreements, and licensing arrangements. It also relies on international treaties, organizations, and foreign laws for protection.","We rely primarily on a combination of patents, trademarks, trade secrets, employee and third-party nondisclosure agreements, and licensing arrangements to protect our intellectual property in the United States and internationally. We also rely on international treaties, organizations, and foreign laws to protect our intellectual property."
"What makes the piracy of the company's technology and products more likely in certain foreign countries?","The laws of certain foreign countries may not protect products or intellectual property rights to the same extent as U.S. laws, making piracy more likely.","The laws of certain foreign countries in which our products are or may be manufactured or sold, including various countries in Asia, may not protect our products or intellectual property rights to the same extent as the laws of the United States. This decreased protection makes the possibility of piracy of our technology and products more likely."
"What degrees does Ms. Shoquist hold?","A B.S. degree in Electrical Engineering from Kansas State University and a B.S. degree in Biology from Santa Clara University.","Ms. Shoquist holds a B.S. degree in Electrical Engineering from Kansas State University and a B.S. degree in Biology from Santa Clara University."
"In what year did Timothy S. Teter join NVIDIA?","2017","Timothy S. Teter joined NVIDIA in 2017 as Senior Vice President, General Counsel and Secretary and became Executive Vice President, General Counsel and Secretary in February 2018."
"What position did Timothy S. Teter hold at Cooley LLP before joining NVIDIA?","Partner","Prior to NVIDIA, Mr. Teter spent more than two decades at the law firm of Cooley LLP. He was most recently a partner at Cooley, where he focused on litigating patent and technology related matters."
"What is the educational background of Timothy S. Teter?","A B.S. degree in Mechanical Engineering from the University of California at Davis and a J.D. degree from Stanford Law School.","Mr. Teter holds a B.S. degree in Mechanical Engineering from the University of California at Davis and a J.D. degree from Stanford Law School."
"Where can NVIDIA’s reports filed under the Securities Exchange Act of 1934 be accessed for free?","On NVIDIA's website, http://www.nvidia.com, as soon as reasonably practicable after filing with the SEC.","Our annual reports on Form 10-K, quarterly reports on Form 10-Q, current reports on Form 8-K and, if applicable, amendments to those reports filed or furnished pursuant to Section 13(a) of the Securities Exchange Act of 1934, as amended, are available free of charge on or through our web site, http://www.nvidia.com, as soon as reasonably practicable after we electronically file such material with, or furnish it to, the Securities and Exchange Commission, or the SEC."
"What type of matters did Timothy S. Teter focus on at Cooley LLP?","Litigating patent and technology-related matters.","He was most recently a partner at Cooley, where he focused on litigating patent and technology related matters."
"What markets does NVIDIA's GPU-based visual and accelerated computing platforms target?","Gaming, Professional Visualization, Data Center, and Automotive","We created GPU-based visual and accelerated computing platforms that address four large markets: Gaming, Professional Visualization, Data Center, and Automotive."
"How might competition affect NVIDIA's revenue in their target markets?","Competition may prevent revenue growth as competitors might offer less costly or superior products and services, leading to lower-than-expected selling prices and decreased demand for NVIDIA's offerings, negatively affecting revenue and operations.","Our target markets remain extremely competitive, and we expect competition to intensify as current competitors expand their product and/or service offerings, industry standards continue to evolve, customer needs change and new competitors enter these markets... If we are unable to successfully compete in our target markets... demand for our products, services and technologies could decrease, which would cause our revenue to decline and cause our results of operations to suffer."
"What risks are associated with NVIDIA's research and development investments?","The risks include the possibility that these investments may not lead to significant revenue for several years, if at all, and may not result in products and technologies that are widely adopted.","Additionally, we continue to make considerable investments in research and development, which may not produce significant revenue for several years, if at all. If our investments are unsuccessful and we fail to develop new products, services and technologies, or if we focus on technologies that do not become widely adopted, our business, revenue, financial condition and results of operations could be adversely affected."
"Why is it important for NVIDIA to anticipate changing needs and technology trends in their target markets?","Failing to anticipate and adapt to changing needs and technology trends might result in missed market opportunities, harming NVIDIA's business.","If we fail to anticipate the changing needs of our target markets and emerging technology trends, or if we do not appropriately adapt that strategy as market conditions evolve, in a timely manner to exploit potential market opportunities, our business will be harmed."
"What are some potential challenges NVIDIA faces with system security and data protection?","NVIDIA faces challenges such as prevalent and sophisticated security breaches, malware, phishing, and cyber-attacks that threaten to disrupt operations, reduce expected revenue, increase expenses, damage their reputation, and adversely affect stock price.","System security and data protection breaches, as well as cyber-attacks, could disrupt our operations, reduce our expected revenue and increase our expenses, which could adversely affect our stock price and damage our reputation. Security breaches, computer malware, phishing, and cyber-attacks have become more prevalent and sophisticated in recent years."
"How does the competitive landscape and consolidation trend in NVIDIA's target markets affect the company?","The trend towards consolidation could lead to fewer customers, partners, or suppliers, potentially negatively impacting NVIDIA's financial results.","In addition, the competitive landscape in our target markets has changed and may continue to evolve due to a trend toward consolidation, which could lead to fewer customers, partners, or suppliers, any of which could negatively affect our financial results."
"What is necessary for NVIDIA to succeed in developing products for new markets like automotive and data center?","Considerable technical, financial, compliance, sales, and marketing investments are necessary, along with developing infrastructure like customer service and support, and meeting customer safety and compliance standards.","Such activities may require considerable technical, financial, compliance, sales and marketing investments. We devote significant resources to the development of technologies and business offerings in markets where we have a limited operating history, such as the automotive and data center markets, which presents additional risks to our business. We must also continue to develop the infrastructure needed to scale our business in these areas, including customer service and support. We also must meet customer safety and compliance standards."
"What types of malicious software programs can hackers develop and deploy to exploit vulnerabilities in products?","Hackers may develop and deploy viruses, worms, and other malicious software programs that attack or exploit security vulnerabilities.","These hackers may also develop and deploy viruses, worms and other malicious software programs that attack or otherwise exploit security vulnerabilities in our products, including consumer and automotive products, where we utilize over-the-air updates to improve functionality over time."
"Why might an organization's expenses increase due to security threats?","Expenses may increase due to the need to continuously engineer more secure products and enhance security and reliability features.","To defend against security threats, both to our internal systems and those of our customers, we must continuously engineer more secure products and enhance security and reliability features, which may result in increased expenses."
"What could happen if a security breach results in the loss or misuse of sensitive data?","A security breach could result in litigation, potential liability, paying damages, regulatory inquiries or actions, damage to the brand and reputation, or other harm to the business.","Actual or perceived breaches of our security measures or the accidental loss, inadvertent disclosure or unapproved dissemination of proprietary information or sensitive or confidential data about us, our partners, our customers or third parties could expose us and the parties affected to a risk of loss or misuse of this information, resulting in litigation and potential liability, paying damages, regulatory inquiries or actions, damage to our brand and reputation or other harm to our business."
"How might interruptions in service due to security disruptions affect a company?","Interruptions in service could lead to delays, cessation of service, loss of customers, and could negatively impact financial results, stock price, and reputation.","We may experience interruptions, delays, cessation of service and loss of existing or potential customers. Such disruptions could adversely impact our ability to fulfill orders and interrupt other critical functions. Delayed sales, lower margins or lost customers as a result of these disruptions could adversely affect our financial results, stock price and reputation."
"What are some risks associated with relying on third-party foundries for wafer manufacturing?","Risks include a lack of guaranteed supply, higher component prices due to supply constraints, failure to procure raw materials, and inadequate manufacturing capacity.","We do not manufacture the silicon wafers used for our GPUs and Tegra processors and do not own or operate a wafer fabrication facility. Instead, we are dependent on industry-leading foundries, such as Taiwan Semiconductor Manufacturing Company Limited and Samsung Electronics Co. Ltd., to manufacture our semiconductor wafers using their fabrication equipment and techniques. As a result, we face several significant risks which could have an adverse effect on our ability to meet customer demand and/or negatively impact our business operations, gross margin, revenue and/or financial results, including: •","a lack of guaranteed supply of wafers and other components and potential higher wafer and component prices due to supply constraints; •","a failure by our foundries to procure raw materials or to provide or allocate adequate or any manufacturing or test capacity for our products."
"Why might low manufacturing yields pose a problem for a company?","Low manufacturing yields can affect customer demand, increase manufacturing costs, harm relationships, and negatively impact business operations and financial results.","In addition, low manufacturing yields could have an adverse effect on our ability to meet customer demand, increase manufacturing costs, harm customer or partner relationships, and/or negatively impact our business operations, gross margin, revenue and/or financial results."
"What are the possible reasons for low manufacturing yields according to the content?","Low manufacturing yields may result from product design or process technology failure, and problems may not be identified until well into the manufacturing process.","Manufacturing yields for our products are a function of product design, which is developed largely by us, and process technology, which typically is proprietary to the foundry. Low yields may result from either product design or process technology failure. We do not know whether a yield problem will exist until our design is actually manufactured by the foundry. As a result, yield problems may not be identified until well into the manufacturing process and require us and the foundry to cooperate to resolve the problem."
"What types of disruptions could harm the business and lead to significant losses?","Natural or man-made disasters such as floods, fires, extreme weather, cyber-attacks, terrorist attacks, medical epidemics or pandemics, catastrophic events, or climate change.","The occurrence of any of these disruptions could harm our business and result in significant losses, a decline in revenue and an increase in our costs and expenses. These disruptions include natural or man-made disasters like floods, fires, extreme weather, cyber-attacks, terrorist attacks, medical epidemics or pandemics, catastrophic events, or climate change."
"Where are the corporate headquarters and a portion of the company's research and development activities located?","California","Our corporate headquarters, and a portion of our research and development activities, are located in California."
"What geographical locations are mentioned as critical for business operations and supply chain?","California, Taiwan, China, Hong Kong, Korea","Other critical business operations, finished goods inventory, and some of our suppliers are located in Asia, including Taiwan, China, Hong Kong, and Korea. A large portion of our data center capacity is in California."
"What impact could geopolitical changes or changes in government regulations have on the company?","They could result in changing regulatory requirements, trade policies, import duties, and economic disruptions affecting operating strategies, product demand, access to global markets, hiring, and profitability.","Geopolitical change or changes in government regulations and policies may result in changing regulatory requirements, trade policies, import duties and economic disruptions that could impact our operating strategies, product demand, access to global markets, hiring, and profitability."
"What event in January 2020 is mentioned, and what impact did it have?","A novel strain of coronavirus identified in China, leading to manufacturing shutdowns, commerce disruptions, and global travel restrictions.","In January 2020, a novel strain of coronavirus was identified in China, resulting in shutdowns of manufacturing and commerce, as well as global travel restrictions to contain the virus."
"What could happen if the company fails to estimate customer demand properly?","Their financial results could be harmed due to excess or obsolete inventory.","If we fail to estimate customer demand properly, our financial results could be harmed. Situations that may result in excess or obsolete inventory include changes in market conditions and demand for products."
"What are some factors that might lead to excess or obsolete inventory?","Changes in business conditions, changes in market conditions, a decrease in product demand, inventory obsolescence due to rapidly changing technology, introduction of new products, less demand for new products, and increased competition.","Situations that may result in excess or obsolete inventory include changes in business conditions, changes in market conditions, a decrease in product demand, inventory obsolescence due to rapidly changing technology, introduction of new products, less demand for new products, and increased competition."
"What are some reasons for potential obsolescence of products in the technology industry?","Rapidly changing technology, shifting customer requirements, introduction of new products leading to lower demand for older products, less demand than expected for newly-introduced products, and increased competition, including competitive pricing actions.","Obsolescence can occur due to rapidly changing technology or customer requirements; the introduction of new products can result in lower demand for older products; there can be less demand than expected for newly-introduced products; and there may be increased competition, including competitive pricing actions."
"What impact can the cancellation or deferral of customer purchase orders have on a company's inventory?","The cancellation or deferral of customer purchase orders can result in a company holding excess inventory, which could adversely affect its gross margins.","The cancellation or deferral of customer purchase orders could result in our holding excess inventory, which could adversely affect our gross margins."
"Why might a company be required to write down its inventory or experience a reduction in average selling prices?","If a company incorrectly forecasts product demand, it may need to write down inventory to the lower of cost or market value, or write-off excess inventory, leading to a reduction in average selling prices.","We could be required to write-down our inventory to the lower of cost or market or write-off excess inventory, and we could experience a reduction in average selling prices if we incorrectly forecast product demand."
"What challenges might a company face if it underestimates customer demand for its products?","If a company underestimates customer demand, its foundry partners may lack the lead-time or capacity to increase production, causing insufficient inventory to fulfill customer orders promptly.","If we underestimate our customers' demand for our products, our foundry partners may not have adequate lead-time or capacity to increase production and we may not be able to obtain sufficient inventory to fill customers' orders on a timely basis."
"Failing to fulfill orders on a timely basis could damage customer relationships, result in loss of revenue and market share, and harm the company's reputation.","If we fail to fulfill our customers' orders on a timely basis, or at all, our customer relationships could be damaged, we could lose revenue and market share and our reputation could be damaged."
"What portion of a company's total revenue did sales to Dell account for in fiscal year 2020?","11% of the company's total revenue in fiscal year 2020 came from sales to Dell.","For fiscal year 2020, 11% of our total revenue was from one customer, Dell."
"What percentage of a company's revenue in fiscal year 2020 was generated from sales outside the United States?","92% of the company's total revenue for fiscal year 2020 was from sales outside the United States.","Revenue from sales outside of the United States accounted for 92% of total revenue for fiscal year 2020."
"What percentage of the employees were located outside of the United States as of January 26, 2020?","Approximately 46%","As of January 26, 2020, approximately 46% of our employees were located outside of the United States."
"What impact could unexpected changes in legislative or regulatory requirements have on a business?","Unexpected changes in legislative or regulatory requirements could have a material adverse effect on a business's financial condition and results of operations.","Unexpected changes in, or impositions of, legislative or regulatory requirements, including changes in tax laws, can have a material adverse effect on our business, financial condition and results of operations."
"How might political tensions affect a global business?","Political tensions could have a material adverse effect on a global business's financial condition and results of operations.","International economic and political conditions, including political tensions between countries in which we do business, could have a material adverse effect on our business, financial condition and results of operations."
"What are some risks associated with acquisitions and strategic investments?","Risks associated with acquisitions and strategic investments include difficulty in combining technologies, diversion of resources, assumption of liabilities, and challenges in obtaining regulatory approvals.","Additional risks related to the Mellanox acquisition, and other acquisitions or strategic investments include difficulty in combining the technology, products, operations or workforce of the acquired business with our business; diversion of capital and other resources; and difficulty in obtaining regulatory, other approvals or financing."
"Why is recruiting highly skilled workers critical to the business's success?","Hiring qualified executives, scientists, engineers, and technical staff is critical to the business's success because the market for such workers is competitive and these employees are crucial for developing and delivering successful products and services.","To be competitive and execute our business strategy successfully, we must attract, retain and motivate our executives and key employees. The market for highly skilled workers and leaders in our industry is extremely competitive. Hiring qualified executives, scientists, engineers, technical staff and research and development personnel is critical to our business."
"What challenges might arise in integrating acquisition targets into an existing business?","Challenges in integrating acquisition targets include combining operations of the acquired business, coordinating in countries not previously operated in, and integrating financial controls and procedures.","Risks associated with acquisitions include combining the technology, products, operations or workforce of the acquired business with our business and coordinating and integrating operations in countries in which we have not previously operated."
"How could failure to manage human resources affect the execution of business strategy?","Failure to attract, retain, and motivate key employees could impair the ability to execute business strategy effectively, leading to challenges in strategic planning and increased operating costs.","If we are unable to attract, retain and motivate our executives and key employees, we may not be able to execute our business strategy effectively. The interpretation and application of employment related laws may result in increased operating costs and less flexibility in how we meet our workforce needs."
"What are the potential costs associated with failing to consummate a proposed acquisition or strategic investment?","The potential costs include expenses related to the failure to complete the acquisition or investment and any ensuing legal proceedings.","Failure and costs associated with the failure to consummate a proposed acquisition or other strategic investment; legal proceedings initiated as a result of an acquisition or investment."
"What could be a consequence if an acquisition does not meet the company's expectations?","The company might need to divest acquired assets if an acquisition does not meet expectations.","The need to later divest acquired assets if an acquisition does not meet our expectations."
"What risk is there if due diligence processes fail during an acquisition?","There is a risk that significant issues with the acquired assets or company may not be identified.","Potential failure of our due diligence processes to identify significant issues with the acquired assets or company."
"How can legal actions to protect intellectual property rights impact a company financially?","Legal actions can result in substantial costs and negatively impact operating results.","Actions to adequately protect our IP rights could result in substantial costs to us and our ability to compete. Such proceedings may increase our operating expenses, which could negatively impact our operating results."
"Why might the company be involved in lawsuits related to intellectual property?","The company might be involved in lawsuits alleging patent infringement or other intellectual property rights violations by itself, its employees, or indemnified parties.","We have in the past, currently are, and may in the future become involved in lawsuits or other legal proceedings alleging patent infringement or other intellectual property rights violations by us, our employees or parties that we have agreed to indemnify."
"How does the variability of operating results affect investor perceptions of a company's future performance?","If operating results fluctuate and fall below expectations, it can lead to a decline in the company's stock price and cause investors to not rely on quarterly comparisons as an indication of future performance.","Our operating results have in the past fluctuated and may in the future fluctuate, and if our operating results are below the expectations of securities analysts or investors, our stock price could decline. Investors should not rely on quarterly comparisons of our results of operations as an indication of our future performance."
"What is a potential effect of significant costs incurred due to infringement claims against the company?","Significant costs can be incurred to respond to, defend, and resolve such claims, diverting management and technical personnel efforts and attention.","Claims that our products or processes infringe the IP rights of others, regardless of their merit, could cause us to incur significant costs to respond to, defend, and resolve such claims, and they may also divert the efforts and attention of management and technical personnel."
"What are some factors that could affect future results of operations for a company?","Factors include the ability to achieve volume production of next-generation products, inability to adjust spending to offset revenue shortfalls, fluctuations in demand for cryptocurrency-related products, changes in timing of product orders, competitive pricing to cover costs, compliance with contractual obligations, higher than expected product return rates, securing safety certifications, supply constraints and cost changes, inventory write-downs, revenue generation from partner network, customer payment issues, customer bad debt write-offs, unanticipated environmental liability costs, unexpected real property costs, changes in financial accounting standards, and macroeconomic or industry events.","Factors affecting future operations include achieving volume production of next-generation products, inability to adjust spending to offset revenue shortfalls, fluctuations in demand for cryptocurrency-related products, changes in timing of product orders, competitive pricing to cover manufacturing costs, compliance with customer obligations, unexpected product return rates due to quality issues, obtaining safety certifications, supply constraints and component cost changes, inventory write-downs, generating revenue from partner networks, customer payment issues, bad debt write-offs, unanticipated environmental liabilities, unexpected costs related to real property ownership, changes in financial standards, and general market or industry factors."
"How could privacy concerns impact a company's reputation and operations?","Privacy concerns could damage the company's reputation, deter users, lead to legal or regulatory proceedings, and result in increased security costs or business disruptions.","Privacy concerns could damage the company's reputation, deter current and potential users, result in liability, legal or regulatory proceedings, significantly increased security costs, reputation damage, business disruption, or increased legal defense costs."
"What are potential penalties for failing to meet GDPR requirements?","Failure to meet GDPR requirements could result in penalties of up to 4% of worldwide revenue.","Failure to meet GDPR requirements may lead to penalties up to 4% of global revenue. GDPR involves new requirements for personal data handling, including its use, protection, and management."
"How do changes in consumer and data protection laws potentially affect a business?","Changes in these laws may require a company to change data practices, incur substantial compliance costs, and face fines if not adhered to.","The interpretation and application of consumer and data protection laws can be uncertain and fluid. Compliance with these changing laws may result in significant costs, fines, or changes in data practices."
"In what way do multinational corporations face tax-related challenges?","Multinational corporations deal with complexities involving income and non-income based taxes across various jurisdictions and require significant judgment in determining tax liabilities, and could be impacted by changes in domestic or international tax laws.","Multinational corporations face income and non-income based taxes in various jurisdictions, requiring significant judgment for tax liabilities. Changes in tax laws can materially impact tax expenses and cash flows."
"Why might a company incur substantial costs related to data compliance?","Substantial costs arise from complying with evolving data protection laws, which may require changes in data handling practices to avoid penalties.","Complying with changing data protection laws causes companies to incur substantial costs as they adapt their data practices to remain compliant and avoid penalties."
"What impact could changes in international tax laws have on a multinational corporation?","Changes in international tax laws could materially impact a multinational corporation's tax expenses and cash flows.","Changes in international tax laws can materially affect tax expenses and cash flows for multinational corporations, as seen with the passage of the Tax Cuts and Jobs Act in fiscal year 2018."
"What can impact a company's future effective tax rate?","Factors such as changes in tax laws, changes in business or statutory rates, jurisdictions where profits are considered earned and taxed, availability of tax credits, resolution of tax audit issues, changes in accounting principles, adjustments after tax returns are finalized, expenses not deductible for tax purposes, valuation of deferred tax assets and liabilities, interpretation of current laws, stock-based compensation accounting, and overall income levels before tax can affect a company's future effective tax rate.","Our future effective tax rate may be affected by such factors as changes in tax laws, changes in our business or statutory rates, changes in jurisdictions in which our profits are determined to be earned and taxed, changes in available tax credits, the resolution of issues arising from tax audits, changes in United States generally accepted accounting principles, adjustments to income taxes upon finalization of tax returns, increases in expenses not deductible for tax purposes, changes in the valuation of our deferred tax assets and liabilities and in deferred tax valuation allowances, changing interpretation of existing laws or regulations, the impact of accounting for stock-based compensation and the recognition of excess tax benefits and tax deficiencies within the income tax provision in the period in which they occur, the impact of accounting for business combinations, shifts in the amount of earnings in the United States compared with other regions in the world and overall levels of income before tax."
"How might litigation affect a company's business operations?","Litigation could lead to monetary damages, injunctions affecting product manufacturing or sales, changes to business practices, and other compulsory remedies. It can also be costly, time-consuming, and disrupt operations regardless of the outcome.","Litigation and regulatory proceedings are inherently uncertain, and adverse rulings could occur, including monetary damages, or an injunction stopping us from manufacturing or selling certain products, engaging in certain business practices, or requiring other remedies, such as compulsory licensing of patents. An unfavorable outcome or settlement may result in a material adverse impact on our business, results of operations, financial position, and overall trends. In addition, regardless of the outcome, litigation can be costly, time-consuming, and disruptive to our operations."
"What are some provisions in a company's certificate of incorporation and bylaws that could prevent a change in control?","Provisions include the Board of Directors' ability to issue preferred stock without approval, prohibition of action by written consent, advance notice requirements for nominations and proposals, changes in directors without approval, super-majority voting requirements for amendments, inability to call special meetings, and Board control over bylaws.","Our certificate of incorporation and bylaws contain provisions that could make it more difficult for a third party to acquire a majority of our outstanding voting stock. These provisions include the ability of our Board of Directors to create and issue preferred stock without prior shareholder approval; the prohibition of shareholder action by written consent; advance notice requirements for director nominations and shareholder proposals; the ability of our Board of Directors to increase or decrease the number of directors without shareholder approval; a super-majority voting requirement to amend some provisions in our certificate of incorporation and bylaws; the inability of our shareholders to call special meetings of shareholders; and the ability of our Board of Directors to make, amend or repeal our bylaws."
"What agreement was entered into with Microsoft in March 2000, and how does it affect potential stock purchases?","An agreement was signed to develop and sell graphics chips and license technology for the Xbox. If someone offers to purchase 30% or more of common stock, Microsoft has first and last rights of refusal to buy the shares.","On March 5, 2000, we entered into an agreement with Microsoft in which we agreed to develop and sell graphics chips and to license certain technology to Microsoft and its licensees for use in the Xbox. Under the agreement, if an individual or corporation makes an offer to purchase shares equal to or greater than 30% of the outstanding shares of our common stock, Microsoft may have first and last rights of refusal to purchase the stock."
"How can changes in United States federal, state, or international tax laws impact multinational corporations?","Changes in tax laws can materially impact multinational corporations' tax expenses and cash flows.","Further, changes in United States federal, and state or international tax laws applicable to multinational corporations or other fundamental law changes may materially impact our tax expense and cash flows, as we experienced in fiscal year 2018 with the passage of the Tax Cuts and Jobs Act, or TCJA."
"What are some risks associated with a company's status as a Delaware corporation?","As a Delaware corporation, there are anti-takeover provisions that discourage or prevent changes in control, such as restrictions on engaging in business combinations with interested shareholders.","Our status as a Delaware corporation and the anti-takeover provisions of the Delaware General Corporation Law may discourage, delay, or prevent a change in control by prohibiting us from engaging in a business combination with an interested shareholder for a period of three years after the person becomes an interested shareholder."
"What examples are given regarding legal challenges faced by the company?","Legal challenges include securities litigation claims regarding statements about channel inventory and the impact of cryptocurrency mining on GPU demand, and a derivative lawsuit against board members and officers about similar statements.","For example, multiple securities litigation claims have recently been filed against us and certain of our officers based on the dissemination of allegedly false and misleading statements related to channel inventory and the impact of cryptocurrency mining on GPU demand. In addition, a stockholder, purporting to act on behalf of the Company, filed a derivative lawsuit seeking to assert claims on behalf of the Company against the members of our board of directors and certain officers based on the dissemination of allegedly false and misleading statements related to channel inventory and the impact of cryptocurrency mining on GPU demand."
"What rights does Microsoft have if an individual or corporation offers to purchase shares equal to or greater than 30% of NVIDIA's outstanding common stock?","Microsoft has first and last rights of refusal to purchase the stock.","Under the agreement, if an individual or corporation makes an offer to purchase shares equal to or greater than 30% of the outstanding shares of our common stock, Microsoft may have first and last rights of refusal to purchase the stock."
"What effect might the Microsoft provision have on a change in control of NVIDIA?","The Microsoft provision could delay or prevent a change in control of NVIDIA.","The Microsoft provision and the other factors listed above could also delay or prevent a change in control of NVIDIA."
"How could NVIDIA's provisions impact proxy contests?","The provisions could discourage proxy contests.","These provisions could also discourage proxy contests and make it more difficult for shareholders to elect directors of their choosing and to cause us to take other corporate actions they desire."
"What challenge might shareholders face due to the provisions in the agreement with Microsoft?","Shareholders might find it more difficult to elect directors of their choosing and to cause NVIDIA to take other corporate actions they desire.","These provisions could also discourage proxy contests and make it more difficult for shareholders to elect directors of their choosing and to cause us to take other corporate actions they desire."
"What percentage of outstanding shares triggers Microsoft's rights under the agreement?","30% or greater of the outstanding shares of NVIDIA's common stock.","Under the agreement, if an individual or corporation makes an offer to purchase shares equal to or greater than 30% of the outstanding shares of our common stock, Microsoft may have first and last rights of refusal to purchase the stock."
"What could provisions in the agreement discourage besides proxy contests?","Provisions could make it more difficult for shareholders to elect directors of their choosing.","These provisions could also discourage proxy contests and make it more difficult for shareholders to elect directors of their choosing and to cause us to take other corporate actions they desire."
"Who may have rights under the agreement if an offer to purchase a significant portion of NVIDIA's shares is made?","Microsoft may have rights under the agreement.","Under the agreement, if an individual or corporation makes an offer to purchase shares equal to or greater than 30% of the outstanding shares of our common stock, Microsoft may have first and last rights of refusal to purchase the stock."
"What is the status of unresolved staff comments in Item 1B?","Not applicable.","ITEM 1B. UNRESOLVED STAFF COMMENTS Not applicable."
"Are there any unresolved staff comments noted in Item 1B?","No, there are no unresolved staff comments as indicated by 'Not applicable.'","ITEM 1B. UNRESOLVED STAFF COMMENTS Not applicable."
"Where is the headquarters complex of the company located?","Santa Clara, California","Our headquarters complex is located in Santa Clara, California."
"How many commercial buildings does the company lease in its headquarters complex?","Twelve commercial buildings","It includes twelve leased commercial buildings totaling 1,093,529 square feet."
"What is the square footage of the real property owned by the company in its headquarters complex?","720,046 square feet","Our owned property consists of two commercial buildings and a building under construction."
"What is the intended purpose of the building owned by the company in Hyderabad, India?","Research and development center","Outside of the United States, we own a building in Hyderabad, India, that is being used primarily as a research and development center."
"Where are the company's leased international facilities primarily located?","In Asia and Europe","We also lease facilities in various international locations that are used as research and development centers and/or sales and administrative offices. These leased facilities are located primarily in Asia and Europe."
"When is the construction of the building in the headquarters complex targeted for completion?","Fiscal year 2022","The construction is targeted for completion in fiscal year 2022."
"For how long does the company believe it has sufficient facilities to conduct its operations?","The next twelve months","We believe that we currently have sufficient facilities to conduct our operations for the next twelve months."
"What item in the Annual Report on Form 10-K contains information about legal proceedings?","ITEM 3 in the Annual Report on Form 10-K contains information about legal proceedings.","ITEM 3. LEGAL PROCEEDINGS Please see Note 13 of the Notes to the Consolidated Financial Statements in Part IV, Item 15 of this Annual Report on Form 10-K for a discussion of our legal proceedings."
"Where can detailed discussions of the legal proceedings be found in the Annual Report on Form 10-K?","Detailed discussions of the legal proceedings can be found in Note 13 of the Notes to the Consolidated Financial Statements in Part IV, Item 15.","ITEM 3. LEGAL PROCEEDINGS Please see Note 13 of the Notes to the Consolidated Financial Statements in Part IV, Item 15 of this Annual Report on Form 10-K for a discussion of our legal proceedings."
"How is ITEM 4. MINE SAFETY DISCLOSURES described in the text?","Not applicable.","ITEM 4. MINE SAFETY DISCLOSURES is described as not applicable in the text."
"What information is provided under ITEM 4 regarding mine safety?","Not applicable.","Under ITEM 4. MINE SAFETY DISCLOSURES, the information provided is that it is not applicable."
"Which part of the document follows the mine safety disclosures section?","PART II","The mine safety disclosures section labeled ITEM 4 is followed by PART II in the document."
"Does ITEM 4 provide any specific details on mine safety?","No, ITEM 4 is marked as not applicable, indicating it provides no specific details on mine safety.","ITEM 4. MINE SAFETY DISCLOSURES is marked as not applicable, indicating no specific details are provided."
"What item number covers mine safety disclosures in the text?","ITEM 4.","Mine safety disclosures are covered under ITEM 4. in the text, which is noted as not applicable."
"What follows immediately after ITEM 4 in the document?","PART II","After ITEM 4. MINE SAFETY DISCLOSURES, the document continues with PART II."
"Under what market symbol is NVIDIA's common stock traded?","NVDA","Our common stock is traded on the Nasdaq Global Select Market under the symbol NVDA. Public trading of our common stock began on January 22, 1999."
"When did NVIDIA's common stock begin public trading?","January 22, 1999","Public trading of our common stock began on January 22, 1999. Prior to that, there was no public market for our common stock."
"How many registered shareholders did NVIDIA have as of February 14, 2020, excluding those held in street or nominee name?","Approximately 301 registered shareholders","As of February 14, 2020, we had approximately 301 registered shareholders, not including those shares held in street or nominee name."
"What was the total cost of NVIDIA's repurchased shares under their program up to January 26, 2020?","$7.08 billion","Since the inception of our share repurchase program, we have repurchased an aggregate of 260 million shares for a total cost of $7.08 billion through January 26, 2020."
"What amount of shares is NVIDIA authorized to repurchase through December 2022, subject to certain specifications?","Up to $7.24 billion","As of January 26, 2020, we are authorized, subject to certain specifications, to repurchase shares of our common stock up to $7.24 billion through December 2022."
"How much did NVIDIA intend to return to shareholders by the end of fiscal year 2020, as communicated in November 2018?","$3.00 billion","In November 2018, we communicated our intent to return $3.00 billion to shareholders by the end of fiscal year 2020, including $700 million in share repurchases made during the fourth quarter of fiscal year 2019."
"What cost did NVIDIA incur through net share settlements for tax withholding during fiscal year 2020?","$551 million","During fiscal year 2020, we withheld approximately 3 million shares at a total cost of $551 million through net share settlements."
"How many weeks were in fiscal year 2016 for the company?","53 weeks","We operate on a 52- or 53-week year, ending on the last Sunday in January. Fiscal year 2016 was a 53-week year."
"What was the company's revenue for the fiscal year ending January 26, 2020?","$10,918 million","Year Ended January 26,2020: Revenue $10,918 million."
"$13,292 million","Total assets as of January 27, 2019 were $13,292 million."
"$6.81","Net income per share Basic: January 27, 2019 $6.81."
"What was the company's cash dividends declared and paid per common share in fiscal year 2018?","$0.570","Cash dividends declared and paid per common share: January 28, 2018 $0.570."
"How much debt obligation did the company have as of January 31, 2016?","$1,413 million","Debt obligations as of January 31, 2016 were $1,413 million."
"$1,666 million","Net income for the fiscal year ending January 29, 2017 was $1,666 million."
"When did the adoption of the accounting standards update regarding accounting for leases occur?","In fiscal year 2020","In fiscal year 2020, we adopted the accounting standards update regarding the accounting for leases under which lease assets and liabilities are recognized on the balance sheet."
"What change was made regarding lease accounting in fiscal year 2020 by the company?","Adoption of the accounting standards update which requires lease assets and liabilities to be recognized on the balance sheet.","In fiscal year 2020, we adopted the accounting standards update regarding the accounting for leases under which lease assets and liabilities are recognized on the balance sheet."
"What was the annual cash dividend per share in 2015 after the increase in May?","$0.39 per share on an annual basis","In May 2015, we increased the quarterly cash dividend from $0.085 per share, or $0.34 per share on an annual basis, to $0.0975 per share, or $0.39 per share on an annual basis."
"How much was the quarterly cash dividend increased to in November 2015?","$0.115 per share","In November 2015, we increased the quarterly cash dividend to $0.115 per share, or $0.46 per share on an annual basis."
"By how much was the annual dividend per share increased in November 2017?","Increased to $0.60 per share on an annual basis","In November 2017, we increased the quarterly cash dividend to $0.15 per share, or $0.60 per share on an annual basis."
"What was the quarterly cash dividend per share in November 2018?","$0.16 per share","In November 2018, we increased the quarterly cash dividend to $0.16 per share, or $0.64 per share on an annual basis."
"What are the details of the quarterly cash dividend increases from 2015 to 2018?","In May 2015, increased to $0.0975 per share (annual $0.39). In November 2015, increased to $0.115 (annual $0.46). In November 2016, increased to $0.14 (annual $0.56). In November 2017, increased to $0.15 (annual $0.60). In November 2018, increased to $0.16 (annual $0.64).","In May 2015, we increased the quarterly cash dividend from $0.085 per share, or $0.34 per share on an annual basis, to $0.0975 per share, or $0.39 per share on an annual basis. In November 2015, we increased the quarterly cash dividend to $0.115 per share, or $0.46 per share on an annual basis. In November 2016, we increased the quarterly cash dividend to $0.14 per share, or $0.56 per share on an annual basis. In November 2017, we increased the quarterly cash dividend to $0.15 per share, or $0.60 per share on an annual basis. In November 2018, we increased the quarterly cash dividend to $0.16 per share, or $0.64 per share on an annual basis."
"What were NVIDIA's revenue and net income for fiscal year 2020?","Revenue was $10.92 billion and net income was $2.80 billion.","Revenue for fiscal year 2020 was $10.92 billion, down 7% from a year earlier. Net income for fiscal year 2020 was $2.80 billion, down 32% from a year earlier reflecting lower revenue and higher operating expenses."
"Tesla and DGX","Our GPU product brands are aimed at specialized markets including GeForce for gamers; Quadro for designers; Tesla and DGX for AI data scientists and big data researchers; and GRID for cloud-based visual computing users."
"By what percentage did NVIDIA's gaming revenue decline in fiscal year 2020 compared to the previous year?","12%","Gaming revenue was $5.52 billion, down 12% from a year ago, reflecting lower sales of GeForce desktop GPUs and SoCs for gaming platforms, partially offset by growth in GeForce notebook GPUs."
"What was the reason for the decrease in NVIDIA's OEM and Other revenue in fiscal year 2020?","The decrease was primarily due to the absence of cryptocurrency-specific product sales.","OEM and Other revenue was $505 million, down 34% from a year ago, primarily due to the absence of cryptocurrency-specific product sales."
"Which market platform experienced a 9% revenue growth in NVIDIA's fiscal year 2020?","Automotive","Automotive revenue was $700 million, up 9% from a year ago, reflecting growth in AI cockpit solutions and development services agreements."
"What were NVIDIA's operating expenses for fiscal year 2020 and how did they compare to the previous year?","Operating expenses were $3.92 billion, up 16% from the previous year.","Operating expenses for fiscal year 2020 were $3.92 billion, up 16% from a year ago, reflecting primarily employee additions and increases in employee compensation and other related costs, including stock-based compensation and infrastructure costs."
"What significant action did NVIDIA decide on March 10, 2019, concerning Mellanox Technologies?","NVIDIA entered an Agreement and Plan of Merger to acquire all issued and outstanding common shares of Mellanox for $125 per share in cash, representing a total enterprise value of approximately $6.9 billion.","On March 10, 2019, we entered into an Agreement and Plan of Merger, or the Merger Agreement, with Mellanox Technologies Ltd., or Mellanox, pursuant to which we will acquire all of the issued and outstanding common shares of Mellanox for $125 per share in cash, representing a total enterprise value of approximately $6.9 billion as of the date of the Merger Agreement."
"What is the cash purchase price per share agreed upon for the acquisition of Mellanox Technologies Ltd.?","$125 per share","On March 10, 2019, we entered into an Agreement and Plan of Merger, or the Merger Agreement, with Mellanox Technologies Ltd., or Mellanox, pursuant to which we will acquire all of the issued and outstanding common shares of Mellanox for $125 per share in cash."
"What is the total enterprise value of the Mellanox acquisition?","Approximately $6.9 billion","We will acquire all of the issued and outstanding common shares of Mellanox for $125 per share in cash, representing a total enterprise value of approximately $6.9 billion as of the date of the Merger Agreement."
"They approved the consummation of the merger.","In June 2019, Mellanox shareholders approved the consummation of the merger."
"What regulatory approvals were obtained for the Mellanox acquisition and when?","Regulatory approvals were obtained from Mexico in July 2019 and from the European Commission in December 2019.","We received regulatory approvals for the deal from Mexico in July 2019 and from the European Commission in December 2019."
"What will happen if the Merger Agreement with Mellanox is terminated due to failure to obtain required regulatory approvals?","We could be obligated to pay Mellanox a termination fee of $350 million.","If the Merger Agreement is terminated under certain circumstances involving the failure to obtain the required regulatory approvals, we could be obligated to pay Mellanox a termination fee of $350 million."
"How much cash, cash equivalents, and marketable securities did the company have as of January 26, 2020?","$10.90 billion","Cash, cash equivalents and marketable securities were $10.90 billion as of January 26, 2020."
"What impact is the coronavirus expected to have on the company's financial results?","The coronavirus is expected to have a negative effect, though the full extent and duration are uncertain and could have a material negative impact on the business.","The coronavirus is expected to have a negative effect on our financial results, though the full extent and duration is uncertain and could have a material negative impact on our business."
"What collaboration was announced in the context of 5G RAN technology?","A collaboration to deliver software-defined 5G RAN was announced.","to build efficient, virtualized 5G RANs; announced a collaboration to deliver software-defined 5G RAN; and announced that Alibaba and Baidu’s recommendation engines run on NVIDIA AI."
"With which company did the NVIDIA Tegra Processor Business partner to develop self-driving vehicles?","Toyota Research Institute-Advanced Development","Tegra Processor Business In our Automotive platform, we announced a partnership with Toyota Research Institute-Advanced Development to develop, train and validate self-driving vehicles."
"What is the NVIDIA DRIVE AP2X?","The NVIDIA DRIVE AP2X is an automated driving solution that encompasses DRIVE AutoPilot software, DRIVE AGX, and DRIVE validation tools.","Tegra Processor Business...unveiled the NVIDIA DRIVE AP2X automated driving solution, encompassing DRIVE AutoPilot software, DRIVE AGX and DRIVE validation tools."
"What critical accounting policy affects significant judgments and estimates in financial statement preparation?","Inventories","We believe the following critical accounting policies affect our significant judgments and estimates used in the preparation of our consolidated financial statements. Inventories..."
"How is inventory cost computed in the context of NVIDIA's accounting policies?","Inventory cost is computed on an adjusted standard basis, approximating actual cost on an average or first-in, first-out basis.","Inventories Inventory cost is computed on an adjusted standard basis, which approximates actual cost on an average or first-in, first-out basis."
"What factors may lead to excess or obsolete inventory according to NVIDIA's evaluation?","Excess or obsolete inventory may result from changes in business and economic conditions, market conditions, demand for products, technology changes, customer requirements, improper demand estimations, or competitive pricing actions.","Situations that may result in excess or obsolete inventory include changes in business and economic conditions, changes in market conditions, sudden and significant decreases in demand for our products, inventory obsolescence because of changing technology and customer requirements, failure to estimate customer demand properly, or unexpected competitive pricing actions by our competition."
"What method is used by NVIDIA to determine revenue recognition from product sales?","NVIDIA determines revenue recognition through steps including identification of the contract and performance obligations, transaction price determination, allocation of the transaction price, and recognition of revenue upon satisfaction of performance obligations.","Revenue Recognition We derive our revenue from product sales...We determine revenue recognition through the following steps: (1) identification of the contract with a customer; (2) identification of the performance obligations in the contract; (3) determination of the transaction price; (4) allocation of the transaction price to the performance obligations in the contract; and (5) recognition of revenue when, or as, we satisfy a performance obligation."
"What are customer programs and how do they affect revenue?","Customer programs involve rebates as sales incentives and marketing development funds (MDFs) for market development. They reduce revenue and are accrued based on expected claims by customers.","Our customer programs involve rebates, which are designed to serve as sales incentives to resellers of our products in various target markets, and marketing development funds, or MDFs, which represent monies paid to our partners that are earmarked for market segment development and are designed to support our partners’ activities while also promoting NVIDIA products. We account for customer programs as a reduction to revenue and accrue for potential rebates and MDFs based on the amount we expect to be claimed by customers."
"How does the company recognize revenue from license and development arrangements?","The company recognizes revenue from license and development arrangements as a single performance obligation over the period in which development services are performed, measuring progress based on the cost incurred to date as a percentage of the estimated total cost.","Our license and development arrangements with customers typically require significant customization of our intellectual property components. As a result, we recognize the revenue from the license and the revenue from the development services as a single performance obligation over the period in which the development services are performed. We measure progress to completion based on actual cost incurred to date as a percentage of the estimated total cost required to complete each project."
"What changes might affect the company's estimates of deferred tax assets and liabilities?","Changes in accounting standards, tax laws in the U.S. or foreign jurisdictions, or changes in other facts or circumstances may affect the company's estimates of deferred tax assets and liabilities.","Our estimates of deferred tax assets and liabilities may change based, in part, on added certainty or finality to an anticipated outcome, changes in accounting standards or tax laws in the United States, or foreign jurisdictions where we operate, or changes in other facts or circumstances."
"What is the company's policy regarding interest and penalties related to unrecognized tax benefits?","The company's policy is to include interest and penalties related to unrecognized tax benefits as a component of income tax expense.","Our policy is to include interest and penalties related to unrecognized tax benefits as a component of income tax expense."
"What is the company's approach to testing goodwill for impairment?","The company conducts an annual impairment test during the fourth quarter using either a qualitative or quantitative assessment, comparing the fair value of the reporting unit to its carrying value. They perform judgments and assumptions in this process that are inherently uncertain.","Goodwill is subject to our annual impairment test during the fourth quarter of our fiscal year, or earlier, if indicators of potential impairment exist, using either a qualitative or a quantitative assessment. Our impairment review process compares the fair value of the reporting unit in which the goodwill resides to its carrying value."
"What are the two reporting units identified for goodwill analysis?","The two reporting units identified for goodwill analysis are the GPU and Tegra Processor.","We have identified two reporting units, GPU and Tegra Processor, for the purposes of completing our goodwill analysis."
"What was the goodwill assigned to the GPU and Tegra Processor reporting units as of January 26, 2020?","As of January 26, 2020, the goodwill assigned was $210 million for GPU and $408 million for Tegra Processor.","Goodwill assigned to the GPU and Tegra Processor reporting units as of January 26, 2020 was $210 million and $408 million, respectively."
"What percentage of revenue did research and development expenses account for in the fiscal year 2020?","25.9%","Research and development expenses accounted for 25.9% of revenue in fiscal year 2020."
"$710 million","GPU business revenue was $9,465 million in fiscal year 2020 compared to $10,175 million in fiscal year 2019, showing a decrease of $710 million."
"$1,453 million","Tegra Processor business revenue was $1,453 million in fiscal year 2020."
"What percentage of NVIDIA's total revenue for fiscal year 2020 was generated from sales to customers outside the United States?","92%","Revenue from sales to customers outside of the United States accounted for 92% of total revenue for fiscal year 2020."
"What was NVIDIA's gross margin for fiscal year 2019?","61.2%","The gross margin for fiscal year 2019 was 61.2%."
"By what percentage did GeForce GPU product sales for gaming decrease in fiscal year 2020?","10%","GeForce GPU product sales for gaming decreased by 10% in fiscal year 2020."
"Which customer represented approximately 11% of NVIDIA's total revenue for fiscal year 2020?","Dell","Dell represented approximately 11% of NVIDIA's total revenue for fiscal year 2020, attributable to the GPU business."
"62.0%","Our overall gross margin was 62.0% and 61.2% for fiscal years 2020 and 2019, respectively."
"What was the primary driver for the increase in gross margin in fiscal year 2020 compared to 2019?","Reduced inventory provisions and the sale of previously written-off components.","The increase in fiscal year 2020 was driven by reduced inventory provisions and the sale of previously written-off components."
"How much did inventory provisions total for fiscal years 2020 and 2019?","$161 million in 2020 and $270 million in 2019.","Inventory provisions totaled $161 million and $270 million for fiscal years 2020 and 2019, respectively."
"What was the total sales value of inventory that was previously written-off in fiscal year 2020?","$145 million","Sales of inventory that was previously written-off or written-down totaled $145 million in fiscal year 2020."
"19%","Research and development expenses increased by 19% in fiscal year 2020 compared to fiscal year 2019."
"What were the interest income amounts for fiscal years 2020 and 2019?","$178 million in 2020 and $136 million in 2019.","Interest income was $178 million and $136 million in fiscal years 2020 and 2019, respectively."
"5.9%","Our annual effective tax rate was 5.9% for fiscal year 2020."
"$782 million","As of January 27, 2019, the amount of cash and cash equivalents was $782 million."
"How did the cash provided by operating activities change from fiscal year 2019 to fiscal year 2020?","It increased, primarily due to changes in working capital driven by a reduction in inventory, partially offset by a decrease in operating income.","Cash provided by operating activities increased in fiscal year 2020 compared to fiscal year 2019, primarily due to changes in working capital driven by a reduction in inventory, partially offset by a decrease in operating income."
"What was the company's cash, cash equivalents, and marketable securities as of January 26, 2020?","$10.90 billion","As of January 26, 2020, we had $10.90 billion in cash, cash equivalents and marketable securities, an increase of $3.48 billion from the end of fiscal year 2019."
"What are the components of marketable securities held by the company?","Debt securities issued by the United States government and its agencies, highly rated corporations and financial institutions, asset-backed issuers, and foreign government entities.","Our marketable securities consist of debt securities issued by the United States government and its agencies, highly rated corporations and financial institutions, asset-backed issuers, and foreign government entities. These marketable securities are denominated in United States dollars."
"What is the expected capital investment amount for fiscal year 2021?","Approximately $700 million to $900 million.","During fiscal year 2021, we expect our capital investment to be approximately $700 million to $900 million to fund property and equipment including construction of a new building at our Santa Clara campus."
"What were the sources of cash used in investing activities in fiscal year 2020 compared to fiscal year 2019?","Lower purchases, higher sales, and lower maturities of marketable securities in preparation for the acquisition of Mellanox.","Cash used in investing activities decreased in fiscal year 2020 compared to fiscal year 2019, primarily due to lower purchases, higher sales, and lower maturities of marketable securities in preparation for the acquisition of Mellanox."
"How much debt does the company have outstanding as of January 26, 2020?","$1.00 billion of Notes due 2021 and $1.00 billion of Notes due 2026, totaling $2.00 billion.","We have outstanding $1.00 billion of Notes due 2021 and $1.00 billion of Notes due 2026, collectively, the Notes. As of January 26, 2020, we had not borrowed any amounts under this agreement."
"What is the total amount available for revolving loan commitments and the commercial paper program for general corporate purposes?","$575 million for the commercial paper program and up to $425 million for revolving loan commitments.","The text states that there is $575 million for general corporate purposes and the ability to obtain revolving loan commitments up to $425 million. This is supported by a $575 million commercial paper program."
"As of January 26, 2020, how much had been borrowed under the agreement for revolving loan commitments?","Nothing had been borrowed.","The content specifies that as of January 26, 2020, no amounts had been borrowed under the revolving loan commitments agreement."
"What was the amount of long-term debt as of January 26, 2020?","$2,248 million.","Long-term debt is summarized as $2,248 million, which includes both principal and interest payments."
"What was the total amount of contractual obligations as of January 26, 2020?","$4,714 million.","The contractual obligations totaled $4,714 million as summarized in the provided information."
"What payments are due for the transition tax payable over the next several fiscal years?","The next installment of $33 million is classified as a current income tax payable. Remaining payments will be 8% yearly through 2023, 15% in 2024, 20% in 2025, and 25% in 2026.","The transition tax payable includes a current payment of $33 million, with future payments structured across several years with varying percentages."
"How much were the obligations from operating leases as of January 26, 2020?","$773 million.","Operating lease obligations amounted to $773 million, as stated in the contractual obligations summary."
"What amount is classified as unrecognized tax benefits, and why is it excluded from the table?","$211 million, because the timing of payments is uncertain.","Unrecognized tax benefits total $211 million, which includes $180 million and related interest of $31 million, excluded due to uncertainty in timing."
"What type of investment and interest rate risk is the company exposed to?","Interest rate risk related to a floating and fixed-rate investment portfolio and outstanding debt.","We are exposed to interest rate risk related to our floating and fixed-rate investment portfolio and outstanding debt."
"How is the company's investment portfolio managed?","It is managed consistent with the overall liquidity strategy in support of both working capital needs and strategic growth of the businesses.","The investment portfolio is managed consistent with our overall liquidity strategy in support of both working capital needs and strategic growth of our businesses."
"What would be the impact of a 0.5% parallel shift in the yield curve on the company's financial investments?","Changes in fair values for these investments of $1 million.","According to our analysis, parallel shifts in the yield curve of both plus or minus 0.5% would result in changes in fair values for these investments of $1 million."
"What amount was issued in Notes by the company in fiscal year 2017, and when are they due?","$1.00 billion of the Notes Due 2021 and $1.00 billion of the Notes Due 2026 were issued.","In fiscal year 2017, we issued $1.00 billion of the Notes Due 2021 and $1.00 billion of the Notes Due 2026."
"How does the company manage foreign exchange rate risk related to monetary assets and liabilities?","By using foreign currency forward contracts that are not designated for hedge accounting treatment, and the change in fair value is recorded in other income or expense.","We also use foreign currency forward contracts to mitigate the impact of foreign currency movements on monetary assets and liabilities that are denominated in currencies other than U.S. dollar. These forward contracts were not designated for hedge accounting treatment. Therefore, the change in fair value of these contracts is recorded in other income or expense."
"What impact does foreign exchange rate fluctuation have on the company's net income?","The impact was not significant for fiscal years 2020 and 2019.","The impact of foreign currency transaction gain or loss included in determining net income was not significant for fiscal years 2020 and 2019."
"How does the company benefit from changes in the value of the U.S. dollar in relation to its operating expenses?","Operating expenses benefit from a stronger dollar and are adversely affected by a weaker dollar.","Our operating expenses benefit from a stronger dollar and are adversely affected by a weaker dollar."
"Item 8.","Item 8. Financial Statements and Supplementary Data section includes the Consolidated Financial Statements and Notes in the Annual Report on Form 10-K."
"Were there any changes in accountants on accounting in the discussed section?","No","ITEM 9. CHANGES IN AND DISAGREEMENTS WITH ACCOUNTANTS ON ACCOUNTING AND FINANCIAL DISCLOSURE None."
"What disagreements were reported with accountants on accounting and financial disclosure?","None","ITEM 9. CHANGES IN AND DISAGREEMENTS WITH ACCOUNTANTS ON ACCOUNTING AND FINANCIAL DISCLOSURE None."
"What is reported in the section about changes in accountants?","None","ITEM 9. CHANGES IN AND DISAGREEMENTS WITH ACCOUNTANTS ON ACCOUNTING AND FINANCIAL DISCLOSURE None."
"Was there any issued disagreement with accountants regarding accounting methods?","No","ITEM 9. CHANGES IN AND DISAGREEMENTS WITH ACCOUNTANTS ON ACCOUNTING AND FINANCIAL DISCLOSURE None."
"Is there any mention of changes in accounting and financial disclosure disagreements in this section?","No, there are no changes or disagreements mentioned.","ITEM 9. CHANGES IN AND DISAGREEMENTS WITH ACCOUNTANTS ON ACCOUNTING AND FINANCIAL DISCLOSURE None."
"What conclusion did the management, including the CEO and CFO, reach about the disclosure controls and procedures as of January 26, 2020?","The management concluded that the disclosure controls and procedures were effective to provide reasonable assurance.","Based on their evaluation as of January 26, 2020, our management, including our Chief Executive Officer and Chief Financial Officer, has concluded that our disclosure controls and procedures (as defined in Rule 13a-15(e) under the Securities Exchange Act of 1934, as amended, or the Exchange Act) were effective to provide reasonable assurance."
"Who is responsible for establishing and maintaining adequate internal control over financial reporting?","Management is responsible for establishing and maintaining adequate internal control over financial reporting.","Our management is responsible for establishing and maintaining adequate internal control over financial reporting, as such term is defined in Exchange Act Rule 13a-15(f)."
"What criteria were used to evaluate the effectiveness of internal control over financial reporting as of January 26, 2020?","The criteria set forth in Internal Control - Integrated Framework (2013) issued by the Committee of Sponsoring Organizations of the Treadway Commission.","We conducted an evaluation of the effectiveness of our internal control over financial reporting as of January 26, 2020 based on the criteria set forth in Internal Control - Integrated Framework (2013) issued by the Committee of Sponsoring Organizations of the Treadway Commission."
"What was the conclusion of management regarding the internal control over financial reporting as of January 26, 2020?","The management concluded that the internal control over financial reporting was effective as of January 26, 2020.","Based on our evaluation under the criteria set forth in Internal Control — Integrated Framework, our management concluded that our internal control over financial reporting was effective as of January 26, 2020."
"PricewaterhouseCoopers LLP, an independent registered public accounting firm, audited the effectiveness.","The effectiveness of our internal control over financial reporting as of January 26, 2020 has been audited by PricewaterhouseCoopers LLP, an independent registered public accounting firm, as stated in its report which is included herein."
"Were there any changes in the internal control over financial reporting during the last fiscal quarter that affected its effectiveness?","No, there were no changes that have materially affected, or are reasonably likely to materially affect, the internal control over financial reporting.","There were no changes in our internal control over financial reporting during our last fiscal quarter that have materially affected, or are reasonably likely to materially affect, our internal control over financial reporting."
"What limitations do management acknowledge exist in the effectiveness of controls?","Management acknowledges that controls cannot prevent all error and all fraud and can only provide reasonable assurance, not absolute assurance, due to systemic resource constraints.","Our management, including our Chief Executive Officer and Chief Financial Officer, does not expect that our disclosure controls and procedures or our internal controls, will prevent all error and all fraud. A control system, no matter how well conceived and operated, can provide only reasonable, not absolute, assurance that the objectives of the control system are met."
"ITEM 9B.  OTHER INFORMATION None."
"Why is certain information from Part III omitted from the report?","The information is omitted because a definitive proxy statement will be filed with the SEC pursuant to Regulation 14A no later than 120 days after the end of fiscal year 2020, and certain information included therein is incorporated by reference.","PART III Certain information required by Part III is omitted from this report because we will file with the SEC a definitive proxy statement pursuant to Regulation 14A, or the 2020 Proxy Statement, no later than 120 days after the end of fiscal year 2020, and certain information included therein is incorporated herein by reference."
"What securities regulation is referenced for filing the definitive proxy statement?","Regulation 14A","PART III Certain information required by Part III is omitted from this report because we will file with the SEC a definitive proxy statement pursuant to Regulation 14A, or the 2020 Proxy Statement, no later than 120 days after the end of fiscal year 2020, and certain information included therein is incorporated herein by reference."
"By when will the definitive proxy statement be filed with the SEC?","No later than 120 days after the end of fiscal year 2020","PART III Certain information required by Part III is omitted from this report because we will file with the SEC a definitive proxy statement pursuant to Regulation 14A, or the 2020 Proxy Statement, no later than 120 days after the end of fiscal year 2020, and certain information included therein is incorporated herein by reference."
"What is the designation of the proxy statement that will be filed?","2020 Proxy Statement","PART III Certain information required by Part III is omitted from this report because we will file with the SEC a definitive proxy statement pursuant to Regulation 14A, or the 2020 Proxy Statement, no later than 120 days after the end of fiscal year 2020, and certain information included therein is incorporated herein by reference."
"Which part contains information incorporated by reference from the 2020 Proxy Statement?","Part III","PART III Certain information required by Part III is omitted from this report because we will file with the SEC a definitive proxy statement pursuant to Regulation 14A, or the 2020 Proxy Statement, no later than 120 days after the end of fiscal year 2020, and certain information included therein is incorporated herein by reference."
"What action is linked to the incorporation of certain information by reference in Part III?","Filing a definitive proxy statement with the SEC","PART III Certain information required by Part III is omitted from this report because we will file with the SEC a definitive proxy statement pursuant to Regulation 14A, or the 2020 Proxy Statement, no later than 120 days after the end of fiscal year 2020, and certain information included therein is incorporated herein by reference."
"Where can information about directors for the company be found?","Information about directors can be found in the 2020 Proxy Statement under the caption “Proposal 1 - Election of Directors.”","Information regarding directors required by this item will be contained in our 2020 Proxy Statement under the caption “Proposal 1 - Election of Directors,” and is hereby incorporated by reference."
"Where is the information regarding executive officers of the registrant found?","Information regarding executive officers appears under the heading “Executive Officers of the Registrant” in Part I of the Annual Report on Form 10-K.","Reference is made to the information regarding executive officers appearing under the heading “Executive Officers of the Registrant” in Part I of this Annual Report on Form 10-K, which information is hereby incorporated by reference."
"Where can details about the Audit Committee be accessed?","Details about the Audit Committee can be found in the 2020 Proxy Statement under the captions “Report of the Audit Committee of the Board of Directors” and “Information About the Board of Directors and Corporate Governance.”","Information regarding our Audit Committee required by this item will be contained in our 2020 Proxy Statement under the captions “Report of the Audit Committee of the Board of Directors” and “Information About the Board of Directors and Corporate Governance,” and is hereby incorporated by reference."
"How can one find information about procedures for recommending directors?","Information about procedures for recommending directors is in the 2020 Proxy Statement under the caption “Information About the Board of Directors and Corporate Governance.”","Information regarding procedures for recommending directors required by this item will be contained in our 2020 Proxy Statement under the caption “Information About the Board of Directors and Corporate Governance,” and is hereby incorporated by reference."
"Where is the compliance information for Section 16(a) of the Exchange Act located?","Compliance information for Section 16(a) of the Exchange Act is found in the 2020 Proxy Statement under the caption “Delinquent 16(a) Reports.”","Information regarding compliance with Section 16(a) of the Exchange Act required by this item will be contained in our 2020 Proxy Statement under the caption “Delinquent 16(a) Reports,” and is hereby incorporated by reference."
"Where can the company's Code of Conduct be found?","The company's Code of Conduct is available in the 2020 Proxy Statement under the caption “Information About the Board of Directors and Corporate Governance - Code of Conduct.” The full text is also on the Investor Relations portion of their website under Governance.","Information regarding our Code of Conduct required by this item will be contained in our 2020 Proxy Statement under the caption “Information About the Board of Directors and Corporate Governance - Code of Conduct,” and is hereby incorporated by reference. The full text of our Code of Conduct and Financial Team Code of Conduct are published on the Investor Relations portion of our website, under Governance, at www.nvidia.com."
"Is the content of the company's website considered part of the Annual Report on Form 10-K?","No, the contents of the company's website are not a part of the Annual Report on Form 10-K.","The full text of our Code of Conduct and Financial Team Code of Conduct are published on the Investor Relations portion of our website, under Governance, at www.nvidia.com. The contents of our website are not a part of this Annual Report on Form 10-K."
"Where can information about the corporation's executive compensation be found?","In the 2020 Proxy Statement under the captions “Executive Compensation”, “Compensation Committee Interlocks and Insider Participation”, “Director Compensation” and “Compensation Committee Report.”","ITEM 11. EXECUTIVE COMPENSATION Information regarding our executive compensation required by this item will be contained in our 2020 Proxy Statement under the captions “Executive Compensation”, “Compensation Committee Interlocks and Insider Participation”, “Director Compensation” and “Compensation Committee Report,” and is hereby incorporated by reference."
"What sections of the 2020 Proxy Statement include details about executive compensation?","Sections titled “Executive Compensation”, “Compensation Committee Interlocks and Insider Participation”, “Director Compensation”, and “Compensation Committee Report.”","Information regarding our executive compensation required by this item will be contained in our 2020 Proxy Statement under the captions “Executive Compensation”, “Compensation Committee Interlocks and Insider Participation”, “Director Compensation” and “Compensation Committee Report,” and is hereby incorporated by reference."
"Is the executive compensation information directly included in the financial document itself?","No, it is incorporated by reference from the 2020 Proxy Statement.","Information regarding our executive compensation required by this item will be contained in our 2020 Proxy Statement under the captions “Executive Compensation”, “Compensation Committee Interlocks and Insider Participation”, “Director Compensation” and “Compensation Committee Report,” and is hereby incorporated by reference."
"Where can information regarding ownership of NVIDIA securities be found?","In NVIDIA's 2020 Proxy Statement under the caption 'Security Ownership of Certain Beneficial Owners and Management.'","Ownership of NVIDIA Securities information will be contained in the 2020 Proxy Statement under the caption 'Security Ownership of Certain Beneficial Owners and Management.'"
"Where can details about NVIDIA's equity compensation plans be found?","In NVIDIA's 2020 Proxy Statement under the caption 'Equity Compensation Plan Information.'","Information regarding NVIDIA's equity compensation plans will be contained in the 2020 Proxy Statement under the caption 'Equity Compensation Plan Information.'"
"NVIDIA's 2020 Proxy Statement.","Information regarding both security ownership and equity compensation plans required by this item will be contained in the 2020 Proxy Statement."
"What is the title under which equity compensation plan information is listed in the 2020 Proxy Statement?","Equity Compensation Plan Information.","Information regarding equity compensation plans can be found under the caption 'Equity Compensation Plan Information' in the 2020 Proxy Statement."
"What caption in the 2020 Proxy Statement details ownership of NVIDIA securities by beneficial owners and management?","Security Ownership of Certain Beneficial Owners and Management.","Ownership information can be found under the caption 'Security Ownership of Certain Beneficial Owners and Management' in the 2020 Proxy Statement."
"What specific topic related to NVIDIA’s securities is incorporated by reference in regard to ownership?","Security Ownership of Certain Beneficial Owners and Management.","The topic 'Security Ownership of Certain Beneficial Owners and Management' regarding NVIDIA securities is incorporated by reference."
"How are the ownership and equity compensation plan information incorporated into the content?","By reference to the 2020 Proxy Statement under specific captions.","Information regarding ownership and equity compensation plans is incorporated by reference to the 2020 Proxy Statement under specific captions."
"Where can information about certain relationships and related transactions be found?","In the 2020 Proxy Statement under the captions “Review of Transactions with Related Persons” and “Information About the Board of Directors and Corporate Governance - Independence of the Members of the Board of Directors.”","Information regarding related transactions and director independence required by this item will be contained in our 2020 Proxy Statement under the captions “Review of Transactions with Related Persons” and “Information About the Board of Directors and Corporate Governance - Independence of the Members of the Board of Directors,” and is hereby incorporated by reference."
"What document provides information on director independence?","The 2020 Proxy Statement under the caption “Information About the Board of Directors and Corporate Governance - Independence of the Members of the Board of Directors.”","Information regarding related transactions and director independence required by this item will be contained in our 2020 Proxy Statement under the captions “Review of Transactions with Related Persons” and “Information About the Board of Directors and Corporate Governance - Independence of the Members of the Board of Directors,” and is hereby incorporated by reference."
"Which section of the 2020 Proxy Statement covers transactions with related persons?","The section titled “Review of Transactions with Related Persons.”","Information regarding related transactions and director independence required by this item will be contained in our 2020 Proxy Statement under the captions “Review of Transactions with Related Persons” and “Information About the Board of Directors and Corporate Governance - Independence of the Members of the Board of Directors,” and is hereby incorporated by reference."
"ITEM 13.","ITEM 13. CERTAIN RELATIONSHIPS AND RELATED TRANSACTIONS, AND DIRECTOR INDEPENDENCE Information regarding related transactions and director independence required by this item will be contained in our 2020 Proxy Statement under the captions “Review of Transactions with Related Persons” and “Information About the Board of Directors and Corporate Governance - Independence of the Members of the Board of Directors,” and is hereby incorporated by reference."
"How is the information about director independence incorporated?","It is incorporated by reference from the 2020 Proxy Statement.","Information regarding related transactions and director independence required by this item will be contained in our 2020 Proxy Statement under the captions “Review of Transactions with Related Persons” and “Information About the Board of Directors and Corporate Governance - Independence of the Members of the Board of Directors,” and is hereby incorporated by reference."
"What kind of governance information is included in the 2020 Proxy Statement?","Information about the Board of Directors and Corporate Governance, specifically the independence of its members.","Information regarding related transactions and director independence required by this item will be contained in our 2020 Proxy Statement under the captions “Review of Transactions with Related Persons” and “Information About the Board of Directors and Corporate Governance - Independence of the Members of the Board of Directors,” and is hereby incorporated by reference."
"What is the purpose of the caption 'Review of Transactions with Related Persons' in the 2020 Proxy Statement?","To provide information on related transactions required by ITEM 13.","Information regarding related transactions and director independence required by this item will be contained in our 2020 Proxy Statement under the captions “Review of Transactions with Related Persons” and “Information About the Board of Directors and Corporate Governance - Independence of the Members of the Board of Directors,” and is hereby incorporated by reference."
"Where can information about principal accounting fees and services be found?","In the 2020 Proxy Statement under the caption 'Fees Billed by the Independent Registered Public Accounting Firm.'","Information regarding principal accounting fees and services required by ITEM 14 will be contained in the 2020 Proxy Statement under the caption 'Fees Billed by the Independent Registered Public Accounting Firm.'"
"Is the information about principal accounting fees and services directly included in ITEM 14?","No, it is incorporated by reference from the 2020 Proxy Statement.","Information regarding accounting fees and services required by ITEM 14 is incorporated by reference from the 2020 Proxy Statement."
"What document contains details about accounting fees and services according to ITEM 14?","The 2020 Proxy Statement contains details about accounting fees and services.","Information regarding accounting fees and services will be contained in the 2020 Proxy Statement under the caption 'Fees Billed by the Independent Registered Public Accounting Firm.'"
"Under which caption will the principal accounting fees and services information be found in the 2020 Proxy Statement?","Under the caption 'Fees Billed by the Independent Registered Public Accounting Firm.'","The information regarding accounting fees and services will be contained under the caption 'Fees Billed by the Independent Registered Public Accounting Firm' in the 2020 Proxy Statement."
"What is the purpose of referencing the 2020 Proxy Statement in ITEM 14?","To incorporate the details of accounting fees and services from the 2020 Proxy Statement by reference.","Information regarding accounting fees and services required by ITEM 14 is incorporated by reference from the 2020 Proxy Statement."
"Does ITEM 14 directly provide detailed information about accounting fees?","No, it refers to the 2020 Proxy Statement for detailed information.","ITEM 14 information regarding accounting fees and services is incorporated by reference, meaning it directs readers to the 2020 Proxy Statement for details."
"What part of the 2020 Proxy Statement is referred to for accounting fees and services in ITEM 14?","The 'Fees Billed by the Independent Registered Public Accounting Firm' section in the 2020 Proxy Statement.","Information regarding accounting fees and services required by ITEM 14 will be contained in the 2020 Proxy Statement under the caption 'Fees Billed by the Independent Registered Public Accounting Firm.'"
"What financial statements are included in the annual report for NVIDIA Corporation for the years ended January 26, 2020, January 27, 2019, and January 28, 2018?","The financial statements included are the Consolidated Statements of Income, Comprehensive Income, Shareholders' Equity, and Cash Flows.","Consolidated Statements of Income for the years ended January 26, 2020, January 27, 2019, and January 28, 2018; Consolidated Statements of Comprehensive Income for the years ended January 26, 2020, January 27, 2019, and January 28, 2018; Consolidated Balance Sheets as of January 26, 2020 and January 27, 2019; Consolidated Statements of Shareholders’ Equity for the years ended January 26, 2020, January 27, 2019, and January 28, 2018; Consolidated Statements of Cash Flows for the years ended January 26, 2020, January 27, 2019, and January 28, 2018."
"What accounting standard report is filed as part of NVIDIA Corporation's annual report?","The report is the Report of Independent Registered Public Accounting Firm.","Report of Independent Registered Public Accounting Firm To the Stockholders and Board of Directors of NVIDIA Corporation Opinions on the Financial Statements and Internal Control over Financial Reporting."
"What change in accounting principle was noted for NVIDIA Corporation in fiscal year 2020?","The Company changed the manner in which it accounts for leases in fiscal year 2020.","Change in Accounting Principle: As discussed in Note 3 to the consolidated financial statements, the Company changed the manner in which it accounts for leases in fiscal year 2020."
"According to the independent auditors, what is the opinion on NVIDIA Corporation's internal control over financial reporting as of January 26, 2020?","The opinion is that the Company maintained, in all material respects, effective internal control over financial reporting as of January 26, 2020.","Also in our opinion, the Company maintained, in all material respects, effective internal control over financial reporting as of January 26, 2020, based on criteria established in Internal Control - Integrated Framework (2013) issued by the COSO."
"On what pages can the consolidated financial statements and related notes for NVIDIA Corporation be found in their report?","They can be found starting on page 37 and include pages such as page 39 for Income Statements, page 40 for Comprehensive Income, through to page 45 for Notes.","Report of Independent Registered Public Accounting Firm 37; Consolidated Statements of Income 39; Consolidated Statements of Comprehensive Income 40; Notes to the Consolidated Financial Statements 45."
"What auditing standards were the audits of NVIDIA Corporation conducted in accordance with?","The audits were conducted in accordance with the standards of the Public Company Accounting Oversight Board (United States) (PCAOB).","We conducted our audits in accordance with the standards of the PCAOB. Those standards require that we plan and perform the audits to obtain reasonable assurance about whether the consolidated financial statements are free of material misstatement."
"What is the responsibility of NVIDIA Corporation's management concerning financial reports?","NVIDIA Corporation's management is responsible for the consolidated financial statements, maintaining effective internal control over financial reporting, and assessing the effectiveness of this internal control.","The Company's management is responsible for these consolidated financial statements, for maintaining effective internal control over financial reporting, and for its assessment of the effectiveness of internal control over financial reporting."
"What is the purpose of a company's internal control over financial reporting?","To provide reasonable assurance regarding the reliability of financial reporting and the preparation of financial statements for external purposes in accordance with generally accepted accounting principles.","A company’s internal control over financial reporting is a process designed to provide reasonable assurance regarding the reliability of financial reporting and the preparation of financial statements for external purposes in accordance with generally accepted accounting principles."
"Why might a company's internal control over financial reporting not prevent or detect misstatements?","Because of its inherent limitations, such as changes in conditions or deterioration in compliance with policies or procedures.","Because of its inherent limitations, internal control over financial reporting may not prevent or detect misstatements. Also, projections of any evaluation of effectiveness to future periods are subject to the risk that controls may become inadequate because of changes in conditions, or that the degree of compliance with the policies or procedures may deteriorate."
"How does the audit process evaluate the risk of a material weakness in internal control over financial reporting?","By obtaining an understanding of internal control over financial reporting, assessing the risk that a material weakness exists, and testing and evaluating the design and operating effectiveness of internal control based on the assessed risk.","Our audit of internal control over financial reporting included obtaining an understanding of internal control over financial reporting, assessing the risk that a material weakness exists, and testing and evaluating the design and operating effectiveness of internal control based on the assessed risk."
"What factors led to the determination that evaluating provisions for excess or obsolete inventories is a critical audit matter?","The significant judgment by management when developing provisions for excess or obsolete inventories, including assumptions related to future demand and market conditions, led to significant auditor judgment, subjectivity, and effort.","The principal considerations for our determination that performing procedures relating to the valuation of inventories, specifically the provisions for excess or obsolete inventories, is a critical audit matter are that there was significant judgment by management when developing their provisions for excess or obsolete inventories, including management’s assumptions related to future demand and market conditions. This in turn led to significant auditor judgment, subjectivity, and effort in performing procedures over the provisions for excess or obsolete inventories."
"What procedures were performed to address the critical audit matter related to the valuation of inventories?","Procedures included testing the effectiveness of controls related to management’s provisions for excess or obsolete inventories, testing management's process for developing these provisions, evaluating the appropriateness of management’s approach, and evaluating the reasonableness of management’s assumptions about future demand and market conditions.","These procedures included testing the effectiveness of controls relating to management’s provisions for excess or obsolete inventories, including controls over management’s assumptions related to future demand and market conditions. These procedures also included, among others, testing management’s process for developing the provisions for excess or obsolete inventories; evaluating the appropriateness of management’s approach; testing the completeness, accuracy, and relevance of underlying data used in the approach; and evaluating the reasonableness of management’s assumptions related to future demand and market conditions."
"What are some challenges involved in auditing management's provisions for excess or obsolete inventories?","Challenges include the significant judgment and subjectivity involved in evaluating management’s assumptions related to future demand and market conditions.","The principal considerations for our determination that performing procedures relating to the valuation of inventories, specifically the provisions for excess or obsolete inventories, is a critical audit matter are that there was significant judgment by management when developing their provisions for excess or obsolete inventories, including management’s assumptions related to future demand and market conditions. This in turn led to significant auditor judgment, subjectivity, and effort in performing procedures over the provisions for excess or obsolete inventories."
"How does the communication of critical audit matters affect the auditor's opinion on the consolidated financial statements?","The communication of critical audit matters does not alter the auditor's opinion on the consolidated financial statements as a whole, nor does it provide a separate opinion on the critical audit matter or related accounts or disclosures.","The communication of critical audit matters does not alter in any way our opinion on the consolidated financial statements, taken as a whole, and we are not, by communicating the critical audit matter below, providing a separate opinion on the critical audit matter or on the accounts or disclosures to which it relates."
"$10,918 million","NVIDIA CORPORATION AND SUBSIDIARIES CONSOLIDATED STATEMENTS OF INCOME (In millions, except per share data)","Year Ended","January 26, 2020","Revenue","$","10,918"
"How much was NVIDIA's net income for the year ending January 27, 2019?","$4,141 million","NVIDIA CORPORATION AND SUBSIDIARIES CONSOLIDATED STATEMENTS OF INCOME (In millions, except per share data)","Year Ended","January 27, 2019","Net income","$","4,141"
"What was the total operating expenses for NVIDIA for the year ending January 28, 2018?","$2,612 million","NVIDIA CORPORATION AND SUBSIDIARIES CONSOLIDATED STATEMENTS OF INCOME (In millions, except per share data)","Year Ended","January 28, 2018","Total operating expenses","$","2,612"
"What was the net unrealized gain (loss) on available-for-sale debt securities for 2020?","$8 million","NVIDIA CORPORATION AND SUBSIDIARIES CONSOLIDATED STATEMENTS OF COMPREHENSIVE INCOME (In millions)","Year Ended","January 26, 2020","Available-for-sale debt securities:","Net unrealized gain (loss)","$","8"
"How much cash and cash equivalents did NVIDIA have on January 26, 2020?","$10,896 million","NVIDIA CORPORATION AND SUBSIDIARIES CONSOLIDATED BALANCE SHEETS (In millions, except par value)","January 26, 2020","Current assets:","Cash and cash equivalents","$","10,896"
"What is the basic net income per share for NVIDIA in 2019?","$6.81","NVIDIA CORPORATION AND SUBSIDIARIES CONSOLIDATED STATEMENTS OF INCOME (In millions, except per share data)","Year Ended","January 27, 2019","Net income per share:","Basic","$","6.81"
"What was NVIDIA's comprehensive income for the year ending January 28, 2018?","$3,045 million","NVIDIA CORPORATION AND SUBSIDIARIES CONSOLIDATED STATEMENTS OF COMPREHENSIVE INCOME (In millions)","Year Ended","January 28, 2018","Total comprehensive income","$","3,045"
"What was the value of Nvidia's total assets?","$17,315 million","Total assets","$","17,315","","","$","13,292"
"How much did Nvidia's total liabilities amount to?","$5,111 million","Total liabilities","5,111","","","3,950"
"What was the retained earnings value for Nvidia?","$14,971 million","Retained earnings","14,971","","","12,565"
"What was the total shareholders' equity for Nvidia?","$12,204 million","Total shareholders' equity","12,204","","","9,342"
"How much was the accumulated other comprehensive income for Nvidia?","$1 million","Accumulated other comprehensive income (loss)","1","","","(12",")"
"What was the additional paid-in capital reported by Nvidia?","$7,045 million","Additional paid-in capital","7,045","","","6,051"
"What is the total current liabilities of Nvidia?","$1,784 million","Total current liabilities","1,784","","","1,329"
"$2,796 million","Net income on January 26, 2020, was reported as $2,796 million."
"How much was paid in cash dividends per common share on January 26, 2020?","$0.640 per common share","Cash dividends declared and paid on January 26, 2020, were $0.640 per common share."
"What was the stock-based compensation expense for the year ending January 26, 2020?","$845 million","The stock-based compensation for the year ending January 26, 2020, was $845 million."
"How did the retained earnings change due to the adoption of an accounting standard for income tax consequences of an intra-entity asset transfer?","An adjustment of $8 million was made to retained earnings.","Retained earnings were adjusted by $8 million due to the adoption of an accounting standard related to income tax consequences of an intra-entity transfer of an asset."
"What was the cash dividend amount declared and paid per common share on January 27, 2019?","$0.610 per common share","Cash dividends declared and paid on January 27, 2019, were $0.610 per common share."
"What were the total shares repurchased as noted in the section?","The repurchased shares totaled $1,579 million.","Shares repurchased had a total cost of $1,579 million."
"What was the other comprehensive income recorded on January 27, 2019?","$13 million","Other comprehensive income recorded on January 27, 2019, was $13 million."
"What was the net income for the year ended January 26, 2020, according to the consolidated statements of cash flows?","$2,796 million","Year Ended January 26, 2020: Net income $2,796 million."
"How much stock-based compensation expense was recorded in 2019?","$557 million","Stock-based compensation expense was $557 million for the year ended January 27, 2019."
"$3,502 million","Net cash provided by operating activities for the year ended January 28, 2018, was $3,502 million."
"$176 million","Cash paid for income taxes in the year ended January 26, 2020, was $176 million."
"What were the proceeds from maturities of marketable securities in 2018?","$1,078 million","Proceeds from maturities of marketable securities in 2018 amounted to $1,078 million."
"What was the change in cash and cash equivalents for NVIDIA Corporation for the year ended January 27, 2019?","$(3,220) million","The change in cash and cash equivalents for the year ended January 27, 2019, was $(3,220) million."
"What is the fiscal year-end for NVIDIA Corporation?","The last Sunday in January.","NVIDIA's fiscal year ends on the last Sunday in January, operating on a 52- or 53-week year basis."
"Where is NVIDIA's headquarters located?","Santa Clara, California","NVIDIA is headquartered in Santa Clara, California."
"1998","NVIDIA was reincorporated in Delaware in April 1998."
"How many weeks are there in NVIDIA's fiscal year 2021?","53 weeks","Fiscal year 2021 will be a 53-week year."
"What accounting basis does NVIDIA use for its financial statements preparation?","U.S. GAAP","The preparation of financial statements is in conformity with U.S. GAAP."
"What is included in NVIDIA's Revenue Recognition process?","Identification of the contract, identification of performance obligations, determination of transaction price, allocation of the transaction price, and recognition of revenue when perfomance obligation is satisfied.","Revenue recognition involves identification of the contract with the customer, identification of performance obligations, determination of the transaction price, allocation of the transaction price, and recognition of revenue when the performance obligation is satisfied."
"How does NVIDIA account for customer programs like rebates and MDFs?","As a reduction to revenue, accruing for potential rebates and MDFs based on expected claims by customers.","Customer programs are accounted for as a reduction to revenue, accruing for potential rebates and MDFs based on the amount expected to be claimed by customers."
"What kind of warranties does NVIDIA generally offer to end-users?","Limited warranties ranging from one to three years for repairing or replacing products with defects or failures.","NVIDIA generally offers a limited warranty ranging from one to three years to repair or replace products for any manufacturing defects or hardware component failures."
"What were the advertising expenses for the fiscal year 2020?","$15 million","Advertising expenses for fiscal years 2020, 2019, and 2018 were $15 million, $21 million, and $25 million, respectively."
"How are advertising costs treated in financial statements?","Advertising costs are expensed in the period they are incurred.","We expense advertising costs in the period in which they are incurred."
"What is the standard warranty period offered to end-users for products?","The standard warranty period ranges from one to three years.","We generally offer a limited warranty to end-users that ranges from one to three years for products in order to repair or replace products for any manufacturing defects or hardware component failures."
"What method is used to recognize compensation expense for market-based performance stock units (PSUs)?","Compensation expense for market-based PSUs is recognized using a straight-line attribution method.","The compensation expense for RSUs and market-based PSUs is recognized using a straight-line attribution method over the requisite employee service period."
"What currency do subsidiaries use as their functional currency in foreign currency remeasurement?","The United States dollar is used as the functional currency.","We use the United States dollar as our functional currency for all of our subsidiaries."
"When are gains or losses from foreign currency remeasurement recognized?","They are included in other income or expense in the Consolidated Statements of Income.","Gains or losses from foreign currency remeasurement are included in other income or expense in our Consolidated Statements of Income."
"What is the valuation allowance related to as of January 26, 2020?","The valuation allowance of $621 million is related to state and certain foreign deferred tax assets not likely to be realized due to limitations in tax attributes and jurisdictional projections of future taxable income.","As of January 26, 2020, we had a valuation allowance of $621 million related to state and certain foreign deferred tax assets that management determined are not likely to be realized due to jurisdictional projections of future taxable income and potential utilization limitations of tax attributes acquired as a result of stock ownership changes."
"What happens if the recorded tax liability is less than the current assessment?","There may be a need to recognize an income tax benefit or additional income tax expense in the financial statements.","If the recorded tax liability is less than our current assessment, we may be required to recognize an income tax benefit or additional income tax expense in our financial statements accordingly."
"What valuation allowance was recorded as of January 26, 2020?","A valuation allowance of $621 million related to state and certain foreign deferred tax assets was recorded.","As of January 26, 2020, we had a valuation allowance of $621 million related to state and certain foreign deferred tax assets that management determined are not likely to be realized due to jurisdictional projections of future taxable income and potential utilization limitations of tax attributes acquired as a result of stock ownership changes."
"Under what condition do deferred tax assets become recognized as an income tax benefit?","Deferred tax assets are recognized as an income tax benefit when their realization becomes more-likely-than-not.","To the extent realization of the deferred tax assets becomes more-likely-than-not, we would recognize such deferred tax asset as an income tax benefit during the period."
"What is included as a component of income tax expense?","Interest and penalties related to unrecognized tax benefits are included as a component of income tax expense.","Our policy is to include interest and penalties related to unrecognized tax benefits as a component of income tax expense."
"How is basic net income per share computed?","Basic net income per share is computed using the weighted average number of common shares outstanding during the period.","Basic net income per share is computed using the weighted average number of common shares outstanding during the period."
"What defines cash equivalents?","Cash equivalents are highly liquid investments that are readily convertible into cash and have an original maturity of three months or less at the time of purchase.","We consider all highly liquid investments that are readily convertible into cash and have an original maturity of three months or less at the time of purchase to be cash equivalents."
"What is the criteria for recording an other-than-temporary impairment on an available-for-sale debt instrument?","An other-than-temporary impairment is recorded if the fair value of the debt instrument is significantly below cost basis, or if there is intent to sell, likelihood of being required to sell before recovery of the cost basis, or a credit loss exists.","If the fair value of an available-for-sale debt instrument is less than its amortized cost basis, an other-than-temporary impairment is triggered in circumstances where (1) we intend to sell the instrument, (2) it is more likely than not that we will be required to sell the instrument before recovery of its amortized cost basis, or (3) a credit loss exists where we do not expect to recover the entire amortized cost basis of the instrument."
"How are derivative instruments recognized and measured in financial statements?","Derivative instruments are recognized as either assets or liabilities and are measured at fair value.","Derivative instruments are recognized as either assets or liabilities and are measured at fair value. The accounting for changes in the fair value of a derivative depends on the intended use of the derivative and the resulting designation."
"What happens to changes in fair value for derivative instruments designated as fair value hedges?","The gains or losses are recognized in earnings in the periods of change together with the offsetting losses or gains on the hedged items attributed to the risk being hedged.","For derivative instruments designated as fair value hedges, the gains or losses are recognized in earnings in the periods of change together with the offsetting losses or gains on the hedged items attributed to the risk being hedged."
"Where are the effective portion of gains or losses on cash-flow hedges initially reported?","They are initially reported as a component of other comprehensive income or loss.","For derivative instruments designated as cash-flow hedges, the effective portion of the gains or losses on the derivatives is initially reported as a component of other comprehensive income or loss and is subsequently recognized in earnings when the hedged exposure is recognized in earnings."
"What types of financial instruments potentially expose the company to concentrations of credit risk?","Cash equivalents, marketable securities, and accounts receivable potentially expose the company to concentrations of credit risk.","Financial instruments that potentially subject us to concentrations of credit risk consist primarily of cash equivalents, marketable securities, and accounts receivable."
"What factors are considered in determining the allowance for doubtful accounts receivable?","Factors include the level of gross receivables, the financial condition of customers, and the extent to which balances are covered by credit insurance or letters of credit.","We maintain an allowance for doubtful accounts receivable for estimated losses resulting from the inability of our customers to make required payments. ... Factors impacting the allowance include the level of gross receivables, the financial condition of our customers and the extent to which balances are covered by credit insurance or letters of credit."
"How is the inventory cost computed and what does it include?","Inventory cost is computed on an adjusted standard basis, approximating actual cost on an average or first-in, first-out basis. It includes costs of semiconductors, wafer fabrication, assembly, testing, packaging, manufacturing support costs, labor, overhead, final test yield fallout, shipping costs, and purchased memory products and other component parts.","Inventory cost is computed on an adjusted standard basis, which approximates actual cost on an average or first-in, first-out basis. Inventory costs consist primarily of the cost of semiconductors purchased from subcontractors, including wafer fabrication, assembly, testing and packaging, manufacturing support costs, including labor and overhead associated with such purchases, final test yield fallout, and shipping costs, as well as the cost of purchased memory products and other component parts."
"What is the method used for depreciating property and equipment, and what are their estimated useful lives?","Depreciation is computed using the straight-line method, and the estimated useful lives of the assets are generally three to five years. Buildings can have useful lives of up to thirty years.","Property and equipment are stated at cost. Depreciation of property and equipment is computed using the straight-line method based on the estimated useful lives of the assets, generally three to five years. The estimated useful lives of our buildings are up to thirty years."
"What regulatory approvals did the Mellanox acquisition receive by December 2019?","The Mellanox acquisition received regulatory approvals from Mexico in July 2019 and from the European Commission in December 2019.","In June 2019, Mellanox shareholders approved the consummation of the merger and we received regulatory approvals for the deal from Mexico in July 2019 and from the European Commission in December 2019."
"When did the waiting period under the Hart-Scott-Rodino Antitrust Improvements Act expire for the Mellanox acquisition?","The waiting period under the Hart-Scott-Rodino Antitrust Improvements Act expired in May 2019 for the Mellanox acquisition.","The waiting period under the Hart-Scott-Rodino Antitrust Improvements Act of 1976, as amended, in connection with the proposed acquisition expired in May 2019."
"How much was the cumulative-effect adjustment for operating lease assets and liabilities upon adoption of the new lease accounting standard?","The cumulative-effect adjustment upon adoption of the new lease accounting standard resulted in the recognition of $470 million of operating lease assets and $500 million of operating lease liabilities.","The cumulative-effect adjustment upon adoption of the new lease accounting standard resulted in the recognition of $470 million of operating lease assets and $500 million of operating lease liabilities on our Consolidated Balance Sheet."
"What is the total future minimum lease payments under the operating leases as of January 26, 2020?","The total future minimum lease payments under the operating leases as of January 26, 2020, are $773 million.","Future minimum lease payments under our operating leases as of January 26, 2020, are as follows: Total","773"
"What was the operating lease expense for fiscal year 2020?","The operating lease expense for fiscal year 2020 was $114 million.","Operating lease expense for fiscal years 2020, 2019, and 2018 was $114 million, $80 million, $54 million, respectively."
"What was the amount of stock-based compensation expense allocated to sales, general and administrative costs for the year ended January 26, 2020?","The stock-based compensation expense allocated to sales, general and administrative costs for the year ended January 26, 2020, was $265 million.","Sales, general and administrative","265"
"What is the weighted average remaining lease term and discount rate for operating leases as of January 26, 2020?","As of January 26, 2020, the weighted average remaining lease term was 8.3 years and the weighted average discount rate was 3.45%.","As of January 26, 2020, our operating leases had a weighted average remaining lease term of 8.3 years and a weighted average discount rate of 3.45%."
"What was the cost of revenue in millions for the year ended January 26, 2020?","$39 million","Cost of revenue for the year ended January 26, 2020 was $39 million."
"How many RSUs, PSUs, and market-based PSUs were granted in the year ended January 27, 2019?","4 million awards","In the year ended January 27, 2019, 4 million RSUs, PSUs, and market-based PSUs were granted."
"What was the estimated total grant-date fair value in millions for the equity awards granted in the year ended January 28, 2018?","$929 million","The estimated total grant-date fair value for equity awards granted in the year ended January 28, 2018 was $929 million."
"What was the weighted average grant-date fair value per share for RSUs, PSUs, and market-based PSUs in the year ended January 26, 2020?","$184.47 per share","The weighted average grant-date fair value per share for RSUs, PSUs, and market-based PSUs in the year ended January 26, 2020 was $184.47."
"2.2 years","As of January 27, 2019, the estimated weighted average remaining amortization period for RSUs, PSUs, and market-based PSUs was 2.2 years."
"What was the range of volatility used in the Black-Scholes model to estimate ESPP shares for the year ended January 28, 2018?","40%-54%","The range of volatility used in the Black-Scholes model for ESPP shares in the year ended January 28, 2018 was 40%-54%."
"How many shares of common stock may be issued under the Amended and Restated 2007 Equity Incentive Plan?","Up to 230 million shares","The Amended and Restated 2007 Equity Incentive Plan authorizes the issuance of up to 230 million shares of common stock."
"How many shares of common stock may be issued under the 2007 Plan?","230 million shares","Up to 230 million shares of our common stock may be issued pursuant to stock awards granted under the 2007 Plan."
"Stock options vested over a four-year period, with 25% vesting on the anniversary of the hire date or the grant date and 6.25% vesting quarterly thereafter.","Stock options previously granted to employees vested over a four-year period, with 25% vesting on the anniversary of the hire date or the grant date and 6.25% vesting quarterly thereafter."
"When is the 2007 Plan scheduled to terminate?","March 21, 2022","Unless terminated sooner, the 2007 Plan is scheduled to terminate on March 21, 2022."
"What is the price of common stock under the 2012 Employee Stock Purchase Plan?","85% of the lower of the fair market value on the commencement date of each offering period and the fair market value on each purchase date.","The price of common stock purchased under our 2012 Plan will be equal to 85% of the lower of the fair market value of the common stock on the commencement date of each offering period and the fair market value on each purchase date within the offering."
"How many shares were reserved for future issuance under the 2012 Plan as of January 26, 2020?","59 million shares","As of January 26, 2020, we had issued 30 million shares and reserved 59 million shares for future issuance under the 2012 Plan."
"What percentage of an employee's earnings can be withheld for the purchase of shares under the 2012 Plan?","Up to 10%, potentially increasing to 15% at the Board’s discretion","Employees who participate may have up to 10% of their earnings withheld for the purchase of shares of common stock. The Board may increase this percentage at its discretion, up to 15%."
"When do market-based PSUs vest under the 2007 Plan?","Market-based PSUs vest 100% on approximately the three-year anniversary of the date of grant.","Market-based PSUs vest 100% on approximately the three-year anniversary of the date of grant. The number of shares eligible to vest is determined by the Compensation Committee."
"What is the maximum number of shares that could be issued as market-based PSUs under NVIDIA's equity incentive plans?","Up to 60 thousand shares.","Depending on the ranking of our TSR compared to those companies comprising the Standard & Poor’s 500 Index during that period, the market-based PSUs issued could be up to 60 thousand shares."
"How many shares of common stock were reserved for future issuance under NVIDIA's equity incentive plans as of January 26, 2020?","29 million shares.","As of January 26, 2020, there were 29 million shares of common stock reserved for future issuance under our equity incentive plans."
"What was NVIDIA's net income for the fiscal year ending January 27, 2019?","$4,141 million.","Net income","$","2,796","","","$","4,141","","$","3,047"
"What was the basic net income per share for NVIDIA in the fiscal year ending January 28, 2018?","$5.09.","Net income per share:","","","","Basic (1)","$","4.59","","","$","6.81","","$","5.09"
"How much goodwill was allocated to NVIDIA's Tegra Processor reporting unit as of January 26, 2020?","$408 million.","The carrying amount of goodwill was $618 million, and the amount of goodwill allocated to our GPU and Tegra Processor reporting units was $210 million and $408 million, respectively, as of both January 26, 2020 and January 27, 2019."
"What was the amortization expense associated with NVIDIA's intangible assets in fiscal year 2019?","$29 million.","Amortization expense associated with intangible assets for fiscal years 2020, 2019, and 2018 was $25 million, $29 million, and $55 million, respectively."
"What type of securities are NVIDIA's cash equivalents and marketable securities classified as?","“Available-for-sale” debt securities.","Our cash equivalents and marketable securities are classified as ""available-for-sale"" debt securities."
"What is the classification of NVIDIA's cash equivalents and marketable securities?","Available-for-sale debt securities.","Our cash equivalents and marketable securities are classified as 'available-for-sale' debt securities."
"What was the amortized cost of cash equivalents and marketable securities as of January 26, 2020?","$10,781 million","The total amortized cost of cash equivalents and marketable securities as of January 26, 2020, was $10,781 million."
"How much was the estimated fair value of corporate debt securities as of January 27, 2019?","$2,620 million","The estimated fair value of corporate debt securities as of January 27, 2019, was $2,620 million."
"What was the total estimated fair value of cash equivalents and marketable securities as of January 27, 2019?","$7,324 million","The total estimated fair value of cash equivalents and marketable securities as of January 27, 2019, was $7,324 million."
"What type of securities were issued by United States government agencies and held as of January 26, 2020?","Debt securities","Debt securities issued by United States government agencies held as of January 26, 2020, amounted to $1,096 million."
"What was the amount of money market funds included in cash equivalents as of January 26, 2020?","$7,507 million","The money market funds included in cash equivalents as of January 26, 2020, amounted to $7,507 million."
"Were there any other-than-temporary impairment losses recorded for the fiscal years 2020, 2019, and 2018?","No","For fiscal years 2020, 2019, and 2018, there were no other-than-temporary impairment losses."
"What is the fair value of money market funds under Level 1 pricing at January 26, 2020?","$7,507 million","Fair Value at Pricing Category January 26, 2020 (In millions) Assets: Cash equivalents and marketable securities: Money market funds Level 1 $7,507."
"Which level of pricing category includes debt securities issued by the United States Treasury?","Level 2","Debt securities issued by the United States Treasury are categorized as Level 2 in the fair value hierarchy."
"How much were the total inventories valued at on January 26, 2020?","$979 million","As of January 26, 2020, total inventories were valued at $979 million."
"What is the estimated useful life of test equipment?","3-5 years","Test equipment has an estimated useful life of 3-5 years."
"What was the fair value of corporate debt securities at January 27, 2019?","$2,620 million","Corporate debt securities at January 27, 2019, were valued at $2,620 million under Level 2 pricing."
"How are the 3.20% Notes Due 2026 carried on the balance sheet?","They are carried at their original issuance value, net of unamortized debt discount and issuance costs, and are not marked to fair value each period.","The 3.20% Notes Due 2026 are carried on our Consolidated Balance Sheets at their original issuance value, net of unamortized debt discount and issuance costs, and are not marked to fair value each period."
"$2,685 million","Total property and equipment, gross on January 26, 2020, was valued at $2,685 million."
"What were the depreciation expenses for fiscal years 2020, 2019, and 2018?","The depreciation expenses were $355 million in 2020, $233 million in 2019, and $144 million in 2018.","Depreciation expense for fiscal years 2020, 2019, and 2018 was $355 million, $233 million, and $144 million, respectively."
"What was the total amount of accrued and other current liabilities as of January 26, 2020?","The total accrued and other current liabilities were $1,097 million.","Total accrued and other current liabilities","$","1,097"
"How are leasehold improvements and capital leases amortized according to the text?","Leasehold improvements and capital leases are amortized based on the lesser of either the asset’s estimated useful life or the expected lease term.","Leasehold improvements and capital leases are amortized based on the lesser of either the asset’s estimated useful life or the expected lease term."
"What is the value of revenue related to remaining performance obligations as of January 26, 2020?","The value of revenue related to remaining performance obligations was $364 million.","As of January 26, 2020, the amount of our remaining performance that has not been recognized as revenue was $364 million."
"What does deferred revenue primarily include according to the context provided?","Deferred revenue primarily includes customer advances and deferrals related to license and development arrangements and PCS.","Deferred revenue primarily includes customer advances and deferrals related to license and development arrangements and PCS."
"What is the purpose of foreign currency forward contracts as described in the information?","Foreign currency forward contracts are used to mitigate the impact of foreign currency exchange rate movements on operating expenses and on monetary assets and liabilities that are denominated in currencies other than U.S. dollar.","We enter into foreign currency forward contracts to mitigate the impact of foreign currency exchange rate movements on our operating expenses. Also, we enter into foreign currency forward contracts to mitigate the impact of foreign currency movements on monetary assets and liabilities that are denominated in currencies other than U.S. dollar."
"What were the notional values of foreign currency forward contracts designated as cash flow hedges as of January 26, 2020, and January 27, 2019?","$428 million as of January 26, 2020, and $408 million as of January 27, 2019.","The table below presents the notional value of our foreign currency forward contracts outstanding as of January 26, 2020 and January 27, 2019:","January 26, 2020","","January 27, 2019","(In millions) Designated as cash flow hedges","$","428","","$","408."
"How are changes in the fair value of non-hedge designated foreign currency forward contracts recorded?","They are recorded in other income or expense.","These forward contracts were not designated for hedge accounting treatment. Therefore, the change in fair value of these contracts is recorded in other income or expense and offsets the change in fair value of the hedged foreign currency denominated monetary assets and liabilities."
"When is the interest on the 2.20% Notes Due 2021 and the 3.20% Notes Due 2026 payable?","Interest on the Notes is payable on March 16 and September 16 of each year.","Interest on the Notes is payable on March 16 and September 16 of each year."
"What is the effective interest rate for the 2.20% Notes Due 2021 as of January 26, 2020?","The effective interest rate is 2.38%.","The carrying value of the Notes and the associated interest rates were as follows:","ExpectedRemaining Term (years)","EffectiveInterest Rate","January 26, 2020","","January 27, 2019","","","(In millions) 2.20% Notes Due 2021","1.6","2.38%","$","1,000",""
"How much was outstanding in inventory purchase obligations as of January 26, 2020?","$1.16 billion.","As of January 26, 2020, we had outstanding inventory purchase obligations totaling $1.16 billion."
"What was the estimated amount of product returns and warranty liabilities as of January 26, 2020?","$15 million.","The estimated amount of product returns and warranty liabilities was $15 million as of January 26, 2020."
"What types of liabilities are covered for the indemnified party?","Tax, product, and employee liabilities.","The text mentions coverage for the indemnified party for matters such as tax, product, and employee liabilities."
"What provisions are included in the technology-related agreements with third parties?","Intellectual property indemnification provisions.","The text states that intellectual property indemnification provisions are included in technology-related agreements with third parties."
"Why can't the maximum potential future payments be estimated for the indemnifications mentioned?","Because many of these agreements do not have a maximum stated liability.","The inability to estimate maximum potential future payments is due to the fact that many of these agreements do not have a maximum stated liability."
"What violations were alleged against the defendants in the consolidated class action complaint related to NVIDIA?","Violations of Section 10(b) of the Securities Exchange Act of 1934 and SEC Rule 10b-5, as well as Section 20(a) of the Exchange Act.","The consolidated complaint asserts that the defendants violated Section 10(b) of the Securities Exchange Act of 1934, as amended, or the Exchange Act, and SEC Rule 10b-5, by making materially false or misleading statements. The plaintiffs also allege that the NVIDIA executives violated Section 20(a) of the Exchange Act."
"What are the plaintiffs seeking in the securities class action lawsuits involving NVIDIA?","Class certification, unspecified compensatory damages, reasonable costs and expenses including attorneys’ and expert fees, and any other relief the Court deems just.","The plaintiffs seek class certification, an award of unspecified compensatory damages, an award of reasonable costs and expenses, including attorneys’ fees and expert fees, and further relief as the Court may deem just and proper."
"What are some of the claims asserted in the derivative lawsuits filed against NVIDIA's officers and directors?","Claims for breach of fiduciary duty, unjust enrichment, corporate waste, and violations of Sections 14(a), 10(b), and 20(a) of the Exchange Act.","The derivative lawsuit asserts claims for breach of fiduciary duty, unjust enrichment, waste of corporate assets, and violations of Sections 14(a), 10(b), and 20(a) of the Exchange Act based on the dissemination of allegedly false and misleading statements."
"What legal claims are asserted in the lawsuits against NVIDIA?","The lawsuits assert claims for breach of fiduciary duty, unjust enrichment, insider trading, misappropriation of information, corporate waste, and violations of Sections 14(a), 10(b), and 20(a) of the Exchange Act related to channel inventory and the impact of cryptocurrency mining on GPU demand.","The lawsuits assert claims for breach of fiduciary duty, unjust enrichment, insider trading, misappropriation of information, corporate waste and violations of Sections 14(a), 10(b), and 20(a) of the Exchange Act based on the dissemination of allegedly false, and misleading statements related to channel inventory and the impact of cryptocurrency mining on GPU demand."
"What relief do the plaintiffs seek in the lawsuits against NVIDIA?","The plaintiffs seek unspecified damages and other relief, including disgorgement of profits from the sale of NVIDIA stock and unspecified corporate governance measures.","The plaintiffs seek unspecified damages and other relief, including disgorgement of profits from the sale of NVIDIA stock and unspecified corporate governance measures."
"What was the outcome of the December 11, 2019 court stipulation involving NVIDIA?","The court approved the parties' stipulation to stay the Lipchitz and Huang actions pending resolution of NVIDIA's motion to dismiss in the securities litigation.","On December 11, 2019, the court approved the parties’ stipulation to stay the Lipchitz and Huang actions pending resolution of the motion to dismiss filed by NVIDIA in the In Re NVIDIA Corporation Securities Litigation."
"What belief does NVIDIA hold regarding the ultimate outcome of its legal actions?","NVIDIA believes that while favorable outcomes cannot be assured, the ultimate outcome will not have a material adverse effect on its operating results, liquidity, or financial position.","We are engaged in legal actions not described above arising in the ordinary course of business and, while there can be no assurance of favorable outcomes, we believe that the ultimate outcome of these actions will not have a material adverse effect on our operating results, liquidity or financial position."
"As of January 26, 2020, has NVIDIA recorded any accrual for contingent liabilities related to the legal proceedings?","No, as of January 26, 2020, NVIDIA has not recorded any accrual for contingent liabilities related to the legal proceedings because they believe liabilities, while possible, are not probable.","As of January 26, 2020, we have not recorded any accrual for contingent liabilities associated with the legal proceedings described above based on our belief that liabilities, while possible, are not probable."
"What was the total income before income tax for NVIDIA for the year ended January 26, 2020?","The total income before income tax for NVIDIA for the year ended January 26, 2020, was $2,970 million.","Income before income tax consists of the following: Year Ended January 26,2020: $2,970 million."
"What was the income tax expense for NVIDIA in fiscal year 2020?","$174 million","We recognized an income tax expense of $174 million and $149 million for fiscal years 2020 and 2018, respectively."
"What was NVIDIA's annual effective tax rate in fiscal year 2019?","(6.3)%","Our annual effective tax rate was 5.9%, (6.3)%, and 4.7% for fiscal years 2020, 2019, and 2018, respectively."
"Why did NVIDIA's effective tax rate increase in fiscal year 2020 compared to 2019?","Due to a decrease in tax benefits from stock-based compensation and an absence of tax benefits related to the enactment of the TCJA.","The increase in our effective tax rate in fiscal year 2020 as compared to fiscal years 2019 and 2018 was primarily due to a decrease of tax benefits from stock-based compensation and an absence of tax benefits related to the enactment of the TCJA."
"How much was the valuation allowance related to state and certain foreign deferred tax assets as of January 26, 2020?","$621 million","As of January 26, 2020 and January 27, 2019, we had a valuation allowance of $621 million and $562 million, respectively, related to state and certain foreign deferred tax assets."
"$1,288 million","Gross deferred tax assets","$1,288","","","1,140"
"What are the federal, state, and foreign net operating loss carryforwards as of January 26, 2020?","$70 million for federal, $153 million for state, and $295 million for foreign.","As of January 26, 2020, we had federal, state and foreign net operating loss carryforwards of $70 million, $153 million and $295 million, respectively."
"When will NVIDIA's federal and state carryforwards begin to expire?","Federal carryforwards will begin to expire in fiscal year 2023 and state carryforwards will begin to expire in fiscal year 2021.","The federal and state carryforwards will begin to expire in fiscal year 2023 and 2021, respectively."
"What is the value of NVIDIA's federal research tax credit carryforwards as of January 26, 2020, and when will they begin to expire?","$314 million, and they will begin to expire in fiscal year 2039.","As of January 26, 2020, we had federal research tax credit carryforwards of $314 million that will begin to expire in fiscal year 2039."
"What amount of state research tax credit carryforwards is attributable to California and what is their expiration status?","$774 million is attributable to California, and it may be carried over indefinitely.","We have state research tax credit carryforwards of $814 million, of which $774 million is attributable to the State of California and may be carried over indefinitely."
"How are unrecognized tax benefits classified in terms of liability, and what is included in non-current income taxes payable as of January 26, 2020?","Unrecognized tax benefits are classified as a current liability if anticipated payment is within a year; included in non-current income taxes payable is $180 million of unrecognized tax benefits and $31 million of related interest and penalties.","As of January 26, 2020, unrecognized tax benefits of $180 million and the related interest and penalties of $31 million are included in non-current income taxes payable."
"What jurisdictions are significant tax jurisdictions subject to examination for NVIDIA as of January 26, 2020?","Significant tax jurisdictions include the United States, Hong Kong, Taiwan, China, United Kingdom, Germany, and India.","As of January 26, 2020, the significant tax jurisdictions that may be subject to examination include the United States, Hong Kong, Taiwan, China, United Kingdom, Germany, and India for fiscal years 2003 through 2019."
"Which tax jurisdictions were under examination for NVIDIA Corporation as of January 26, 2020?","India, China, and United Kingdom","As of January 26, 2020, the significant tax jurisdictions for which we are currently under examination include India, China, and United Kingdom for fiscal years 2003 through 2019."
"How many shares did NVIDIA repurchase under its share repurchase program as of January 26, 2020?","260 million shares","Through January 26, 2020, we have repurchased an aggregate of 260 million shares under our share repurchase program for a total cost of $7.08 billion."
"What is the authorized amount for NVIDIA Corporation to repurchase shares up to, as of January 26, 2020?","$7.24 billion","As of January 26, 2020, we are authorized, subject to certain specifications, to repurchase shares of our common stock up to $7.24 billion through December 2022."
"What was the cash dividend paid by NVIDIA to its shareholders in fiscal year 2020?","$390 million","During fiscal year 2020, we paid $390 million in cash dividends to our shareholders."
"What are the two primary reportable segments for NVIDIA's business?","The GPU business and the Tegra Processor business","We report our business in two primary reportable segments - the GPU business and the Tegra Processor business - based on a single underlying graphics architecture."
"How much was NVIDIA's contribution expense for U.S. employee retirement plans in fiscal year 2020?","$44 million","Our contribution expense for fiscal years 2020, 2019, and 2018 was $44 million, $39 million, and $23 million, respectively."
"What was NVIDIA's revenue for the year ended January 26, 2020?","$10,918 million","Year Ended January 26, 2020: Revenue","$ 10,918 million"
"What were the depreciation and amortization expenses for NVIDIA for the year ended January 27, 2019?","$262 million","Year Ended January 27, 2019: Depreciation and amortization expense","$ 47 + $ 18 + $ 197 = $ 262 million"
"How much was the operating income (loss) for NVIDIA in the year ended January 28, 2018?","$3,210 million","Year Ended January 28, 2018: Operating income (loss)","$ 3,507 + $ 303 - $ 600 = $ 3,210 million"
"$5,518 million","Revenue from Gaming","Year Ended January 26, 2020","$ 5,518 million"
"Which region contributed $992 million to NVIDIA's revenue for the year ended January 26, 2020?","Europe","Revenue by geographic regions","Year Ended January 26, 2020: Europe","$ 992 million"
"What amount did NVIDIA's stock-based compensation expense reach in the year ended January 27, 2019?","$(557) million","Stock-based compensation expense","Year Ended January 27, 2019","$(557) million"
"What was the value of long-lived assets in the United States as of January 26, 2020?","$1,568 million","Long-lived assets by geographic region as of January 26, 2020, show that the United States had $1,568 million in long-lived assets."
"Which country had the smallest amount of long-lived assets as of January 26, 2020?","Other countries with $2 million","The smallest amount of long-lived assets as of January 26, 2020 was reported in 'Other countries', which had $2 million."
"What percentage of total revenue did one customer represent for fiscal year 2020?","11%","One customer represented 11% of total revenue for fiscal year 2020, attributable to the GPU business."
"What was the net income for NVIDIA in the fiscal quarter ended January 26, 2020?","$950 million","For the fiscal quarter ended January 26, 2020, NVIDIA's net income was $950 million."
"How much was the basic net income per share for NVIDIA in the quarter ended October 28, 2018?","$2.02","The basic net income per share for NVIDIA in the quarter ended October 28, 2018, was $2.02."
"What was the gross profit for NVIDIA in the quarter ending July 28, 2019?","$1,541 million","In the quarter ending July 28, 2019, NVIDIA reported a gross profit of $1,541 million."
"What was the sales return allowance in fiscal year 2019?","$8","Sales return allowance: $8 (fiscal year 2019)"
"How much was the deferred tax valuation allowance in fiscal year 2018?","$469","Deferred tax valuation allowance: $469 (fiscal year 2018)"
"$4","Allowance for doubtful accounts: $4 (fiscal year 2018)"
"What is the representation of additions to the allowance for doubtful accounts?","Additions represent the allowance for doubtful accounts charged to expense.","Additions represent allowance for doubtful accounts charged to expense and deductions represent amounts recorded as reduction to expense upon reassessment of allowance for doubtful accounts at period end."
"Why is the sales return allowance charged as a reduction to revenue?","Sales return allowance is estimated based on historical return rates and charged as a reduction to revenue when revenue is recognized.","Represents allowance for sales returns estimated at the time revenue is recognized primarily based on historical return rates and is charged as a reduction to revenue."
"What does the change in deferred tax valuation allowance primarily relate to?","The change relates to state and certain foreign deferred tax assets unlikely to be realized due to projections of future taxable income.","Represents change in valuation allowance primarily related to state and certain foreign deferred tax assets that management has determined not likely to be realized due, in part, to projections of future taxable income of the respective jurisdictions."
"What type of document outlines the indemnity agreement between NVIDIA Corporation and its directors and officers?","The document type is an 8-K.","The indemnity agreement between NVIDIA Corporation and its directors and officers is outlined in an 8-K document."
"In what year was the Amended and Restated 2007 Equity Incentive Plan documented as an 8-K for NVIDIA?","The year was 2018.","The Amended and Restated 2007 Equity Incentive Plan was documented in an 8-K with the date 5/21/2018."
"Which stock option plan was associated with the annual grant for board service in 2011 for NVIDIA?","The stock option plan is the 2007 Equity Incentive Plan - Non-Statutory Stock Option.","The 2007 Equity Incentive Plan - Non-Statutory Stock Option (Annual Grant - Board Service (2011)) was associated with NVIDIA."
"When was the Amended and Restated 2007 Equity Incentive Plan for Non-Employee Director Stock Option Grant as a 2012 annual board retainer documented in a 10-Q?","It was documented on 5/23/2012.","The 2007 Equity Incentive Plan - Non-Employee Director Stock Option Grant (2012 Annual Board Retainer) is documented in a 10-Q with the date 5/23/2012."
"What is the document type for the 2007 Equity Incentive Plan - Non Statutory Stock Option issued on 9/13/2010?","The document type is an 8-K.","The 2007 Equity Incentive Plan - Non Statutory Stock Option is documented in an 8-K on 9/13/2010."
"Which document type covers the Amended and Restated 2007 Equity Incentive Plan - Restricted Stock Unit Grant Notice and Restricted Stock Unit Purchase Agreement issued on 8/22/2012?","The document type is a 10-Q.","The Amended and Restated 2007 Equity Incentive Plan - Restricted Stock Unit Grant Notice and Restricted Stock Unit Purchase Agreement is covered in a 10-Q on 8/22/2012."
"What is the date associated with the Amended and Restated 2007 Equity Incentive Plan - Global Performance-Based Restricted Stock Unit Grant Notice and Agreement?","March 11, 2019","Amended and Restated 2007 Equity Incentive Plan - Global Performance-Based Restricted Stock Unit Grant Notice and Performance-Based Restricted Stock Unit Agreement (2019)","8-K","0-23985","10.1","3/11/2019"
"Which two officers have certifications required by Rule 13a-14(a) of the Securities Exchange Act of 1934?","Chief Executive Officer and Chief Financial Officer","31.1*","Certification of Chief Executive Officer as required by Rule 13a-14(a) of the Securities Exchange Act of 1934  31.2*","Certification of Chief Financial Officer as required by Rule 13a-14(a) of the Securities Exchange Act of 1934"
"Who is a party to the Credit Agreement dated October 7, 2016, alongside NVIDIA Corporation?","Wells Fargo Bank, National Association and the lenders party thereto","Credit Agreement, dated as of October 7, 2016 by and among NVIDIA Corporation, Wells Fargo Bank, National Association, as administrative agent, and the lenders party thereto","8-K","0-23985","1.1","10/13/2016"
"What is the purpose of the consent filed by PricewaterhouseCoopers LLP?","The consent is for PricewaterhouseCoopers LLP.","23.1*","Consent of PricewaterhouseCoopers LLP"
"What kind of documents does NVIDIA Corporation offer through written request to shareholders?","NVIDIA Corporation offers copies of exhibits not contained in the provided context to shareholders upon written request.","Copies of above exhibits not contained herein are available to any shareholder upon written request to: Investor Relations: NVIDIA Corporation, 2788 San Tomas Expressway, Santa Clara, CA 95051"
