"What is NVIDIA's platform strategy?","NVIDIA's platform strategy involves bringing together hardware, software, algorithms, libraries, systems, and services to create unique value for the markets they serve, using a unified underlying architecture that leverages their GPUs and software stacks.","NVIDIA has a platform strategy, bringing together hardware, software, algorithms, libraries, systems, and services to create unique value for the markets we serve. While the requirements of these end markets are diverse, we address them with a unified underlying architecture leveraging our GPUs and software stacks."
"What are the capabilities of NVIDIA's GPUs that support deep learning algorithms?","NVIDIA's GPUs have parallel processing capabilities supported by up to thousands of computing cores, which are essential for running deep learning algorithms.","Its parallel processing capabilities, supported by up to thousands of computing cores, are essential to running deep learning algorithms."
"How much has NVIDIA invested in research and development since its inception?","NVIDIA has invested over $24 billion in research and development since its inception.","Innovation is at our core. We have invested over $24 billion in research and development since our inception, yielding inventions that are essential to modern computing."
"What fields have NVIDIA's GPU architecture expanded into beyond PC graphics?","NVIDIA has expanded into scientific computing, artificial intelligence, data science, autonomous vehicles, robotics, and augmented and virtual reality.","Since our original focus on PC graphics, we have expanded to several other large and important computationally intensive fields, including scientific computing, artificial intelligence, or AI, data science, autonomous vehicles, or AV, robotics, and augmented and virtual reality, or AR and VR."
"How did NVIDIA's invention of the GPU in 1999 impact modern computer graphics?","NVIDIA's invention of the GPU in 1999 defined modern computer graphics and established NVIDIA as the leader in visual computing.","Our invention of the GPU in 1999 defined modern computer graphics and established NVIDIA as the leader in visual computing."
"GPU-powered deep learning is adopted for applications such as accelerating molecular dynamics simulations, weather forecasting, and powering AI in enterprises for services and products that would be impossible with traditional coding.","GPU-powered deep learning is being adopted by thousands of enterprises to deliver services and products that would have been impossible with traditional coding. Researchers use our GPUs to accelerate a wide range of important applications, from simulating molecular dynamics to weather forecasting."
"What percentage of supercomputers on the global TOP500 list are powered by NVIDIA GPUs?","NVIDIA powers nearly 70% of supercomputers on the global TOP500 list, including 8 of the top 10.","Including GPUs and networking, NVIDIA powers nearly 70%, and 8 of the top 10, supercomputers on the global TOP500 list."
"$40 billion","NVIDIA entered into an agreement with Arm Limited and SoftBank to acquire all allotted and issued ordinary shares of Arm in a transaction valued at $40 billion."
"How much cash did NVIDIA pay at the signing of the acquisition agreement with SoftBank?","$2 billion","NVIDIA paid $2 billion in cash at the signing of the Share Purchase Agreement with SoftBank."
"What could SoftBank receive if Arm achieves certain financial performance targets by March 31, 2022?","SoftBank could receive either up to an additional $5 billion in cash or up to an additional 10.3 million shares of NVIDIA common stock.","The transaction includes a potential earn-out, which is contingent on the achievement of certain financial performance targets by Arm during the fiscal year ending March 31, 2022. If achieved, SoftBank can elect to receive either up to an additional $5 billion in cash or up to an additional 10.3 million shares of NVIDIA common stock."
"What are the main components of NVIDIA's Graphics segment?","GeForce GPUs for gaming and PCs, GeForce NOW game streaming service, Quadro/NVIDIA RTX GPUs, vGPU software, and automotive platforms for infotainment systems.","NVIDIA's Graphics segment includes GeForce GPUs for gaming and PCs, the GeForce NOW game streaming service, Quadro/NVIDIA RTX GPUs, vGPU software for cloud-based visual and virtual computing, and automotive platforms for infotainment systems."
"In which four large markets does NVIDIA specialize that require tremendous application acceleration?","Gaming, Professional Visualization, Data Center, and Automotive markets","NVIDIA's platforms address four large markets where their expertise is critical: Gaming, Professional Visualization, Data Center, and Automotive."
"What technology does NVIDIA's RTX line-up feature for real-time, cinematic-quality rendering in games?","Ray tracing technology","The NVIDIA RTX line-up features ray tracing technology for real-time, cinematic-quality rendering, which simulates the physical behavior of light to achieve greater realism in computer-generated scenes."
"What happens if the Purchase Agreement between NVIDIA and Softbank is terminated under certain circumstances?","NVIDIA will be refunded $1.25 billion of the Signing Consideration.","If the Purchase Agreement is terminated under certain circumstances, NVIDIA will be refunded $1.25 billion of the Signing Consideration."
"What industries benefit from NVIDIA's Professional Visualization platforms?","Design and manufacturing, digital content creation, automotive, media and entertainment, architectural engineering, oil and gas, and medical imaging.","Our Professional Visualization platforms are critical enablers in many fields, such as design and manufacturing and digital content creation. Design and manufacturing encompass computer-aided design, architectural design, consumer-products manufacturing, medical instrumentation, and aerospace. Digital content creation includes professional video editing and post-production, special effects for films, and broadcast-television graphics."
"What is the NVIDIA RTX platform used for?","Rendering film-quality, photorealistic objects and environments with physically accurate shadows, reflections, and refractions using ray tracing in real-time.","The NVIDIA RTX platform makes it possible to render film-quality, photorealistic objects and environments with physically accurate shadows, reflections and refractions using ray tracing in real-time."
"Which companies are NVIDIA's partners in bringing AI to enterprise users?","IBM, Microsoft, Oracle, SAP, and VMware.","We partnered with industry leaders such as IBM, Microsoft, Oracle, SAP, and VMware to bring AI to enterprise users."
"What purpose do NVIDIA's GPUs serve in the AI field?","They excel at parallel workloads such as the training and inferencing of neural networks.","At the foundation of the NVIDIA accelerated computing platform are our GPUs, which excel at parallel workloads such as the training and inferencing of neural networks."
"What are some applications that utilize NVIDIA's virtual reality technology?","Virtual car showrooms, surgical training, architectural walkthroughs, and bringing historical scenes to life.","Just as VR is becoming more important in gaming, it is also being incorporated in a growing number of enterprise applications. Virtual car showrooms, surgical training, architectural walkthroughs, and bringing historical scenes to life all deploy this technology, powered by our GPUs."
"What acquisition did NVIDIA complete in fiscal year 2021?","NVIDIA completed the acquisition of Mellanox Technologies, Ltd.","In fiscal year 2021, we completed the acquisition of Mellanox Technologies, Ltd., or Mellanox, a supplier of high-performance interconnect and networking products that are now part of our Data Center market platform."
"Who did NVIDIA acquire in fiscal year 2021 to enhance its Data Center market platform?","Mellanox Technologies, Ltd.","In fiscal year 2021, we completed the acquisition of Mellanox Technologies, Ltd., a supplier of high-performance interconnect and networking products that are now part of our Data Center market platform."
"What new class of processor did NVIDIA announce that is supported by the DOCA architecture?","Data processing unit (DPU)","We announced a new class of processor – the data processing unit, or DPU – supported by a novel data-center-infrastructure-on-a-chip architecture, or DOCA, that enables breakthrough networking, storage and security performance."
"What software products does NVIDIA offer to support powerful GPU performance for virtual machines?","NVIDIA virtual GPU (vGPU) software products","NVIDIA vGPU software products enable powerful GPU performance for workloads ranging from graphics-rich virtual desktops and workstations to data science and AI. Installed on a physical GPU in a cloud or enterprise data center server, NVIDIA vGPU software creates virtual GPUs that can be shared across multiple virtual machines accessed on any device, anywhere."
"Which cloud partners does NVIDIA collaborate with for deploying AI and HPC applications?","Amazon Web Services, Google Cloud, Microsoft Azure, and Oracle Cloud","AI developers, researchers and data scientists can deploy their applications on DGX systems, NGC-ready workstations or servers from NVIDIA systems partners, or with NVIDIA’s cloud partners such as Amazon Web Services, Google Cloud, Microsoft Azure, or Oracle Cloud."
"DRIVE AutoPilot","Our Xavier system-on-a-chip, or SoC, which started shipping in 2018, enables vehicles to use deep neural networks to process data from multiple cameras and sensors. It powers the DRIVE AutoPilot, NVIDIA’s Level 2+ automated driving solution, combining the DRIVE AV self-driving solution with the DRIVE IX cockpit software."
"What simulation solution does NVIDIA offer for testing self-driving platforms before deployment?","NVIDIA DRIVE Constellation running DRIVE Sim software","We offer a scalable data center-based simulation solution, NVIDIA DRIVE Constellation running DRIVE Sim software, for testing and validating a self-driving platform before commercial deployment."
"What does NVIDIA’s DRIVE platform use to perceive and understand in real-time around the vehicle?","Deep learning, sensor fusion, and surround vision","NVIDIA DRIVE can perceive and understand in real-time what is happening around the vehicle, precisely locate itself on an HD map, and plan a safe path forward. This advanced self-driving car platform combines deep learning, sensor fusion, and surround vision to change the driving experience."
"What is the primary approach mentioned for addressing complex issues in the transportation industry due to autonomous driving?","A top-to-bottom and end-to-end approach.","A top-to-bottom and end-to-bottom approach will enable the transportation industry to solve the complex problems arising from the shift to autonomous driving."
"How does the company make its intellectual property available to customers and partners?","Through license and development agreements.","Our intellectual property is a valuable asset that can be accessed by our customers and partners through license and development agreements when they desire to build such capabilities directly into their own products, or have us do so through a custom development."
"What is a key aspect of the company's worldwide sales and marketing strategy?","Collaborating with end customers and industry ecosystems through a partner network.","Our worldwide sales and marketing strategy is key to achieving our objective of providing markets with our high-performance and efficient computing platforms. Our sales and marketing teams, located across our global markets, work closely with end customers and various industry ecosystems through our partner network."
"Who are part of the company's partner network in their sales strategy?","Industry's OEMs, ODMs, system builders, AIBs, retailers/distributors, internet and cloud service providers, automotive manufacturers and suppliers, mapping companies, start-ups, and other ecosystem participants.","Our partner network incorporates each industry's respective OEMs, original device manufacturers, or ODMs, system builders, add-in board manufacturers, or AIBs, retailers/distributors, internet and cloud service providers, automotive manufacturers and tier-1 automotive suppliers, mapping companies, start-ups, and other ecosystem participants."
"What type of manufacturing strategy does the company use for its semiconductors?","A fabless manufacturing strategy.","We do not directly manufacture semiconductors used for our products. Instead, we utilize a fabless manufacturing strategy, whereby we employ world-class suppliers for all phases of the manufacturing process, including wafer fabrication, assembly, testing, and packaging."
"Which suppliers does the company use for semiconductor wafer production?","Taiwan Semiconductor Manufacturing Company Limited and Samsung Electronics Co. Ltd.","We utilize industry-leading suppliers, such as Taiwan Semiconductor Manufacturing Company Limited and Samsung Electronics Co. Ltd, to produce our semiconductor wafers."
"What does the company's Deep Learning Institute offer to developers?","In-person and online training to build AI and accelerated computing applications using their platforms.","Our Deep Learning Institute provides in-person and online training for developers in industries and organizations around the world to build AI and accelerated computing applications that leverage our platforms."
"From which companies do we purchase substrates and memory for our semiconductor products?","Substrates are purchased from Ibiden Co. Ltd., Kinsus Interconnect Technology Corporation, and Unimicron Technology Corporation. Memory is sourced from Micron Technology, Samsung Semiconductor, Inc., and SK Hynix.","We purchase substrates from Ibiden Co. Ltd., Kinsus Interconnect Technology Corporation, and Unimicron Technology Corporation, and memory from Micron Technology, Samsung Semiconductor, Inc., and SK Hynix."
"Where do we ship semiconductor products after performing quality assurance and configuration?","Semiconductor products are shipped to contract equipment manufacturers (CEMs), distributors, motherboard and add-in card (AIC) customers from our third-party warehouse in Hong Kong, Israel, and the United States.","We typically receive semiconductor products from our subcontractors, perform incoming quality assurance and configuration, and then ship the semiconductors to contract equipment manufacturers, or CEMs, distributors, motherboard and add-in card, or AIC, customers from our third-party warehouse in Hong Kong, Israel, and the United States."
"Who are some of the contract manufacturers (CMs) and original design manufacturers (ODMs) we utilize for product manufacturing?","We utilize contract manufacturers such as Flex Ltd. and Fabrinet, and original design manufacturers such as Wistron Corporation.","We also utilize industry-leading contract manufacturers, or CMs, such as Flex Ltd. and Fabrinet, and ODMs such as Wistron Corporation, to manufacture some of our products for sale directly to end customers."
"What are considered principal competitive factors in our market?","Principal competitive factors in our market include performance, breadth of product offerings, access to customers and partners, distribution channels, software support, conformity to industry standard APIs, manufacturing capabilities, processor pricing, and total system costs.","We believe that the principal competitive factors in this market are performance, breadth of product offerings, access to customers and partners and distribution channels, software support, conformity to industry standard APIs, manufacturing capabilities, processor pricing, and total system costs."
"Who are some of our current competitors in the market?","Current competitors include suppliers and licensors designing discrete and integrated GPUs and HPC solutions like AMD, Intel, and Xilinx; large internet services companies like Alphabet Inc. and Amazon, Inc.; SoC product suppliers like Ambarella, Inc., Broadcom Inc., and Qualcomm; and suppliers of interconnect solutions like Applied Optoelectronics, Cisco Systems, and Arista Networks.","Our current competitors include: suppliers and licensors designing discrete and integrated GPUs and other accelerated computing solutions, including chipsets that incorporate 3D graphics, or HPC, such as Advanced Micro Devices, or AMD, Intel Corporation, and Xilinx, Inc.; large internet services companies with internal teams designing chips that incorporates HPC or accelerated computing functionality as part of their internal solutions or platforms, such as Alphabet Inc. and Amazon, Inc.; suppliers of SoC products that are embedded into automobiles, autonomous machines, and gaming devices, such as Ambarella, Inc., AMD, Broadcom Inc., Intel, Qualcomm Incorporated, Renesas Electronics Corporation, Samsung, and Xilinx or companies with internal teams designing SoC products for internal use, such as Tesla Motors; and suppliers of interconnect, switch and cable solutions such as Applied Optoelectronics, Inc., Arista Networks, Broadcom, Cisco Systems, Inc., Hewlett Packard Enterprise Company, Intel, Juniper Networks, Inc., Lumentum Holdings, Marvell Technology Group, and Xilinx, as well as internal teams of system vendors and large internet services companies such as Alphabet and Amazon."
"What measures do we rely on to protect our intellectual property in the United States and internationally?","We rely on a combination of patents, trademarks, trade secrets, employee and third-party nondisclosure agreements, and licensing arrangements to protect our intellectual property.","We rely primarily on a combination of patents, trademarks, trade secrets, employee and third-party nondisclosure agreements, and licensing arrangements to protect our intellectual property in the United States and internationally."
"What are some factors considered when deciding whether to seek formal protection for innovations and technologies?","Factors include the location in which products are manufactured, strategic technology or product directions in different countries, and the degree to which intellectual property laws exist and are enforced in different jurisdictions.","We continuously assess whether and where to seek formal protection for particular innovations and technologies based on such factors as: the location in which our products are manufactured; our strategic technology or product directions in different countries; the degree to which intellectual property laws exist and are meaningfully enforced in different jurisdictions; and"
"What factors influence the decision to seek formal protection for innovations and technologies in certain locations?","The decision to seek formal protection for innovations and technologies is influenced by factors such as the location of product manufacturing, strategic technology or product directions in different countries, the degree of enforcement of intellectual property laws, and the commercial significance of operations in specific countries and regions.","We continuously assess whether and where to seek formal protection for particular innovations and technologies based on such factors as: the location in which our products are manufactured; our strategic technology or product directions in different countries; the degree to which intellectual property laws exist and are meaningfully enforced in different jurisdictions; and the commercial significance of our operations and our competitors' operations in particular countries and regions."
"How does the company describe its compliance with worldwide governmental regulations in relation to capital expenditures and operations?","The company states that compliance with various laws, rules, and regulations has not materially affected their capital expenditures, results of operations, or competitive position.","Our worldwide business activities are subject to various laws, rules, and regulations of the United States as well as of foreign governments. Compliance with these laws, rules, and regulations has not had a material effect upon our capital expenditures, results of operations, or competitive position."
"What percentage of new hires came from internal recommendations, as noted in the recruitment overview?","Over 36% of hires came from internal recommendations.","We partner with higher education institutions globally to develop our candidate pipelines, recruit at industry conferences, and encourage our employees to submit referrals, with over 36% of hires coming from internal recommendations."
"What methods does the company use to evaluate employee sentiment and engagement?","The company uses pulse surveys, a suggestion box, and an anonymous third-party hotline to evaluate employee sentiment and engagement.","To evaluate employee sentiment and engagement, we use several listening mechanisms such as pulse surveys, a suggestion box, and an anonymous third-party hotline."
"What roles were created to enhance diversity and inclusion efforts in fiscal year 2021?","In fiscal year 2021, the company created the role of Head of Diversity, Inclusion, and Belonging, along with hiring a global diversity recruiting leader.","We have increased our efforts to recruit, develop, and retain a more diverse workforce with a focus on those historically underrepresented in the technology field. In fiscal year 2021, we created the role of Head of Diversity, Inclusion, and Belonging, along with hiring a global diversity recruiting leader."
"What is the company’s stated turnover rate for fiscal year 2021?","The turnover rate for fiscal year 2021 was 3.8%.","In fiscal year 2021, our overall turnover rate was 3.8%."
"Why does the company provide equity to employees, according to the compensation, benefits, and well-being section?","The company provides equity to employees to encourage them to invest in the company’s future and align their interests with those of the stockholders, as it is tied to the value of the company's stock price and vests over time.","Our compensation program rewards performance and is structured to encourage employees to invest in the company’s future. Employees receive equity that is tied to the value of our stock price and vests over time to retain employees while simultaneously aligning their interests with those of our stockholders."
"What new position was created to support diversity efforts in fiscal year 2021?","Head of Diversity, Inclusion, and Belonging","In fiscal year 2021, we created the role of Head of Diversity, Inclusion, and Belonging, along with hiring a global diversity recruiting leader, and a Head of Strategic Initiatives to build our developer ecosystem and ensure it represents the global population."
"What percentage of the company's global workforce was male as of January 31, 2021?","80%","As of January 31, 2021, our global workforce was 80% male and 20% female."
"Who is the President and Chief Executive Officer of the company?","Jen-Hsun Huang","Jen-Hsun Huang is the President and Chief Executive Officer. Jen-Hsun Huang co-founded NVIDIA in 1993 and has served as our President, Chief Executive Officer and a member of the Board of Directors since our inception."
"What role does Colette M. Kress hold at NVIDIA?","Executive Vice President and Chief Financial Officer","Colette M. Kress is the Executive Vice President and Chief Financial Officer of NVIDIA."
"What measures were taken to protect employees during the COVID-19 pandemic?","Implemented global protocols including office closures, remote work resources, safety protocols for essential workers.","We implemented global protocols to slow the spread of COVID-19 by closing our offices around the world for all except essential workers, eliminated most business travel, provided resources for remote work, instituted safety protocols for essential labs and offices."
"What degrees does Jen-Hsun Huang hold?","B.S.E.E. degree from Oregon State University and an M.S.E.E. degree from Stanford University.","Mr. Huang holds a B.S.E.E. degree from Oregon State University and an M.S.E.E. degree from Stanford University."
"Which demographic groups are the focus of the company's diversity recruitment efforts?","Women, Black, and Hispanic candidates.","We have increased our efforts to recruit, develop, and retain a more diverse workforce with a focus on those historically underrepresented in the technology field, including women, Black, and Hispanic candidates."
"What positions did Debora Shoquist hold at NVIDIA?","Senior Vice President of Operations in 2007 and Executive Vice President of Operations in 2009.","Debora Shoquist joined NVIDIA in 2007 as Senior Vice President of Operations and in 2009 became Executive Vice President of Operations."
"Mr. Puri received his M.B.A. degree from Harvard Business School.","Harvard Business School.","Mr. Puri holds an M.B.A. degree from Harvard Business School."
"What type of company is Coherent, Inc.?","A manufacturer of commercial and scientific laser equipment.","Coherent, Inc. is a manufacturer of commercial and scientific laser equipment."
"What degrees does Mr. Teter hold?","A B.S. degree in Mechanical Engineering from the University of California at Davis and a J.D. degree from Stanford Law School.","Mr. Teter holds a B.S. degree in Mechanical Engineering from the University of California at Davis and a J.D. degree from Stanford Law School."
"What roles did Timothy S. Teter hold at NVIDIA, and in what years?","Senior Vice President, General Counsel and Secretary in 2017, and became Executive Vice President, General Counsel and Secretary in February 2018.","Timothy S. Teter joined NVIDIA in 2017 as Senior Vice President, General Counsel and Secretary and became Executive Vice President, General Counsel and Secretary in February 2018."
"What kind of information can be found on the SEC's website?","Reports, proxy and information statements, and other information regarding issuers that electronically file with the SEC.","The SEC’s website contains reports, proxy and information statements, and other information regarding issuers that file electronically with the SEC."
"What are the four large markets addressed by NVIDIA's GPU-based visual and accelerated computing platforms?","Gaming, Professional Visualization, Data Center, and Automotive","Our GPU-based visual and accelerated computing platforms address four large markets: Gaming, Professional Visualization, Data Center, and Automotive. These markets often experience rapid technological change, changes in customer requirements, new product introductions and enhancements, and evolving industry standards."
"Why is it important for NVIDIA to win product design opportunities in markets where they do not sell directly to consumers?","Winning product design opportunities is crucial because it involves anticipating customer demands, and failure to secure these design wins may prevent NVIDIA from obtaining future opportunities, which could lead to lost revenue and weaken its competitive position.","For our products that we do not sell directly to consumers, achieving design wins is an important success factor, including for our interconnect products. Achieving design wins may involve a lengthy process in pursuit of a customer opportunity and depend on our ability to anticipate features and functionality that customers and consumers will demand. Failure to obtain a particular design win may prevent us from obtaining design wins in subsequent generations of a particular product. This could result in lost revenue and could weaken our position in future competitive bid selection processes."
"What are some activities NVIDIA must engage in to meet the evolving needs of its markets?","NVIDIA must engage in identifying emerging industry changes, developing new products, enhancing existing products, and making technical, financial, compliance, sales, and marketing investments.","Our success depends on our ability to identify emerging industry changes and to develop new (or enhance our existing) products, services and technologies that meet the evolving needs of these markets. Such activities may require considerable technical, financial, compliance, sales and marketing investments."
"What could happen if NVIDIA fails to develop new products or focus on widely adopted technologies?","Failure to develop new products or focus on technologies that become widely adopted could adversely affect NVIDIA's business, revenue, financial condition, and results of operations.","Additionally, we continue to make considerable investments in research and development, which may not produce significant revenue for several years, if at all. If our investments are unsuccessful and we fail to develop new products, services and technologies, or if we focus on technologies that do not become widely adopted, our business, revenue, financial condition and results of operations could be adversely affected."
"NVIDIA needs to evolve to manage the social and environmental impact of its products, expand the ecosystem for its products, and monetize and expand its business to prevent negative financial impacts.","If we do not continue to evolve our business, including by developing market specific technologies, managing the social and environmental impact of our products and technologies, expanding the ecosystem for our current and future products and technologies, and monetizing and expanding our business in various areas, our financial results could be negatively impacted."
"What challenges might NVIDIA face if its products are not in compliance with industry standards?","If NVIDIA's products are not in compliance with industry standards, customers may not incorporate the products into their design strategies, potentially leading to lost sales and incompatibility with major hardware and software.","Unanticipated changes in industry standards could render our products incompatible with products developed by major hardware manufacturers and software developers. Additionally, if our products are not in compliance with prevailing industry standards, including safety standards, our customers may not incorporate our products into their design strategies."
"How might the competitive landscape impact NVIDIA's revenue growth?","The competitive landscape could hinder NVIDIA's revenue growth as competitors may offer less costly products with superior functionality, potentially resulting in lower selling prices for NVIDIA's products and challenges in identifying and capitalizing on new market opportunities.","Competition in our current and target markets could prevent us from growing our revenue. Our target markets remain extremely competitive, and we expect competition to intensify as current competitors expand their product and/or service offerings, industry standards continue to evolve, customer needs change and new competitors enter these markets. Our competitors’ products, services and technologies may be less costly, or may offer superior functionality or better features, than ours, which may result, among other things, in lower than expected selling prices for our products. In addition, some of our competitors operate and maintain their own fabrication facilities, have longer operating histories, larger customer bases, more comprehensive IP portfolios and patent protections, and greater financial, sales, marketing and distribution resources than we do. These competitors may be able to more effectively identify and capitalize upon opportunities in new markets and end user customer trends, quickly transition their products."
"Why might the company experience lower than expected selling prices for its products?","Competitors may offer superior functionality or better features, potentially resulting in lower expected selling prices for the company's products.","offer superior functionality or better features, than ours, which may result, among other things, in lower than expected selling prices for our products."
"What are some of the advantages that competitors may have over the company?","Competitors may have longer operating histories, larger customer bases, more comprehensive IP portfolios, and greater resources in finances, sales, marketing, and distribution.","some of our competitors operate and maintain their own fabrication facilities, have longer operating histories, larger customer bases, more comprehensive IP portfolios and patent protections, and greater financial, sales, marketing and distribution resources than we do."
"What risks are associated with the company's dependency on third-party foundries for manufacturing?","Risks include lack of guaranteed supply of wafers, potential higher wafer costs, failure to secure adequate manufacturing capacity, and low manufacturing yields.","We depend on third parties and their technology to manufacture, assemble, test and/or package our products... we face several significant risks...a lack of guaranteed supply of wafers... higher wafer and component prices...a failure by our foundries to provide or allocate adequate manufacturing...low manufacturing yields."
"What might happen if the company fails to successfully compete in its target markets?","Failing to compete may result in decreased demand for its products, services, and technologies, causing its revenue to decline and operations to suffer.","If we are unable to successfully compete in our target markets, respond to changes in our target markets or introduce new offerings...demand for our products, services and technologies could decrease, which would cause our revenue to decline and cause our results of operations to suffer."
"How could consolidation in target markets affect the company?","Consolidation could lead to fewer customers, partners, or suppliers, negatively affecting the company's financial results.","the competitive landscape in our target markets has changed and may continue to evolve due to a trend toward consolidation, which could lead to fewer customers, partners, or suppliers, any of which could negatively affect our financial results."
"What impact could low manufacturing yields have on the company?","Low manufacturing yields could harm customer relationships, increase manufacturing costs, and negatively impact business operations, gross margin, and revenue.","In addition, low manufacturing yields could have an adverse effect on our ability to meet customer demand, increase manufacturing costs, harm customer or partner relationships, and/or negatively impact our business operations, gross margin, revenue and/or financial results."
"What challenges does the company face regarding product design and manufacturing yield improvements?","Challenges include dependency on process technology which is typically proprietary to the foundry and lack of knowledge about potential yield problems until the design is manufactured.","Manufacturing yields for our products are a function of product design, which is developed largely by us, and process technology, which typically is proprietary to the foundry. Low yields may result from either product design or process technology failure. We do not know whether a yield problem will exist until our design is actually manufactured by the foundry."
"What are the main factors that influence the yields of products?","Product yields are influenced by product design and process technology, which is typically proprietary to the foundry.","Products are a function of product design, which is developed largely by us, and process technology, which typically is proprietary to the foundry. Low yields may result from either product design or process technology failure."
"Why might yield problems not be identified until well into the manufacturing process?","Yield problems may not be identified until well into the manufacturing process because it is unknown if a yield problem will exist until the design is actually manufactured by the foundry.","We do not know whether a yield problem will exist until our design is actually manufactured by the foundry. As a result, yield problems may not be identified until well into the manufacturing process and require us and the foundry to cooperate to resolve the problem."
"What causes delays in the introduction of new products or product enhancements?","Delays in the introduction of new products or product enhancements can be caused by the inability of available software development tools to fully simulate the complex features and functionalities of products.","In the past, we have experienced delays in the introduction of products and enhancements as a result of the inability of then available software development tools to fully simulate the complex features and functionalities of our products."
"What are the potential consequences of products containing significant defects?","If products contain significant defects, it can lead to substantial remediation expenses, damage to reputation, loss of market share, and increased warranty, support, and repair costs.","If our products contain significant defects, we could incur significant expenses to remediate such defects, our reputation could be damaged, and we could lose market share. Our products, including both hardware and software offerings, are complex and may contain defects or security vulnerabilities, or experience failures or unsatisfactory performance due to any number of issues in design, fabrication, packaging, materials and/or use within a system."
"How could product errors affect consumer perceptions?","Product errors could harm relationships with customers and partners, harm consumers’ perceptions of the brand, and result in failure to achieve market acceptance or loss of design wins.","An error or defect in new products or releases or related software drivers after commencement of commercial shipments could result in failure to achieve market acceptance or loss of design wins, harm our relationships with customers and partners and harm consumers’ perceptions of our brand."
"What risks are associated with inaccurate estimation of customer demand?","Inaccurate estimation of customer demand could lead to a mismatch between supply and demand, resulting in product shortages or excess inventory and negatively impacting financial results.","If we fail to estimate customer demand properly, our financial results could be harmed. Our products are manufactured based on estimates of customers’ future demand and our manufacturing lead times are very long. This could lead to a significant mismatch between supply and demand, giving rise to product shortages or excess inventory."
"What could happen if there is a failure to achieve design wins for products?","Failure to achieve design wins for products could harm the business, potentially leading to a decline in market share and reduced revenues.","If we fail to achieve design wins for our products, our business will be harmed."
"What are some potential causes for excess or obsolete inventory in a company?","Potential causes for excess or obsolete inventory include changes in business and economic conditions, a decrease in demand for products, rapidly changing technology, introduction of new products, less demand than expected for newly introduced products, and increased competition.","Situations that may result in excess or obsolete inventory include: changes in business and economic conditions, including downturns in our target markets and/or overall economy; changes in consumer confidence caused by changes in market conditions, including changes in the credit market; a sudden and significant decrease in demand for our products; a higher incidence of inventory obsolescence because of rapidly changing technology or customer requirements; our introduction of new products resulting in lower demand for older products; less demand than expected for newly-introduced products; or increased competition, including competitive pricing actions."
"How could volatility in the cryptocurrency market impact the demand for gaming GPUs?","Volatility in the cryptocurrency market, including changes in cryptocurrency prices, can impact demand for gaming GPUs as these are capable of digital currency mining. Changes to cryptocurrency standards and processes like Ethereum 2.0 can also affect demand.","Demand for our products is based on many factors, including our product introductions and transitions, competitor announcements, and competing technologies, all of which can impact the timing and amount of our revenue. For example, our GPUs for gaming are capable of digital currency mining. Demand and use of GPUs for cryptocurrency has fluctuated in the past and is likely to continue to change quickly. Volatility in the cryptocurrency market, including changes in the prices of cryptocurrencies, can impact demand for our products and our ability to estimate demand for our products. Changes to cryptocurrency standards and processes including, but not limited to, the pending Ethereum 2.0 standard may also create increased aftermarket resales of our GPUs and may reduce demand for our new GPUs."
"What are some challenges companies face in estimating future demand due to COVID-19?","During the COVID-19 pandemic, consumer behavior, such as increased demand for gaming, data center, and mobile workstation products and suppressed corporate demand for desktop workstations, has made it difficult to estimate future demand.","Additionally, consumer behavior during the COVID-19 pandemic, such as increased demand for our Gaming, Data Center and mobile workstation and laptop products and suppressed corporate demand for desktop workstations, has made it more difficult for us to estimate future demand, and these challenges may be more pronounced in the future if and when the effects of the pandemic subside."
"What can happen if a company inaccurately anticipates product demand?","If a company inaccurately anticipates product demand, it could experience excess or obsolete inventory, reduced gross margins, and the need to write down inventory to lower cost or net realizable value, potentially harming financial results.","If we are unable to accurately anticipate demand for our products, our business and financial results could be adversely impacted. Situations that may result in excess or obsolete inventory include: •changes in business and economic conditions, including downturns in our target markets and/or overall economy; •changes in consumer confidence caused by changes in market conditions, including changes in the credit market; •a sudden and significant decrease in demand for our products; •a higher incidence of inventory obsolescence because of rapidly changing technology or customer requirements; •our introduction of new products resulting in lower demand for older products; •less demand than expected for newly-introduced products; or •increased competition, including competitive pricing actions. The cancellation or deferral of customer purchase orders could result in our holding excess inventory, which could adversely affect our gross margins. In addition, because we often sell a substantial portion of our products in the last month of each quarter, we may not be able to reduce our inventory purchase commitments in a timely manner in response to customer cancellations or deferrals. We could be required to write-down our inventory to the lower of cost or net realizable value or excess inventory, and we could experience a reduction in average selling prices if we incorrectly forecast product demand, any of which could harm our financial results."
"How can a company be negatively affected by security breaches and cyber-attacks?","Security breaches and cyber-attacks can disrupt operations, reduce expected revenue, increase expenses, harm the stock price, damage reputation, and lead to system disruptions or shutdowns.","System security and data protection breaches, as well as cyber-attacks, could disrupt our operations, reduce our expected revenue and increase our expenses, which could adversely affect our stock price and damage our reputation. Security breaches, computer malware, phishing, and cyber-attacks have become more prevalent and sophisticated in recent years. These threats are constantly evolving, making it increasingly difficult to successfully defend against them or implement adequate preventative measures. These attacks have occurred on our systems in the past and are expected to occur in the future."
"Why might companies place non-cancellable inventory orders significantly in advance of normal lead times?","Companies might place non-cancellable inventory orders significantly in advance to secure normal and incremental future supply during periods with limited availability of capacity and components in the supply chain, even if doing so might negatively impact financial results.","In periods with limited availability of capacity and components in our supply chain, we may place non-cancellable inventory orders significantly in advance of our normal lead times, pay premiums or provide deposits to secure normal and incremental future supply, which could negatively impact our financial results."
"What are some consequences if a company underestimates customer demand for its products?","If a company underestimates customer demand, it may not have adequate lead-time or capacity to increase production, leading to insufficient inventory, and may also face supply constraints, damaging customer relationships, revenue, and market share.","Conversely, if we underestimate our customers' demand for our products, our foundry partners may not have adequate lead-time or capacity to increase production and we may not be able to obtain sufficient inventory to fill customers' orders on a timely basis. We may also face supply constraints caused by natural disasters or other events. In such cases, even if we are able to increase production levels to meet customer demand, we may not be able to do so in a cost-effective or timely manner. If we fail to fulfill our customers' orders on a timely basis, or at all, our customer relationships could be damaged, we could lose revenue and market share and our reputation could be damaged."
"What was the outcome of NVIDIA's investigation into the SolarWinds Inc. data security breach?","NVIDIA's investigation, supported by a third party expert, did not identify any adverse impact to NVIDIA from the SolarWinds Inc. data security breach.","In 2020, SolarWinds Inc., one of our third party software service providers, was subject to a data security breach. To date, our investigations of this breach, which were supported by a third party expert, have not identified any adverse impact to NVIDIA."
"What measures does NVIDIA consider necessary to defend against security threats?","NVIDIA must engineer more secure products, enhance security features, develop internal security measures, ensure suppliers have security measures, and meet evolving customer security requirements.","To defend against security threats, both to our internal systems and those of our customers, we must continuously engineer more secure products and enhance security and reliability features, which may result in increased expenses. We must also continue to develop security measures within NVIDIA, ensure our suppliers have appropriate security measures in place, and continue to meet the evolving security requirements of our customers or our business could be negatively impacted."
"What could be the potential consequences of security breaches affecting NVIDIA's systems?","Potential consequences include litigation and liability, regulatory actions, damage to brand and reputation, financial losses, loss of customers, and increased expenses.","Actual or perceived breaches of our security measures or the accidental loss, inadvertent disclosure or unapproved dissemination of proprietary information or sensitive or confidential data about us, our partners, our customers or third parties could expose us and the parties affected to a risk of loss or misuse of this information, resulting in litigation and potential liability, paying damages, regulatory inquiries or actions, damage to our brand and reputation or other harm to our business. Our efforts to prevent and overcome these challenges could increase our expenses and may not be successful."
"How could business disruptions affect NVIDIA's financial results and reputation?","Business disruptions could delay sales, lower margins, lead to lost customers, and negatively impact financial results, stock price, and reputation.","Delayed sales, lower margins or lost customers as a result of these disruptions could adversely affect our financial results, stock price, and reputation. Business disruptions could harm our business, lead to a decline in revenues, and increase our costs."
"What geographical locations are mentioned as vulnerable to natural disasters affecting NVIDIA's operations?","California, Taiwan, China, Hong Kong, Israel, Korea, and areas near major earthquake faults are mentioned as vulnerable locations.","Our corporate headquarters, and a portion of our research and development activities, are located in California. Other critical operations are concentrated in Taiwan, China, Hong Kong, Israel, and Korea. Additionally, vulnerable areas include California, known for seismic activity."
"What political or regulatory developments could adversely impact NVIDIA's business operations?","Geopolitical changes, trade policies, and regulations such as the Export Control Reform Act of 2018 could impact operating strategies, product demand, market access, hiring, and profitability, possibly resulting in increased taxation or trade sanctions.","Geopolitical change or changes in government regulations and policies in the United States or abroad may result in changing regulatory requirements, trade policies, import duties and economic disruptions. Regulations like the Export Control Reform Act of 2018 could have an adverse effect on our business plans."
"What are some potential disruptions to business operations mentioned?","Disruptions could include natural disasters, high heat events, water shortages, climate change impacts, information technology system failures, military actions, and various economic, business, labor, environmental, public health, regulatory, or political issues.","Our operations could be harmed if manufacturing, logistics or other operations in these locations are disrupted for any reason, including natural disasters, high heat events or water shortages, other negative impacts from climate change, information technology system failures, military actions or economic, business, labor, environmental, public health, regulatory or political issues."
"How could a major earthquake or disaster affect business operations?","A major earthquake or disaster could result in declines in revenue, increases in expenses, and substantial expenditures and time needed to fully resume operations.","In the event a major earthquake or other disaster or catastrophic event affects us or the third-party systems on which we rely, our business could be harmed as a result of declines in revenue, increases in expenses, substantial expenditures and time spent to fully resume operations."
"In what ways has the COVID-19 pandemic impacted business operations?","The pandemic led to travel bans, quarantines, and shutdowns which affected the workforce, customer operations, and the supplier network. It created economic uncertainty and altered demand patterns, impacting supply chain availability, pricing power, and operational capacity.","The COVID-19 pandemic continues to impact our business and could materially adversely affect our financial condition and results of operations. COVID-19 has spread worldwide, resulting in government authorities implementing numerous measures to try to contain the disease, such as travel bans and restrictions, quarantines, shelter-in-place orders and shutdowns. These measures have impacted, and may further impact, our workforce and operations, the operations of our customers and our partners, and those of our respective vendors and suppliers."
"What were some observed effects of COVID-19 on market demand?","During the pandemic, there was increased demand in the Gaming and Data Center market platforms, while Automotive market demand remained relatively unaffected. However, Desktop Workstation demand was recovering but not reaching pre-pandemic levels.","In the fourth quarter of fiscal year 2021, our Gaming and Data Center market platforms benefited from stronger demand as people continue to work, learn, and play from home. Our Professional Visualization market platform benefited from work-from-home trends in mobile workstations and desktop workstation demand has started to recover, although not back to pre-COVID levels. In our Automotive market platform, COVID-19 did not have a significant impact on demand."
"How has the COVID-19 pandemic affected the supply chain?","The pandemic has limited the availability of capacity and components, particularly in Gaming, causing potential issues like over-ordering, higher prices, or supply constraints.","Stronger demand globally has limited the availability of capacity and components in our supply chain, particularly in Gaming, which could cause us to order an excess amount if demand changes, pay higher prices, or limit our ability to obtain supply at necessary levels or at all."
"What are some measures taken in response to COVID-19 disruption?","The company modified business practices such as implementing mandatory work-from-home policies, employee travel restrictions, and canceling physical participation in meetings and events. Remote work remains largely in place, with ongoing uncertainty about these measures' effectiveness.","The spread of COVID-19 has caused us to modify our business practices (including employee travel, mandatory work-from-home policies and cancellation of physical participation in meetings, events and conferences), and we may take further actions as required by government authorities and regulations or that we determine are in the best interests of our employees, customers, partners and suppliers. Most of our employees continue to work remotely. There is no certainty that such measures will be sufficient to mitigate the risks posed by the disease."
"What is one significant risk to financial markets caused by the pandemic?","Significant disruption of global financial markets, which may reduce access to capital and customers' ability to pay for purchases, negatively affecting liquidity.","The pandemic has resulted in, and may continue to result in, significant disruption of global financial markets, which may reduce our ability to access capital or our customers’ ability to pay us for past or future purchases, which could negatively affect our liquidity."
"What could be a consequence of a recession or financial market correction due to COVID-19?","It could impact overall technology spending, adversely affecting demand for products, business, and the value of common stock.","A recession or financial market correction resulting from the lack of containment and spread of COVID-19 could impact overall technology spending, adversely affecting demand for our products, our business and the value of our common stock."
"How can the duration and impact of the COVID-19 pandemic affect business operations?","The extent of the impact will depend on future developments, including the pandemic's duration, spread, severity, containment actions, vaccine availability, travel restrictions, and effects on customer spending, all of which are uncertain.","The extent of the impact of the COVID-19 pandemic on our operational and financial performance, including our ability to execute our business strategies and initiatives in the expected time frame, will depend on future developments, including, but not limited to, the duration and continued spread of the pandemic, its severity, the actions to contain the disease or treat its impact, availability of vaccines or other treatments, further related restrictions on travel, and the duration, timing and severity of the impact on customer spending, including any recession resulting from the pandemic, all of which are uncertain and cannot be predicted."
"What challenges may future acquisitions or investments present to business growth?","Future acquisitions or investments could impair the ability to grow the business, develop new products, or sell products, potentially impacting financial results negatively.","The Mellanox acquisition, the planned Arm acquisition and future acquisitions or investments involve significant challenges and risks, and could impair our ability to grow our business, develop new products or sell our products, and ultimately could have a negative impact on our growth or our financial results."
"What is a potential consequence if strategic acquisitions cannot be completed timely due to regulatory delays?","There could be a failure to pursue other transactions, inability to retain critical talent, less attractive acquisition post-acquisition, and jeopardizing the anticipated benefits, negatively impacting business.","If we are unable to complete acquisitions in a timely manner, including due to delays in obtaining regulatory approvals, we may be unable to pursue other transactions, we may not be able to retain critical talent from the target company, technology may evolve, making the acquisition less attractive, and other changes can take place which could jeopardize or reduce the anticipated benefits of the transaction and negatively impact our business."
"What are some risks involved with business acquisitions like Mellanox?","Risks include difficulty combining technologies, integrating and retaining the workforce, capital diversion, assuming liabilities, and the negative impact on financial forecasting and compliance with regulatory approvals.","Additional risks related to the Mellanox acquisition, the planned Arm acquisition and other acquisitions or strategic investments include, but are not limited to: difficulty in combining the technology, products, or operations of the acquired business with our business; difficulty in integrating and retaining the acquired workforce, including key employees; diversion of capital and other resources, including management’s attention; assumption of liabilities and incurring amortization expenses, impairment charges to goodwill or write-downs of acquired assets; integrating financial forecasting and controls, procedures and reporting cycles; difficulty in obtaining or inability to obtain governmental and regulatory consents and approvals."
"What are some risks associated with a proposed acquisition or strategic investment?","Some risks include the failure to consummate the acquisition, legal proceedings resulting from the investment, dilutive issuances of equity securities, variability in performance-based consideration, uncertainty in realizing benefits, negative economic changes, and issues identified in due diligence, among others.","Associated risks include failure to consummate the acquisition, legal proceedings, dilutive issuances of equity securities, variability in performance-based consideration, uncertainty in realizing benefits, negative economic changes, and due diligence failures."
"How can the operating results be affected by the partner network in the foreseeable future?","The operating results will depend on sales within the partner network and the partners' ability to sell products incorporating the company's processors. Changes in partners' purchasing patterns or loss of customers can adversely affect results.","Our operating results in the foreseeable future will depend on sales within our partner network and these partners' ability to sell products incorporating our processors. Changes in purchasing patterns or customer loss could affect results."
"Why might the company extend an allowance for doubtful accounts?","The company maintains an allowance for doubtful accounts to cover estimated losses due to certain customers' inability to make required payments. This is to manage the risk of non-payment from customers.","We maintain an allowance for doubtful accounts for estimated losses from customers' inability to make payments, obtaining credit insurance for the purchasing credit extended to customers."
"81% of the company's total revenue was generated from sales outside the United States in fiscal year 2021.","Revenue from sales outside the United States accounted for 81% of total revenue for fiscal year 2021."
"What trade restrictions could potentially harm the company’s financial condition?","U.S. trade restrictions that prevent the company from selling its products or providing technology and services could harm the financial condition and results of operations.","The company could be restricted from selling due to U.S. trade restrictions, impacting financial condition and results."
"What risks are associated with the company's international operations?","Risks include international economic and political conditions, changes in regulations, differing legal standards, cultural business differences, export/import issues, capital market disruptions, increased costs from climate regulations, and natural disasters.","International operations subject the company to risks such as economic and political conditions, regulatory changes, legal standards, cultural differences, export/import issues, market disruptions, climate regulation costs, and natural disasters."
"What are some of the economic conditions that could harm the demand for products according to the text?","Adverse changes in economic conditions such as recession, slowing growth, uncertainty in fiscal, monetary, or trade policy, higher interest rates, tighter credit, inflation, lower capital expenditures, increased unemployment, and lower consumer confidence and spending.","Adverse changes in global, regional or local economic conditions, including recession or slowing growth, changes or uncertainty in fiscal, monetary, or trade policy, higher interest rates, tighter credit, inflation, lower capital expenditures by businesses including on IT infrastructure, increases in unemployment, and lower consumer confidence and spending, periodically occur."
"How might increased privacy legislation affect businesses according to the text?","Expanding privacy legislation and the compliance costs associated with privacy-related and data protection measures could adversely affect customers and their products and services, potentially reducing demand for products used for those workloads.","Expanding privacy legislation and compliance costs of privacy-related and data protection measures could adversely affect our customers and their products and services, which could in turn reduce demand for our products used for those workloads."
"What impact could economic downturns or uncertainty have on capital and credit risks as mentioned in the text?","An economic downturn or increased uncertainty may lead to increased credit and collectability risks, higher borrowing costs, reduced availability of capital markets, reduced liquidity, and adversely impact suppliers.","An economic downturn or increased uncertainty may also lead to increased credit and collectability risks, higher borrowing costs or reduced availability of capital markets, reduced liquidity, adverse impacts on our suppliers, failures of counterparties including financial institutions and insurers, asset impairments, and declines in the value of our financial instruments."
"In what ways can the political, economic, and military conditions in Israel directly affect the business as indicated by the text?","Political, economic, and military conditions in Israel and the Middle East may directly affect the business, including potential economic boycotts and restrictions on shipping products manufactured in Israel to certain countries.","Additionally, we have engineering facilities, corporate and sales support operations and some of our manufacturing located in Israel. Accordingly, political, economic and military conditions in Israel and the Middle East may directly affect our business. In addition, the State of Israel and companies with business in Israel have in the past been the subject of an economic boycott and could be in the future. Other countries have in the past, and may continue in the future, to restrict business with the State of Israel and companies with Israeli operations."
"What are the possible consequences of non-compliance with laws and regulations worldwide as per the text?","Violations of these laws and regulations can result in fines, criminal sanctions against the company, its officers, or employees, prohibitions on business conduct, and damage to the company's reputation.","Violations of these laws and regulations can result in fines; criminal sanctions against us, our officers, or our employees; prohibitions on the conduct of our business; and damage to our reputation."
"How could COVID-19 potentially impact the economic conditions according to the text?","The continued spread of COVID-19 is likely to cause an economic slowdown and potentially a global recession, increasing economic and demand uncertainty.","The COVID-19 pandemic has significantly increased economic and demand uncertainty. It is likely that the continued spread of COVID-19 will cause an economic slowdown, and it is possible that it could cause a global recession."
"What external factors could negatively impact a company's operations in Israel?","Economic boycotts, restrictions by other countries on business with Israel, and limitations on shipping products manufactured in Israel could negatively impact operations.","Certain countries have in the past, and may continue in the future, to restrict business with the State of Israel and companies with Israeli operations. Further, the company is unable to ship products manufactured in Israel to certain countries. These laws and policies may have an impact on the company's results of operations."
"Why is attracting, retaining, and motivating key employees crucial for a company's business strategy?","Attracting, retaining, and motivating key employees is crucial for executing a business strategy because the market for highly skilled workers and leaders is extremely competitive, and retaining such talent allows for effective business strategy execution.","To be competitive and execute its business strategy successfully, the company must attract, retain and motivate its executives and key employees. The market for highly skilled workers and leaders in the industry is extremely competitive."
"What challenges does a company face regarding recruitment and retention of personnel due to changes in immigration and work permit laws?","Changes in immigration and work permit laws could impair the company's ability to attract and retain highly qualified employees.","Additionally, changes in immigration and work permit laws and regulations or the administration or interpretation of such laws or regulations could impair the company's ability to attract and retain highly qualified employees."
"How can the inability to secure key personnel affect a company's acquisitions?","Not retaining key personnel from acquisitions could reduce the anticipated benefits of acquisitions and negatively impact the business.","The company must retain the key personnel hired as a result of acquisitions, or it could reduce the anticipated benefits of acquisitions and negatively impact the business."
"What are some of the risks related to fluctuations in a company's operating results?","Risks include the inability to adjust spending to offset revenue shortfalls, fluctuations in product demand, and dependency on third-party vendors and customers for product adoption.","The company's operating results have fluctuated in the past and may continue to do so due to an inability to adjust spending to offset revenue shortfalls, fluctuations in the demand for products, and dependence on third-party vendors and end users to adopt its products."
"What is the impact on stock price if a company's operating results are below expectations?","If operating results are below expectations, the company's stock price could decline or experience substantial price volatility.","If the company's operating results are below the expectations of securities analysts or investors, its stock price could decline or experience substantial price volatility."
"What could prevent the company from achieving its expected future financial results?","Factors such as changes in business processes, information systems, internal controls, financial accounting standards or interpretations, and macroeconomic or industry events affecting the market.","Any one or more of the factors discussed above could prevent us from achieving our expected future financial results. These factors include our business processes, information systems, internal controls, changes in financial accounting standards or interpretations, general macroeconomic or industry events and factors affecting the overall market and our target markets."
"What are the potential consequences of failing to meet financial expectations?","Failure to meet financial expectations could cause the company's stock price to decline or experience substantial price volatility.","Any such failure to meet our expectations or the expectations of our investors or security analysts could cause our stock price to decline or experience substantial price volatility."
"What impact could protecting intellectual property rights have on the company?","Protecting intellectual property rights could result in substantial costs, and, if unsuccessful, the company could be harmed in its ability to compete.","Actions to adequately protect our IP rights could result in substantial costs to us and our ability to compete could be harmed if we are unsuccessful in doing so or if we are prohibited from making or selling our products."
"What legal challenges has the company faced related to intellectual property rights?","The company has been involved in lawsuits or legal proceedings alleging patent infringement or other intellectual property rights violations.","We have in the past, currently are, and may in the future become involved in lawsuits or other legal proceedings alleging patent infringement or other intellectual property rights violations by us, our employees or parties that we have agreed to indemnify for certain claims of infringement."
"What could happen if the company's products infringe on a third-party's intellectual property?","If infringement claims are made, the company may have to seek a license to the third party's patent or intellectual property, which might not be available or affordable, potentially leading to substantial liabilities, product suspension, or discontinuation.","If infringement claims are made against us or our products are found to infringe a third party’s patent or intellectual property, we may have to seek a license to the third party’s rights. We may not be able to obtain licenses at all or on terms acceptable to us, which could result in liabilities or the suspension or discontinuation of one or more of our products."
"What privacy concerns could affect the company negatively?","Privacy concerns could damage the company's reputation, deter users, result in liability, or lead to legal or regulatory proceedings, especially if there are issues with the handling of sensitive data or personal information.","Privacy concerns relating to our products and services could damage our reputation, deter current and potential users from using our products and services, result in liability, or result in legal or regulatory proceedings. Concerns about the collection, use, security, or disclosure of personal information can also have adverse effects."
"What are the potential consequences of data theft, loss, or misuse for a business?","A business could face increased security costs, damage to its reputation, regulatory proceedings, disruption of business activities, or increased costs related to defending legal claims.","The theft, loss, or misuse of personal data collected, used, stored, or transferred by us to run our business or by one of our partners could result in significantly increased security costs, damage to our reputation, regulatory proceedings, disruption of our business activities, or increased costs related to defending legal claims."
"What penalties can result from failing to comply with the GDPR?","Penalties could be up to 4% of worldwide revenue.","Failure to meet GDPR requirements could result in penalties of up to 4% of worldwide revenue."
"What rights does the California Consumer Privacy Act of 2018 grant to California residents?","The CCPA gives California residents the right to access, delete, and opt-out of certain sharing of their personal information, and to receive detailed information about how it is used and shared.","The CCPA gives California residents the right to access, delete, and opt-out of certain sharing of their personal information, and to receive detailed information about how it is used and shared."
"What changes will the California Privacy Rights Act of 2020 (CPRA) introduce?","The CPRA will restrict use of certain categories of sensitive personal information, further restrict the use of cross-contextual advertising techniques, establish restrictions on the retention of personal information, expand data breaches subject to private action, and establish the California Privacy Protection Agency to enforce the law.","The CPRA will, among other things, restrict use of certain categories of sensitive personal information; further restrict the use of cross-contextual advertising techniques; establish restrictions on the retention of personal information; expand the types of data breaches subject to the private right of action; and establish the California Privacy Protection Agency to implement and enforce the new law."
"Why are multinational corporations like the subject of the text under regular audit by tax authorities?","They are under audit due to complexities in income taxes and non-income based taxes such as payroll, sales, value-added taxes, and due to the allocation of revenue and expenses across different jurisdictions.","As a multinational corporation, we are subject to income taxes as well as non-income based taxes, such as payroll, sales, use, value-added, net worth, property and goods and services taxes, in both the United States and various foreign jurisdictions. Our domestic and international tax liabilities are subject to the allocation of revenue and expenses in different jurisdictions."
"How could changes in tax laws and business structure impact a company's future effective tax rate?","Changes in tax laws, business, statutory rates, profits' jurisdictions, available tax credits, resolutions from audits, and organizational changes can all affect the company's future effective tax rate.","Our future effective tax rate may be affected by such factors as changes in tax laws, changes in our business or statutory rates, changes in jurisdictions in which our profits are determined to be earned and taxed, changes in available tax credits, the resolution of issues arising from tax audits, changes in United States generally accepted accounting principles, adjustments to income taxes upon finalization of tax returns, increases in expenses not deductible for tax purposes, changes in the valuation of our deferred tax assets and liabilities and in deferred tax valuation allowances, changing interpretation of existing laws or regulations, the impact of accounting for stock-based compensation and the recognition of excess tax benefits and tax deficiencies within the income tax provision in the period in which they occur, the impact of accounting for business combinations, shifts in the amount of earnings in the United States compared with other regions in the world and overall levels of income before tax, changes in the domestic or international organization of our business and structure, as well as the expiration of statute of limitations and settlements of audits."
"How could changes in the effective tax rate affect net income?","Changes in the effective tax rate may reduce net income.","Any changes in our effective tax rate may reduce our net income."
"What legal challenges are associated with the company's business?","The business is exposed to risks from litigation, investigations, and regulatory proceedings.","Our business is exposed to the risks associated with litigation, investigations and regulatory proceedings."
"What defenses has the company undertaken in response to shareholder lawsuits?","The company is defending itself in a shareholder lawsuit claiming false and/or misleading statements regarding channel inventory and the impact of cryptocurrency mining on GPU demand in 2017 and 2018.","For example, we are currently defending ourselves in a shareholder lawsuit claiming that we and certain of our officers made false and/or misleading statements related to channel inventory and the impact of cryptocurrency mining on GPU demand in 2017 and 2018."
"What are some provisions in the company's certificate of incorporation and bylaws that could make it harder for a third party to acquire a majority?","Provisions include the ability of the Board to create and issue preferred stock without prior shareholder approval, prohibition of shareholder action by written consent, and super-majority voting requirements to amend some provisions.","In addition, our certificate of incorporation and bylaws contain provisions that could make it more difficult for a third party to acquire a majority of our outstanding voting stock. These provisions include the following: •the ability of our Board of Directors to create and issue preferred stock without prior shareholder approval; •the prohibition of shareholder action by written consent; •a super-majority voting requirement to amend some provisions in our certificate of incorporation and bylaws."
"What financial obligations does the company have related to notes issued in 2020 and 2016?","The company has obligations from issuing $1.50 billion of the 2.85% Notes Due 2030, $1.00 billion of the 3.50% Notes Due 2040, $2.00 billion of the 3.50% Notes Due 2050, and $500 million of the 3.70% Notes Due 2060 in 2020, and $1.00 billion of the 2.20% Notes Due 2021 and $1.00 billion of the 3.20% Notes Due 2026 in 2016.","In March 2020, we issued $1.50 billion of the 2.85% Notes Due 2030, $1.00 billion of the 3.50% Notes Due 2040, $2.00 billion of the 3.50% Notes Due 2050, and $500 million of the 3.70% Notes Due 2060, or collectively, the March 2020 Notes. In September 2016, we issued $1.00 billion of the 2.20% Notes Due 2021 and $1.00 billion of the 3.20% Notes Due 2026, or collectively, the September 2016 Notes."
"How could Microsoft influence a change in control regarding this company?","Microsoft may have first and last rights of refusal to purchase the stock if someone makes an offer to purchase equal to or greater than 30% of the outstanding shares of the company's common stock.","Under the agreement, if an individual or corporation makes an offer to purchase shares equal to or greater than 30% of the outstanding shares of our common stock, Microsoft may have first and last rights of refusal to purchase the stock."
"3.20%","The text refers to the issuance of the 3.20% Notes Due 2026, known as the September 2016 Notes."
"How does indebtedness affect the company's ability to use cash flow or borrow additional funds?","Indebtedness may limit the company's ability to use cash flow or borrow additional funds for working capital, capital expenditures, acquisitions, and general corporate and other purposes.","Our indebtedness may limit our ability to use our cash flow or borrow additional funds for working capital, capital expenditures, acquisitions and general corporate and other purposes."
"In what ways could the obligation to make payments on the Notes impact the company's financial flexibility?","The obligation to make payments related to the Notes could impact the company's cash balance and limit its ability to use cash for the capital return program and other liquidity needs, including working capital, capital expenditures, acquisitions, investments, and other general corporate purposes.","Our obligation to make payments related to the Notes could impact our cash balance and limit our ability to use our cash for our capital return program and our other liquidity needs, including working capital, capital expenditures, acquisitions, investments and other general corporate purposes."
"What is the status of unresolved staff comments mentioned in ITEM 1B?","Not applicable.","ITEM 1B. UNRESOLVED STAFF COMMENTS Not applicable."
"Are there any unresolved staff comments reported in ITEM 1B?","No, there are no unresolved staff comments.","ITEM 1B. UNRESOLVED STAFF COMMENTS Not applicable."
"What does ITEM 1B state about staff comments that remain unresolved?","Item 1B states that unresolved staff comments are not applicable.","ITEM 1B. UNRESOLVED STAFF COMMENTS Not applicable."
"Does ITEM 1B contain any applicable information on unresolved staff comments?","No, ITEM 1B does not contain applicable information on unresolved staff comments.","ITEM 1B. UNRESOLVED STAFF COMMENTS Not applicable."
"Is ITEM 1B relevant for discussing unresolved staff comments?","No, ITEM 1B indicates that unresolved staff comments are not applicable.","ITEM 1B. UNRESOLVED STAFF COMMENTS Not applicable."
"Where is the headquarters complex located?","Santa Clara, California.","Our headquarters complex is located in Santa Clara, California. It includes ten leased commercial buildings totaling 1,019,887 square feet, and real property that we own totaling 720,046 square feet."
"How many buildings are included in the headquarters complex?","Ten leased commercial buildings and two owned commercial buildings.","Our headquarters complex is located in Santa Clara, California. It includes ten leased commercial buildings totaling 1,019,887 square feet, and real property that we own totaling 720,046 square feet. Our owned property consists of two commercial buildings and a building under construction."
"1,019,887 square feet.","Our headquarters complex is located in Santa Clara, California. It includes ten leased commercial buildings totaling 1,019,887 square feet."
"In which city outside of the United States do they own a research and development center?","Hyderabad, India.","Outside of the United States, we own a building in Hyderabad, India, that is being used primarily as a research and development center."
"What is the primary use of the owned building in Hyderabad, India?","It is used as a research and development center.","Outside of the United States, we own a building in Hyderabad, India, that is being used primarily as a research and development center."
"By when is the construction of the building at the headquarters complex targeted for completion?","By fiscal year 2023.","Our owned property consists of two commercial buildings and a building under construction. The construction is targeted for completion in fiscal year 2023."
"Where can information about the company's legal proceedings be found in this report?","In Note 13 of the Notes to the Consolidated Financial Statements in Part IV, Item 15 of the Annual Report on Form 10-K.","ITEM 3. LEGAL PROCEEDINGS Please see Note 13 of the Notes to the Consolidated Financial Statements in Part IV, Item 15 of this Annual Report on Form 10-K for a discussion of our legal proceedings."
"In which section of the Annual Report is the discussion of legal proceedings referred to?","Note 13 of the Notes to the Consolidated Financial Statements in Part IV, Item 15.","ITEM 3. LEGAL PROCEEDINGS Please see Note 13 of the Notes to the Consolidated Financial Statements in Part IV, Item 15 of this Annual Report on Form 10-K for a discussion of our legal proceedings."
"What part of the Form 10-K contains detailed legal proceedings information for this company?","Part IV, Item 15, specifically in Note 13 of the Notes to the Consolidated Financial Statements.","ITEM 3. LEGAL PROCEEDINGS Please see Note 13 of the Notes to the Consolidated Financial Statements in Part IV, Item 15 of this Annual Report on Form 10-K for a discussion of our legal proceedings."
"Where is Note 13 that discusses legal proceedings located in the Annual Report on Form 10-K?","In Part IV, Item 15 of the Annual Report on Form 10-K.","ITEM 3. LEGAL PROCEEDINGS Please see Note 13 of the Notes to the Consolidated Financial Statements in Part IV, Item 15 of this Annual Report on Form 10-K for a discussion of our legal proceedings."
"What is the context of the section mentioned in the excerpt?","Mine safety disclosures","ITEM 4. MINE SAFETY DISCLOSURES is a section mentioned in the excerpt."
"What content is covered under ITEM 4 in the given excerpt?","Mine safety disclosures which are declared not applicable.","The section under ITEM 4 deals with Mine safety disclosures which are noted as 'Not Applicable.'"
"In the provided text, is there any applicable information concerning mine safety?","No, there is no applicable information concerning mine safety.","The provided text states that ITEM 4. MINE SAFETY DISCLOSURES is 'Not Applicable.'"
"What is the significance of the phrase 'Not Applicable' in the context of mine safety disclosures?","The phrase 'Not Applicable' indicates that mine safety disclosures are not relevant or required in this context.","ITEM 4. MINE SAFETY DISCLOSURES is labeled 'Not Applicable,' signifying irrelevance or lack of requirement."
"How is ITEM 4 described in the given text?","It is described as 'Not Applicable.'","The text describes ITEM 4. MINE SAFETY DISCLOSURES as 'Not Applicable.'"
"Does the given excerpt provide any details about mine safety issues?","No, it does not provide any details about mine safety issues.","The excerpt only mentions ITEM 4. MINE SAFETY DISCLOSURES and states 'Not Applicable,' without any further details on mine safety issues."
"Under what symbol is NVIDIA's common stock traded on the Nasdaq Global Select Market?","NVDA","Our common stock is traded on the Nasdaq Global Select Market under the symbol NVDA."
"When did public trading of NVIDIA's common stock begin?","January 22, 1999","Public trading of our common stock began on January 22, 1999. Prior to that, there was no public market for our common stock."
"How many registered shareholders did NVIDIA have as of February 19, 2021, not including those shares held in street or nominee name?","Approximately 303 registered shareholders","As of February 19, 2021, we had approximately 303 registered shareholders, not including those shares held in street or nominee name."
"How many shares has NVIDIA repurchased since the inception of its share repurchase program?","260 million shares","Since the inception of our share repurchase program, we have repurchased an aggregate of 260 million shares for a total cost of $7.08 billion through January 31, 2021."
"What was the total cost of shares NVIDIA withheld for tax obligations through net share settlements during fiscal year 2021?","$942 million","During fiscal year 2021, we withheld approximately 3 million shares at a total cost of $942 million through net share settlements."
"How much did NVIDIA pay in quarterly cash dividends in fiscal year 2021?","$395 million","In fiscal year 2021, we paid $395 million in quarterly cash dividends."
"What amendment impacts the requirement of selected financial data previously included in Item 6?","The adoption of certain provisions within the amendments to Regulation S-K eliminates Item 301, which affects the requirement of selected financial data previously included in Item 6.","ITEM 6. SELECTED FINANCIAL DATA No longer required as we have adopted certain provisions within the amendments to Regulation S-K that eliminate Item 301."
"Why is Item 6 no longer required?","Item 6 is no longer required because certain provisions within the amendments to Regulation S-K that eliminate Item 301 have been adopted.","ITEM 6. SELECTED FINANCIAL DATA No longer required as we have adopted certain provisions within the amendments to Regulation S-K that eliminate Item 301."
"Which regulation amendment led to the elimination of selected financial data in Item 6?","The amendment to Regulation S-K led to the elimination of selected financial data in Item 6.","ITEM 6. SELECTED FINANCIAL DATA No longer required as we have adopted certain provisions within the amendments to Regulation S-K that eliminate Item 301."
"What is the reason for not requiring selected financial data under Item 6 anymore?","The selected financial data under Item 6 is no longer required due to the adoption of provisions within the amendments to Regulation S-K that eliminate Item 301.","ITEM 6. SELECTED FINANCIAL DATA No longer required as we have adopted certain provisions within the amendments to Regulation S-K that eliminate Item 301."
"Which item of Regulation S-K has been eliminated, therefore affecting Item 6?","Item 301 of Regulation S-K has been eliminated, affecting Item 6.","ITEM 6. SELECTED FINANCIAL DATA No longer required as we have adopted certain provisions within the amendments to Regulation S-K that eliminate Item 301."
"What regulatory change affected the requirement for Item 6 in financial documents?","The regulatory change that eliminated Item 301 of Regulation S-K affected the requirement for Item 6 in financial documents.","ITEM 6. SELECTED FINANCIAL DATA No longer required as we have adopted certain provisions within the amendments to Regulation S-K that eliminate Item 301."
"What reportable segments did NVIDIA have through fiscal year 2020?","GPU and Tegra Processor","Through fiscal year 2020, NVIDIA's reportable segments were GPU and Tegra Processor."
"What did NVIDIA change its reportable segments to starting the first quarter of fiscal year 2021?","Graphics and Compute & Networking","We changed our reportable segments to ""Graphics"" and ""Compute & Networking"" starting with the first quarter of fiscal year 2021."
"How much did NVIDIA agree to pay in cash upon closing the acquisition of Arm Limited?","$10 billion","We will pay upon closing of the acquisition $10 billion in cash and issue to SoftBank 44.3 million shares of our common stock with an aggregate value of $21.5 billion."
"What is NVIDIA's strategy for addressing potential mismatches between supply and demand?","NVIDIA may build inventory for anticipated periods of growth, anticipated demand that does not materialize, or to serve pent-up demand.","In order to have shorter shipment lead times and quicker delivery schedules for our customers, we may build inventory for anticipated periods of growth which do not occur, may build inventory anticipating demand that does not materialize, or may build inventory to serve what we believe is pent-up demand."
"What was the structure of NVIDIA's business segments before and after fiscal year 2020?","Before fiscal year 2021, the segments were GPU and Tegra Processor. Starting fiscal year 2021, the segments changed to Graphics and Compute & Networking.","Through fiscal year 2020, our reportable segments were GPU and Tegra Processor. We changed our reportable segments to ""Graphics"" and ""Compute & Networking"" starting with the first quarter of fiscal year 2021."
"Where is NVIDIA's headquarters located?","Santa Clara, California","Headquartered in Santa Clara, California, NVIDIA was incorporated in California in April 1993 and reincorporated in Delaware in April 1998."
"What challenges impact the financial results related to inventory management?","Building inventory for anticipated growth periods that do not occur, demand that does not materialize, or pent-up demand estimation errors can impact financial results. Non-cancellable inventory orders placed in advance due to limited availability can also negatively affect results.","In order to have shorter shipment lead times and quicker delivery schedules, we may build inventory for anticipated periods of growth which do not occur, may build inventory anticipating demand that does not materialize, or may build inventory to serve what we believe is pent-up demand."
"How has the demand for GPUs been affected by the cryptocurrency market and standards?","Volatility in the cryptocurrency market, including changes in cryptocurrency prices, impacts GPU demand. Changes to cryptocurrency standards and processes, such as the Ethereum 2.0 standard, may increase aftermarket resales of GPUs and reduce demand for new GPUs.","Demand and use of GPUs for cryptocurrency has fluctuated in the past and is likely to continue to change quickly. Volatility in the cryptocurrency market, including changes in the prices of cryptocurrencies, can impact demand for our products. Changes to cryptocurrency standards and processes, like the pending Ethereum 2.0 standard, may also create increased aftermarket resales of our GPUs and reduce demand for new GPUs."
"What was the revenue growth for the fiscal year 2021?","Revenue for fiscal year 2021 was $16.68 billion, up 53% from a year earlier.","Revenue for fiscal year 2021 was $16.68 billion, up 53% from a year earlier. From a market-platform perspective, Gaming revenue was up 41%, and Data Center revenue was up 124%."
"How did COVID-19 impact demand in different market platforms?","COVID-19 increased demand in the Gaming and Data Center platforms while suppressing enterprise demand for desktop workstations in Professional Visualization, leading to a decrease in Professional Visualization revenue.","Our Gaming and Data Center market platforms have benefited from stronger demand as people continue to work, learn, and play from home. In Professional Visualization, desktop workstation demand has started to recover, although not back to pre-COVID levels."
"What were the changes in gross margin and net income for the fiscal year 2021?","Gross margin increased to 62.3%, up 30 basis points from the previous year, and net income increased by 55% to $4.332 billion.","Gross margin for fiscal year 2021 was 62.3%, up 30 bps from the previous year. Net income for fiscal year 2021 was $4.332 billion, up 55% from $2.796 billion the prior year."
"Why might it be difficult to estimate future demand due to COVID-19?","The pandemic led to increased consumer demand for some products and suppressed demand for others, creating uncertainty about future consumer behavior and complicating demand estimation.","Consumer behavior during the COVID-19 pandemic, such as increased demand for Gaming and Data Center products and suppressed corporate demand for desktop workstations, has made it more difficult to estimate future demand."
"What was the reason for the 13% decline in Professional Visualization revenue?","Lower sales of GPUs for desktop workstations due to reduced enterprise demand impacted by COVID.","Professional Visualization revenue was down 13% from a year ago due to lower sales of GPUs for desktop workstations as enterprise demand was impacted by COVID."
"How much did NVIDIA's Data Center revenue increase from the previous year?","124%","Data Center revenue was up 124% from a year ago. Revenue growth was driven by our Mellanox acquisition and the ramp of the NVIDIA Ampere GPU architecture."
"What portion of NVIDIA's total revenue in fiscal year 2021 was contributed by Mellanox?","10%","In fiscal year 2021, Mellanox revenue contributed 10% of total company revenue."
"What factors led to the 23% decrease in NVIDIA's Automotive revenue from the previous year?","Lower revenue from the expected ramp down of legacy infotainment modules and autonomous driving development agreements, partially offset by increases in AI cockpit and autonomous vehicle solutions.","Automotive revenue was down 23% from a year earlier, reflecting lower revenue from the expected ramp down of legacy infotainment modules and autonomous driving development agreements, partially offset by increases in AI cockpit and autonomous vehicle solutions."
"How much did NVIDIA's operating expenses increase in fiscal year 2021 compared to the previous year?","Operating expenses increased by 50%.","Operating expenses for fiscal year 2021 were $5.86 billion, up 50% from a year ago. The growth was influenced by the inclusion of Mellanox in the second quarter of fiscal year 2021, employee additions and increases in employee compensation and related expenses."
"$11.56 billion, compared with $10.90 billion as of January 26, 2020.","Cash, cash equivalents, and marketable securities were $11.56 billion as of January 31, 2021, compared with $10.90 billion as of January 26, 2020. The increase primarily reflects the issuance of the $5 billion of notes in March 2020 and cash-flow generation, partially offset by acquisitions."
"Which electric vehicle companies are mentioned as being associated with AI technologies from NVIDIA?","SAIC, Nio, Li Auto, Xpeng, Zoox, and Einride","NVIDIA mentioned their association with several electric vehicle companies including SAIC, Nio, Li Auto, Xpeng, Zoox, and Einride."
"What new feature did NVIDIA announce for Mercedes-Benz in the first half of 2021?","NVIDIA announced they are powering the new Mercedes-Benz AI cockpit in the first half of 2021.","NVIDIA announced that they are powering the new Mercedes-Benz AI cockpit in the first half of 2021."
"When did Hyundai Motor Group plan to start integrating NVIDIA DRIVE into their vehicles?","Starting in 2022, Hyundai Motor Group planned to integrate NVIDIA DRIVE in-vehicle infotainment systems across Hyundai, Kia, and Genesis models.","Hyundai Motor Group’s entire lineup of Hyundai, Kia, and Genesis models will come standard with NVIDIA DRIVE in-vehicle infotainment systems starting in 2022."
"What are the requirements for preparing the consolidated financial statements according to the management's discussion?","The preparation of financial statements requires estimates and judgments affecting reported amounts of assets, liabilities, revenue, cost of revenue, and expenses based on U.S. GAAP.","Management's discussion states that the preparation of consolidated financial statements requires making estimates and judgments that affect reported amounts and disclosure, in accordance with U.S. GAAP."
"How are business combinations accounted for in the context of acquiring assets and liabilities?","In business combinations, the individual assets acquired and liabilities assumed are identified and recognized at fair value at the acquisition date, with any purchase price exceeding the fair values recognized as goodwill.","Business combinations are accounted for by identifying individual assets and liabilities and estimating their fair values, with goodwill recognized if the purchase price exceeds these values."
"What method does the company use to compute inventory cost and handle inventory provisions?","The company computes inventory cost on an adjusted standard basis, approximating actual cost on an average or first-in, first-out basis, and charges inventory provisions to write down inventory to the lower of cost or net realizable value.","Inventory cost is computed on an adjusted standard basis approximating actual cost using an average or first-in, first-out basis. Inventory provisions are made to write down inventory to the lower of cost or net realizable value."
"What was the net effect on gross margin from inventory provisions and the sale of previously written-down items in fiscal years 2021 and 2020?","The net effect was insignificant.","The overall net effect on our gross margin from inventory provisions and sales of items previously written down was insignificant in fiscal years 2021 and 2020."
"What is the primary basis for making inventory purchase commitments at a fabless semiconductor company?","Forecasts of future customer demand.","As a fabless semiconductor company, we must make commitments to purchase inventory based on forecasts of future customer demand."
"What steps are involved in the revenue recognition process for product sales?","The steps are: 1) Identification of the contract with a customer; 2) Identification of the performance obligations in the contract; 3) Determination of the transaction price; 4) Allocation of the transaction price to the performance obligations in the contract; and 5) Recognition of revenue when, or as, a performance obligation is satisfied.","We determine revenue recognition through the following steps: (1) identification of the contract with a customer; (2) identification of the performance obligations in the contract; (3) determination of the transaction price; (4) allocation of the transaction price to the performance obligations in the contract; and (5) recognition of revenue when, or as, we satisfy a performance obligation."
"How is revenue recognized for product sales with a right of return?","Revenue is recognized net of allowances for returns, and a sales return allowance is established for estimated product returns based on historical return rates at the time revenue is recognized.","For products sold with a right of return, we record a reduction to revenue by establishing a sales return allowance for estimated product returns at the time revenue is recognized, based primarily on historical return rates."
"How does the company recognize revenue from license and development arrangements with customers?","Revenue from the license and development arrangements is recognized as a single performance obligation over the period in which the development services are performed, measuring progress to completion based on actual cost incurred as a percentage of estimated total cost.","Our license and development arrangements with customers typically require significant customization of our intellectual property components. As a result, we recognize the revenue from the license and the revenue from the development services as a single performance obligation over the period in which the development services are performed. We measure progress to completion based on actual cost incurred to date as a percentage of the estimated total cost required to complete each project."
"What was the valuation allowance related to state and certain foreign deferred tax assets as of January 31, 2021?","$728 million","As of January 31, 2021, we had a valuation allowance of $728 million related to state and certain foreign deferred tax assets."
"What was the valuation allowance related to state and foreign deferred tax assets and why was it established?","The valuation allowance was $728 million because management determined the deferred tax assets are not likely to be realized due to jurisdictional projections of future taxable income, tax attributes usage limitations by certain jurisdictions, and potential utilization limitations of tax attributes acquired as a result of stock ownership changes.","We had a valuation allowance of $728 million related to state and certain foreign deferred tax assets that management determined are not likely to be realized due to jurisdictional projections of future taxable income, tax attributes usage limitation by certain jurisdictions, and potential utilization limitations of tax attributes acquired as a result of stock ownership changes."
"Under what condition would deferred tax assets be recognized as an income tax benefit?","Deferred tax assets would be recognized as an income tax benefit if the realization of the deferred tax assets becomes more-likely-than-not.","To the extent realization of the deferred tax assets becomes more-likely-than-not, we would recognize such deferred tax assets as an income tax benefit during the period."
"How are interest and penalties related to unrecognized tax benefits treated in financial statements?","Interest and penalties related to unrecognized tax benefits are included as a component of income tax expense.","Our policy is to include interest and penalties related to unrecognized tax benefits as a component of income tax expense."
"How is goodwill assessed for impairment and what changes occurred to reporting units in fiscal year 2021?","Goodwill is assessed for impairment annually using qualitative or quantitative assessments. In fiscal year 2021, the reportable segments changed to 'Graphics' and 'Compute & Networking,' and goodwill balances were reassigned to these new units based on their relative fair values.","Goodwill is subject to our annual impairment test using either a qualitative or a quantitative assessment. Our impairment review process compares the fair value of the reporting unit in which the goodwill resides to its carrying value. We changed our reportable segments to 'Graphics' and 'Compute & Networking' starting with the first quarter of fiscal year 2021, and reassigned the goodwill balance to the new reporting units based on their relative fair values."
"What were the carrying amounts of goodwill allocated to the Graphics and Compute & Networking reporting units as of January 31, 2021?","The carrying amount of goodwill allocated to the Graphics reporting unit was $347 million, and $3.85 billion was allocated to the Compute & Networking reporting unit.","As of January 31, 2021, the total carrying amount of goodwill was $4.19 billion and the amount of goodwill allocated to our Graphics and Compute & Networking reporting units was $347 million and $3.85 billion, respectively."
"What was the percentage change in revenue for the Compute & Networking segment in fiscal year 2021?","The Compute & Networking segment experienced a 109% increase in revenue in fiscal year 2021 compared to the previous year.","Compute & Networking","6,841","","","3,279","","","3,562","","109","%"
"By what percentage did the revenue of the Graphics segment increase in fiscal year 2021 compared to fiscal year 2020?","29%","Graphics segment revenue increased by 29% in fiscal year 2021 compared to fiscal year 2020, reflecting growth in GeForce GPUs and game console SOCs, partially offset by lower sales of Quadro/NVIDIA RTX workstations."
"What was the primary driver for the 109% increase in the Compute & Networking segment revenue in fiscal year 2021?","The addition of Mellanox acquired on April 27, 2020, and the continued ramp of NVIDIA Ampere GPU architecture systems and new products.","Compute & Networking segment revenue increased by 109% in fiscal year 2021 compared to fiscal year 2020, reflecting the addition of Mellanox acquired on April 27, 2020 and the continued ramp of NVIDIA Ampere GPU architecture systems and new products."
"81%","Concentration of Revenue Revenue from sales to customers outside of the United States accounted for 81% and 92% of total revenue for fiscal years 2021 and 2020, respectively."
"What caused the increase in gross margin for fiscal year 2021?","The increase in fiscal year 2021 was driven by product mix with higher Data Center and lower Automotive revenue, partially offset by Mellanox acquisition-related charges, including a non-recurring inventory step-up charge of $161 million and ongoing intangible asset amortization of $263 million.","Our overall gross margin was 62.3% and 62.0% for fiscal years 2021 and 2020, respectively. The increase in fiscal year 2021 was driven by product mix with higher Data Center and lower Automotive revenue, partially offset by Mellanox acquisition-related charges, including a non-recurring inventory step-up charge of $161 million and ongoing intangible asset amortization of $263 million."
"Which segment's gross margin increased in fiscal year 2021 due to a change in product mix?","Graphics segment","Graphics - The gross margin of our Graphics segment increased during fiscal year 2021 when compared to fiscal year 2020, primarily driven by product mix with lower legacy automotive infotainment revenue and higher margin mix within Quadro/Nvidia RTX."
"39%","Research and development expenses increased by 39% in fiscal year 2021 compared to fiscal year 2020, driven primarily by the acquisition of Mellanox. In addition, the increases reflect employee compensation and related costs, including stock-based compensation, and infrastructure costs."
"What was the reason for the decrease in interest income from fiscal year 2020 to fiscal year 2021?","The decrease in interest income was due to lower interest rates earned on the company's investments.","Interest income was $57 million and $178 million in fiscal years 2021 and 2020, respectively. The decrease in interest income was primarily due to lower interest rates earned on our investments."
"Interest expense was $184 million in 2021 and $52 million in 2020.","Interest expense is primarily comprised of coupon interest and debt discount amortization related to our September 2016 Notes and March 2020 Notes. Interest expense was $184 million and $52 million in fiscal years 2021 and 2020, respectively."
"How did the company's effective tax rate change from fiscal year 2020 to fiscal year 2021?","The effective tax rate decreased from 5.9% in 2020 to 1.7% in 2021.","Our annual effective tax rate was 1.7% and 5.9% for fiscal years 2021 and 2020, respectively. The decrease in our effective tax rate in fiscal year 2021 as compared to fiscal year 2020 was primarily due to a decrease in the proportional amount of earnings subject to United States tax and an increase of tax benefits from stock-based compensation."
"What was the company's cash, cash equivalents, and marketable securities balance as of January 31, 2021?","$11.56 billion","As of January 31, 2021, we had $11.56 billion in cash, cash equivalents and marketable securities, an increase of $664 million from the end of fiscal year 2020."
"What was the impact of the acquisition of Mellanox on cash used in investing activities in fiscal year 2021?","The acquisition of Mellanox contributed to the increase in cash used in investing activities.","Cash used in investing activities increased in fiscal year 2021 compared to cash provided in fiscal year 2020, which primarily reflects cash used for the acquisition of Mellanox and the advanced consideration for the proposed acquisition of Arm."
"What are the company's primary sources of liquidity?","The company's primary sources of liquidity include cash and cash equivalents, marketable securities, and cash generated by operations.","Our primary sources of liquidity are our cash and cash equivalents, our marketable securities, and the cash generated by our operations."
"What were the primary sources of liquidity as of January 31, 2021?","Cash and cash equivalents, marketable securities, and cash generated by operations.","The primary sources of liquidity are our cash and cash equivalents, our marketable securities, and the cash generated by our operations. As of January 31, 2021, we had $11.56 billion in cash, cash equivalents and marketable securities."
"$11.56 billion","As of January 31, 2021, we had $11.56 billion in cash, cash equivalents and marketable securities."
"Does the company believe it has enough liquidity to meet its operating requirements for the next twelve months as of January 31, 2021?","Yes, the company believes it has sufficient liquidity to meet its operating requirements for at least the next twelve months.","We believe that we have sufficient liquidity to meet our operating requirements for at least the next twelve months, including our proposed acquisition of Arm."
"What is the expected capital investment range for fiscal year 2022 for property and equipment?","Approximately $1.0 billion to $1.2 billion.","During fiscal year 2022, we expect to use our existing cash and cash equivalents, our marketable securities, and the cash generated by our operations to fund our capital investments of approximately $1.0 billion to $1.2 billion related to property and equipment."
"How much did the company pay in quarterly cash dividends during fiscal year 2021?","$395 million","In fiscal year 2021, we paid $395 million in quarterly cash dividends."
"What was the authorization limit for share repurchase as of January 31, 2021, through December 2022?","Up to $7.24 billion","As of January 31, 2021, we were authorized, subject to certain specifications, to repurchase additional shares of our common stock up to $7.24 billion through December 2022."
"What would be the impact of a 0.5% parallel shift in the yield curve on the fair value of the investment portfolio?","A parallel shift in the yield curve of plus 0.5% would result in an increase in fair value of $8 million, while a shift of minus 0.5% would result in a decrease in fair value of $24 million.","As of January 31, 2021, a sensitivity analysis on the investment portfolio showed that parallel shifts in the yield curve of both plus or minus 0.5% would result in a decrease in fair value of $24 million (minus) or an increase of $8 million (plus)."
"What is the total amount of Notes issued in March 2020?","$5 billion","In March 2020, the company issued $1.50 billion of Notes Due 2030, $1.00 billion of Notes Due 2040, $2.00 billion of Notes Due 2050, and $500 million of Notes due 2060, totaling $5 billion."
"How does the company handle foreign exchange rate fluctuations for its operating expenses?","The company uses foreign currency forward contracts designated as cash flow hedges to mitigate the impact of foreign exchange rate movements on operating expenses.","Foreign currency forward contracts are used to mitigate the impact of foreign exchange rate movements on operating expenses. These contracts are designated as cash flow hedges."
"What would be the effect if the U.S. dollar strengthened by 10% on the company's foreign exchange contracts?","The amount recorded in accumulated other comprehensive income (loss) related to foreign exchange contracts would have been approximately $84 million and $43 million lower as of January 31, 2021, and January 26, 2020, respectively.","If the U.S. dollar strengthened by 10%, the amount recorded in accumulated other comprehensive income (loss) related to foreign exchange contracts would have been $84 million and $43 million lower for the respective years."
"What risks does the company face due to changes in foreign exchange rates?","The company faces risks of increased product costs due to a stronger U.S. dollar relative to other currencies and increased supplier prices if the dollar weakens.","Increases in the value of the U.S. dollar make products more expensive, impacting competitiveness, while a decrease could lead suppliers to raise prices. Additionally, international operations incur expenses in other currencies."
"What is the potential impact of a 10% adverse foreign exchange rate change on income before taxes as of January 31, 2021?","A 10% adverse foreign exchange rate change would result in an adverse impact on income before taxes of approximately $44 million.","An adverse 10% foreign exchange rate change applied to balance sheet hedging contracts would have an impact of approximately $44 million on income before taxes."
"Where can the financial statements and notes be found in the Annual Report on Form 10-K?","In the section titled ITEM 8. FINANCIAL STATEMENTS AND SUPPLEMENTARY DATA.","ITEM 8. FINANCIAL STATEMENTS AND SUPPLEMENTARY DATA: The information required by this Item is set forth in our Consolidated Financial Statements and Notes thereto included in this Annual Report on Form 10-K."
"What type of data is included in ITEM 8 of the Annual Report on Form 10-K?","Consolidated Financial Statements and Notes.","ITEM 8. FINANCIAL STATEMENTS AND SUPPLEMENTARY DATA: The information required by this Item is set forth in our Consolidated Financial Statements and Notes thereto included in this Annual Report on Form 10-K."
"What document includes the Consolidated Financial Statements and Notes referred to in ITEM 8?","The Annual Report on Form 10-K.","ITEM 8. FINANCIAL STATEMENTS AND SUPPLEMENTARY DATA: The information required by this Item is set forth in our Consolidated Financial Statements and Notes thereto included in this Annual Report on Form 10-K."
"What is the purpose of ITEM 8 in the Annual Report?","To provide the Financial Statements and Supplementary Data.","ITEM 8. FINANCIAL STATEMENTS AND SUPPLEMENTARY DATA: The information required by this Item is set forth in our Consolidated Financial Statements and Notes thereto included in this Annual Report on Form 10-K."
"How is the information for ITEM 8 structured in the Form 10-K?","It is structured through Consolidated Financial Statements and Notes.","ITEM 8. FINANCIAL STATEMENTS AND SUPPLEMENTARY DATA: The information required by this Item is set forth in our Consolidated Financial Statements and Notes thereto included in this Annual Report on Form 10-K."
"ITEM 8.","ITEM 8. FINANCIAL STATEMENTS AND SUPPLEMENTARY DATA: The information required by this Item is set forth in our Consolidated Financial Statements and Notes thereto included in this Annual Report on Form 10-K."
"Were there any changes in accountants related to accounting and financial disclosure?","No, there were none.","ITEM 9. CHANGES IN AND DISAGREEMENTS WITH ACCOUNTANTS ON ACCOUNTING AND FINANCIAL DISCLOSURE None."
"Were there any disagreements with accountants on accounting and financial disclosure?","No, there were none.","ITEM 9. CHANGES IN AND DISAGREEMENTS WITH ACCOUNTANTS ON ACCOUNTING AND FINANCIAL DISCLOSURE None."
"What was the conclusion of the evaluation of disclosure controls and procedures conducted by the management as of January 31, 2021?","The conclusion was that the disclosure controls and procedures were effective to provide reasonable assurance.","Based on their evaluation as of January 31, 2021, our management, including our Chief Executive Officer and Chief Financial Officer, has concluded that our disclosure controls and procedures (as defined in Rule 13a-15(e) under the Securities Exchange Act of 1934, as amended, or the Exchange Act) were effective to provide reasonable assurance."
"What framework was used by the management to evaluate the effectiveness of internal control over financial reporting as of January 31, 2021?","The Internal Control - Integrated Framework (2013) issued by the Committee of Sponsoring Organizations of the Treadway Commission was used.","Under the supervision and with the participation of our management, including our Chief Executive Officer and Chief Financial Officer, we conducted an evaluation of the effectiveness of our internal control over financial reporting as of January 31, 2021 based on the criteria set forth in Internal Control - Integrated Framework (2013) issued by the Committee of Sponsoring Organizations of the Treadway Commission."
"Who audited the effectiveness of the company's internal control over financial reporting as of January 31, 2021?","The effectiveness of the internal control over financial reporting was audited by PricewaterhouseCoopers LLP.","The effectiveness of our internal control over financial reporting as of January 31, 2021 has been audited by PricewaterhouseCoopers LLP, an independent registered public accounting firm, as stated in its report which is included herein."
"What was a significant change in internal control over financial reporting during the second quarter of fiscal year 2021?","The acquisition of Mellanox occurred during the second quarter of fiscal year 2021.","Other than the acquisition of Mellanox that occurred during the second quarter of fiscal year 2021, there were no changes in our internal control over financial reporting during our last fiscal quarter that have materially affected, or are reasonably likely to materially affect, our internal control over financial reporting."
"What steps is the company taking in response to virtually all employees working remotely due to COVID-19?","The company is continually monitoring and assessing the COVID-19 situation on its internal controls to minimize the impact on their operating effectiveness.","We are continually monitoring and assessing the COVID-19 situation on our internal controls to minimize the impact on their operating effectiveness."
"Why can't the company's control system provide absolute assurance?","The control system, despite how well it is conceived and operated, has inherent limitations such as resource constraints, and cannot prevent all errors and fraud.","Our management, including our Chief Executive Officer and Chief Financial Officer, does not expect that our disclosure controls and procedures or our internal controls, will prevent all error and all fraud. A control system, no matter how well conceived and operated, can provide only reasonable, not absolute, assurance that the objectives of the control system are met. Further, the design of a control system must reflect the fact that there are resource constraints, and the benefits of controls must be considered relative to their costs."
"Why is certain information required by Part III omitted from the report?","Because a definitive proxy statement pursuant to Regulation 14A, or the 2021 Proxy Statement, will be filed with the SEC no later than 120 days after the end of fiscal year 2021, and certain information included therein is incorporated by reference.","PART III Certain information required by Part III is omitted from this report because we will file with the SEC a definitive proxy statement pursuant to Regulation 14A, or the 2021 Proxy Statement, no later than 120 days after the end of fiscal year 2021, and certain information included therein is incorporated herein by reference."
"What is incorporated by reference in the report instead of being included directly?","Certain information from the definitive proxy statement pursuant to Regulation 14A, or the 2021 Proxy Statement.","PART III Certain information required by Part III is omitted from this report because we will file with the SEC a definitive proxy statement pursuant to Regulation 14A, or the 2021 Proxy Statement, no later than 120 days after the end of fiscal year 2021, and certain information included therein is incorporated herein by reference."
"No later than 120 days after the end of fiscal year 2021.","PART III Certain information required by Part III is omitted from this report because we will file with the SEC a definitive proxy statement pursuant to Regulation 14A, or the 2021 Proxy Statement, no later than 120 days after the end of fiscal year 2021, and certain information included therein is incorporated herein by reference."
"Under which regulation is the 2021 Proxy Statement filed?","Regulation 14A","Certain information required by Part III is omitted from this report because we will file with the SEC a definitive proxy statement pursuant to Regulation 14A, or the 2021 Proxy Statement, no later than 120 days after the end of fiscal year 2021, and certain information included therein is incorporated herein by reference."
"What is the relation of the 2021 Proxy Statement to the report's information requirements?","The 2021 Proxy Statement contains certain information required by Part III of the report, which is incorporated by reference.","PART III Certain information required by Part III is omitted from this report because we will file with the SEC a definitive proxy statement pursuant to Regulation 14A, or the 2021 Proxy Statement, no later than 120 days after the end of fiscal year 2021, and certain information included therein is incorporated herein by reference."
"Where can information about the company's directors be found?","In the 2021 Proxy Statement under the caption 'Proposal 1 - Election of Directors,' which is incorporated by reference.","ITEM 10. DIRECTORS, EXECUTIVE OFFICERS AND CORPORATE GOVERNANCE Identification of Directors Information regarding directors required by this item will be contained in our 2021 Proxy Statement under the caption “Proposal 1 - Election of Directors,” and is hereby incorporated by reference."
"Where is the information about the executive officers referenced?","Under the heading 'Information About Our Executive Officers' in Part I of this Annual Report on Form 10-K, which is incorporated by reference.","ITEM 10. DIRECTORS, EXECUTIVE OFFICERS AND CORPORATE GOVERNANCE Identification of Executive Officers Reference is made to the information regarding executive officers appearing under the heading “Information About Our Executive Officers” in Part I of this Annual Report on Form 10-K, which information is hereby incorporated by reference."
"Where can details about the company's Audit Committee and financial experts be found?","In the 2021 Proxy Statement under the captions 'Report of the Audit Committee of the Board of Directors' and 'Information About the Board of Directors and Corporate Governance,' which is incorporated by reference.","ITEM 10. DIRECTORS, EXECUTIVE OFFICERS AND CORPORATE GOVERNANCE Identification of Audit Committee and Financial Experts Information regarding our Audit Committee required by this item will be contained in our 2021 Proxy Statement under the captions 'Report of the Audit Committee of the Board of Directors' and 'Information About the Board of Directors and Corporate Governance,' and is hereby incorporated by reference."
"Where is information regarding procedures for recommending directors detailed?","In the 2021 Proxy Statement under the caption 'Information About the Board of Directors and Corporate Governance,' which is incorporated by reference.","ITEM 10. DIRECTORS, EXECUTIVE OFFICERS AND CORPORATE GOVERNANCE Material Changes to Procedures for Recommending Directors Information regarding procedures for recommending directors required by this item will be contained in our 2021 Proxy Statement under the caption 'Information About the Board of Directors and Corporate Governance,' and is hereby incorporated by reference."
"Where can the information about compliance with Section 16(a) of the Exchange Act be found?","In the 2021 Proxy Statement under the caption 'Delinquent Section 16(a) Reports,' which is incorporated by reference.","ITEM 10. DIRECTORS, EXECUTIVE OFFICERS AND CORPORATE GOVERNANCE Delinquent Section 16(a) Reports Information regarding compliance with Section 16(a) of the Exchange Act required by this item will be contained in our 2021 Proxy Statement under the caption “Delinquent Section 16(a) Reports,” and is hereby incorporated by reference."
"Where is the full text of the company's Code of Conduct published?","On the Investor Relations portion of the company's website, under Governance, at www.nvidia.com.","ITEM 10. DIRECTORS, EXECUTIVE OFFICERS AND CORPORATE GOVERNANCE Code of Conduct Information regarding our Code of Conduct required by this item will be contained in our 2021 Proxy Statement under the caption 'Information About the Board of Directors and Corporate Governance - Code of Conduct,' and is hereby incorporated by reference. The full text of our Code of Conduct and Financial Team Code of Conduct are published on the Investor Relations portion of our website, under Governance, at www.nvidia.com. The contents of our website are not a part of this Annual Report on Form 10-K."
"What document contains the detailed information about executive compensation for the company?","The 2021 Proxy Statement.","Information regarding our executive compensation required by this item will be contained in our 2021 Proxy Statement under the captions “Executive Compensation,” “Compensation Committee Interlocks and Insider Participation,” “Director Compensation,” and “Compensation Committee Report,” and is hereby incorporated by reference."
"Where can details about the Compensation Committee Interlocks and Insider Participation be found?","In the 2021 Proxy Statement.","Information regarding our executive compensation required by this item will be contained in our 2021 Proxy Statement under the captions “Executive Compensation,” “Compensation Committee Interlocks and Insider Participation,” “Director Compensation,” and “Compensation Committee Report,” and is hereby incorporated by reference."
"Which document should be referenced for information on Director Compensation of the company?","The 2021 Proxy Statement.","Information regarding our executive compensation required by this item will be contained in our 2021 Proxy Statement under the captions “Executive Compensation,” “Compensation Committee Interlocks and Insider Participation,” “Director Compensation,” and “Compensation Committee Report,” and is hereby incorporated by reference."
"What section of the 2021 Proxy Statement contains the Compensation Committee Report?","The section titled ""Compensation Committee Report.""","Information regarding our executive compensation required by this item will be contained in our 2021 Proxy Statement under the captions “Executive Compensation,” “Compensation Committee Interlocks and Insider Participation,” “Director Compensation,” and “Compensation Committee Report,” and is hereby incorporated by reference."
"Is the information about executive compensation directly included in this text?","No, it is incorporated by reference from the 2021 Proxy Statement.","Information regarding our executive compensation required by this item will be contained in our 2021 Proxy Statement under the captions “Executive Compensation,” “Compensation Committee Interlocks and Insider Participation,” “Director Compensation,” and “Compensation Committee Report,” and is hereby incorporated by reference."
"Which topics related to compensation are identified in the 2021 Proxy Statement?","Executive Compensation, Compensation Committee Interlocks and Insider Participation, Director Compensation, and Compensation Committee Report.","Information regarding our executive compensation required by this item will be contained in our 2021 Proxy Statement under the captions “Executive Compensation,” “Compensation Committee Interlocks and Insider Participation,” “Director Compensation,” and “Compensation Committee Report,” and is hereby incorporated by reference."
"Where can information about NVIDIA's security ownership by certain beneficial owners and management be found?","In the 2021 Proxy Statement under the caption “Security Ownership of Certain Beneficial Owners and Management.”","Ownership of NVIDIA Securities Information regarding ownership of NVIDIA securities required by this item will be contained in our 2021 Proxy Statement under the caption “Security Ownership of Certain Beneficial Owners and Management,” and is hereby incorporated by reference."
"Where is detailed information about NVIDIA's equity compensation plans available?","In the 2021 Proxy Statement under the caption 'Equity Compensation Plan Information.'","Equity Compensation Plan Information Information regarding our equity compensation plans required by this item will be contained in our 2021 Proxy Statement under the caption 'Equity Compensation Plan Information,' and is hereby incorporated by reference."
"What document contains the details about security ownership concerning NVIDIA?","The 2021 Proxy Statement.","Ownership of NVIDIA Securities Information regarding ownership of NVIDIA securities required by this item will be contained in our 2021 Proxy Statement under the caption “Security Ownership of Certain Beneficial Owners and Management,” and is hereby incorporated by reference."
"What caption in NVIDIA's 2021 Proxy Statement includes information on equity compensation plans?","The caption is 'Equity Compensation Plan Information.'","Equity Compensation Plan Information Information regarding our equity compensation plans required by this item will be contained in our 2021 Proxy Statement under the caption 'Equity Compensation Plan Information,' and is hereby incorporated by reference."
"In which section of the 2021 Proxy Statement can you find information about NVIDIA's security ownership?","Under the caption 'Security Ownership of Certain Beneficial Owners and Management.'","Ownership of NVIDIA Securities Information regarding ownership of NVIDIA securities required by this item will be contained in our 2021 Proxy Statement under the caption “Security Ownership of Certain Beneficial Owners and Management,” and is hereby incorporated by reference."
"How is the information regarding NVIDIA's equity compensation plans incorporated in the Proxy Statement?","It is incorporated by reference under the caption 'Equity Compensation Plan Information.'","Equity Compensation Plan Information Information regarding our equity compensation plans required by this item will be contained in our 2021 Proxy Statement under the caption 'Equity Compensation Plan Information,' and is hereby incorporated by reference."
"Where can information regarding related transactions and director independence be found?","In the 2021 Proxy Statement under the captions “Review of Transactions with Related Persons” and “Information About the Board of Directors and Corporate Governance - Independence of the Members of the Board of Directors.”","Information regarding related transactions and director independence required by this item will be contained in our 2021 Proxy Statement under the captions “Review of Transactions with Related Persons” and “Information About the Board of Directors and Corporate Governance - Independence of the Members of the Board of Directors,” and is hereby incorporated by reference."
"What captions in the 2021 Proxy Statement provide details about related transactions and director independence?","“Review of Transactions with Related Persons” and “Information About the Board of Directors and Corporate Governance - Independence of the Members of the Board of Directors.”","Information regarding related transactions and director independence required by this item will be contained in our 2021 Proxy Statement under the captions “Review of Transactions with Related Persons” and “Information About the Board of Directors and Corporate Governance - Independence of the Members of the Board of Directors,” and is hereby incorporated by reference."
"Where can information about accounting fees and services be found?","In the 2021 Proxy Statement under the caption 'Fees Billed by the Independent Registered Public Accounting Firm.'","Information regarding accounting fees and services required by this item will be contained in our 2021 Proxy Statement under the caption 'Fees Billed by the Independent Registered Public Accounting Firm,' and is hereby incorporated by reference."
"What document contains the details regarding the principal accounting fees and services?","The 2021 Proxy Statement.","Information regarding accounting fees and services required by this item will be contained in our 2021 Proxy Statement under the caption 'Fees Billed by the Independent Registered Public Accounting Firm,' and is hereby incorporated by reference."
"What is the title of the section in the 2021 Proxy Statement that contains details about fees billed by the accounting firm?","'Fees Billed by the Independent Registered Public Accounting Firm.'","Information regarding accounting fees and services required by this item will be contained in our 2021 Proxy Statement under the caption 'Fees Billed by the Independent Registered Public Accounting Firm,' and is hereby incorporated by reference."
"Is the information about accounting fees included in the document ""ITEM 14""?","No, the information is incorporated by reference from the 2021 Proxy Statement.","Information regarding accounting fees and services required by this item will be contained in our 2021 Proxy Statement under the caption 'Fees Billed by the Independent Registered Public Accounting Firm,' and is hereby incorporated by reference."
"How is the information from the 2021 Proxy Statement incorporated into ITEM 14?","It is incorporated by reference.","Information regarding accounting fees and services required by this item will be contained in our 2021 Proxy Statement under the caption 'Fees Billed by the Independent Registered Public Accounting Firm,' and is hereby incorporated by reference."
"What type of information is incorporated by reference in ITEM 14?","Information about accounting fees and services.","Information regarding accounting fees and services required by this item will be contained in our 2021 Proxy Statement under the caption 'Fees Billed by the Independent Registered Public Accounting Firm,' and is hereby incorporated by reference."
"What are the consolidated financial statements included in ITEM 15 of the report?","Consolidated Statements of Income, Consolidated Statements of Comprehensive Income, Consolidated Balance Sheets, Consolidated Statements of Shareholders’ Equity, Consolidated Statements of Cash Flows, and Notes to the Consolidated Financial Statements for the years ended January 31, 2021, January 26, 2020, and January 27, 2019.","ITEM 15 includes Consolidated Statements of Income, Comprehensive Income, Balance Sheets, Shareholders’ Equity, Cash Flows, and Notes to the Financial Statements for the years ended January 31, 2021, January 26, 2020, and January 27, 2019."
"What periods do the Consolidated Balance Sheets in the report cover?","The Consolidated Balance Sheets cover January 31, 2021 and January 26, 2020.","The Consolidated Balance Sheets are as of January 31, 2021 and January 26, 2020."
"Which company's financial statements and internal control over financial reporting were audited?","NVIDIA Corporation's financial statements and internal control over financial reporting were audited.","The audits were conducted on the financial statements and internal control over financial reporting of NVIDIA Corporation and its subsidiaries."
"What change in accounting principle is mentioned in the report?","The company changed the manner in which it accounts for leases in fiscal year 2020.","The report mentions a change in the accounting principle for leases in fiscal year 2020, discussed in Note 3 to the consolidated financial statements."
"What standards were used for conducting the audits of the financial statements?","The audits were conducted in accordance with the standards of the Public Company Accounting Oversight Board (PCAOB).","The audits were conducted following the standards of the PCAOB, requiring planning and performing the audits to obtain reasonable assurance about the financial statements."
"Who is responsible for expressing opinions on the financial statements and internal control over reporting?","The public accounting firm registered with the PCAOB is responsible for expressing these opinions.","The registered public accounting firm with the PCAOB is tasked with expressing opinions on financial statements and internal control over reporting."
"What does a company's internal control over financial reporting aim to provide assurance about?","The reliability of financial reporting and the preparation of financial statements for external purposes in accordance with generally accepted accounting principles.","A company’s internal control over financial reporting is a process designed to provide reasonable assurance regarding the reliability of financial reporting and the preparation of financial statements for external purposes in accordance with generally accepted accounting principles."
"Why might internal control over financial reporting fail to prevent or detect misstatements?","Due to its inherent limitations and changes in conditions.","Because of its inherent limitations, internal control over financial reporting may not prevent or detect misstatements. Also, projections of any evaluation of effectiveness to future periods are subject to the risk that controls may become inadequate because of changes in conditions, or that the degree of compliance with the policies or procedures may deteriorate."
"What methods were used to determine the fair values of developed technology and in-process research and development intangible assets in the acquisition of Mellanox Technologies Ltd.?","The fair values were determined using the multi-period excess earnings method.","The fair values of developed technology and in-process research and development intangible assets were determined using the multi-period excess earnings method."
"What are the responsibilities included in the audit of internal control over financial reporting?","Understanding internal control, assessing risk of material weakness, and testing and evaluating the design and operating effectiveness of internal control.","Our audit of internal control over financial reporting included obtaining an understanding of internal control over financial reporting, assessing the risk that a material weakness exists, and testing and evaluating the design and operating effectiveness of internal control based on the assessed risk."
"What critical audit matters were involved in the audit of the consolidated financial statements?","Matters that relate to accounts or disclosures that are material to the consolidated financial statements and involved especially challenging, subjective, or complex judgments.","Critical Audit Matters are matters arising from the current period audit of the consolidated financial statements that were communicated or required to be communicated to the audit committee and that relate to accounts or disclosures that are material to the consolidated financial statements and involved our especially challenging, subjective, or complex judgments."
"Why was the acquisition of Mellanox Technologies Ltd. considered a critical audit matter?","Due to the high degree of auditor judgment and subjectivity, significant audit effort, and the involvement of professionals with specialized skill and knowledge.","The principal considerations for our determination that performing procedures relating to the valuation of the developed technology and in-process research and development intangible assets acquired in the acquisition of Mellanox Technologies Ltd. is a critical audit matter are (i) the high degree of auditor judgment and subjectivity in applying procedures relating to the fair value measurement of developed technology and in-process research and development intangible assets acquired due to the significant judgment by management when developing the estimate, (ii) significant audit effort in evaluating management’s assumptions relating to the estimate, such as revenue growth and the technology migration curve, and (iii) the audit effort involved the use of professionals with specialized skill and knowledge."
"$1,826 million","As of January 31, 2021, the Company’s consolidated inventories balance was $1,826 million."
"Why is developing provisions for excess or obsolete inventories considered a critical audit matter?","It involves significant judgments by management, including assumptions related to future demand and market conditions, which led to significant auditor judgment and subjectivity in evaluating these assumptions.","The principal considerations for our determination that performing procedures relating to the valuation of inventories, specifically the provisions for excess or obsolete inventories, is a critical audit matter are the significant judgments by management when developing provisions for excess or obsolete inventories, including developing assumptions related to future demand and market conditions. This in turn led to significant auditor judgment, subjectivity, and effort in performing procedures and evaluating management’s assumptions related to future demand and market conditions."
"What was NVIDIA's net income for the year ended January 31, 2021?","$4,332 million","Net income","$","4,332","","","$","2,796","","$","4,141"
"How did NVIDIA evaluate the reasonableness of the assumptions related to future demand and market conditions for inventory provisions?","By evaluating if assumptions were reasonable considering current and past results, consistency with external data, changes in technology, and comparing prior estimates to actual results.","Evaluating management’s assumptions related to future demand and market conditions involved evaluating whether the assumptions used by management were reasonable considering (i) current and past results, including historical product life cycle, (ii) the consistency with external market and industry data, (iii) changes in technology, and (iv) comparing prior period estimates to actual results of the same period."
"What revenue did NVIDIA report for the year ended January 31, 2021?","$16,675 million","Revenue","$","16,675","","","$","10,918","","$","11,716"
"What was the reason for evaluating the technology migration curve?","The technology migration curve was evaluated by considering the revenue attribution between existing technology and in-process research and development based on the assessment of the separation of forecasted future revenue between developed products and new generation products and the technology carryover rate.","The technology migration curve was evaluated by considering the revenue attribution between existing technology and in-process research and development based on the assessment of the separation of forecasted future revenue between developed products and new generation products and the technology carryover rate."
"What was NVIDIA Corporation's net income for the year ended January 31, 2021?","$4,332 million","NVIDIA CORPORATION AND SUBSIDIARIES CONSOLIDATED STATEMENTS OF COMPREHENSIVE INCOME... Year Ended January 31,2021: Net income $ 4,332"
"$28,791 million","NVIDIA CORPORATION AND SUBSIDIARIES CONSOLIDATED BALANCE SHEETS...  Total assets as of January 31, 2021: $28,791 million"
"What were NVIDIA's total current liabilities on January 26, 2020?","$1,784 million","NVIDIA CORPORATION AND SUBSIDIARIES CONSOLIDATED BALANCE SHEETS...  Total current liabilities as of January 26, 2020: $1,784 million"
"What was the weighted average number of basic shares used in NVIDIA's per share computation for the year ended January 31, 2021?","617 million","Weighted average shares used in per share computation: Basic: 617 for the year ended January 31, 2021"
"How much did NVIDIA report as cash and cash equivalents as of January 31, 2021?","$847 million","NVIDIA CORPORATION AND SUBSIDIARIES CONSOLIDATED BALANCE SHEETS... Current assets: Cash and cash equivalents as of January 31, 2021: $847 million"
"$16,893 million","NVIDIA CORPORATION AND SUBSIDIARIES CONSOLIDATED BALANCE SHEETS... Total shareholders' equity as of January 31, 2021: $16,893 million"
"What was the total shareholders' equity amount reported at the end of the financial period?","$16,893 million","Total shareholders' equity was reported as 16,893 million."
"How many shares of common stock were outstanding as of January 26, 2020?","612 million shares","Balances, January 26, 2020, Common Stock Outstanding, 612 shares."
"$4,141 million","Net income for the period ending on January 27, 2019 was 4,141 million."
"What was the impact of stock repurchases on total shareholders' equity?","A reduction of 1,579 million","Share repurchase (9) resulted in a reduction of 1,579 million from total shareholders' equity."
"How much tax withholding was related to the vesting of restricted stock units during the fiscal year ending in 2019?","$1,032 million","Tax withholding related to vesting of restricted stock units was 1,032 million."
"What was the cash dividend per common share paid in the year ending January 26, 2020?","$0.640 per common share","Cash dividends declared and paid amounted to $0.640 per common share for the year ending January 26, 2020."
"$4,332 million","Net income on January 31, 2021, was $4,332 million."
"How much stock-based compensation expense was recorded in the year ended January 31, 2021?","$1,397 million","In the year ended January 31, 2021, the stock-based compensation expense recorded was $1,397 million."
"What was the change in accounts receivable in 2021?","A decrease of $550 million","Change in accounts receivable in 2021 was a decrease of $550 million."
"What amount of cash was used in investing activities for the year ended January 31, 2021?","$19,675 million","The net cash used in investing activities for the year ended January 31, 2021, was $19,675 million."
"$4,968 million","In 2021, the issuance of debt, net of issuance costs, was $4,968 million."
"$0.640 per common share","Cash dividends declared and paid were $0.640 per common share."
"What was the net cash provided by (used in) financing activities in the most recent period?","$3,804","Net cash provided by (used in) financing activities was $3,804."
"What was the change in cash and cash equivalents during the most recent period?","$(10,049)","The change in cash and cash equivalents was $(10,049)."
"How much cash and cash equivalents were there at the beginning of the period?","$10,896","Cash and cash equivalents at the beginning of the period were $10,896."
"What were the cash and cash equivalents at the end of the period?","$847","Cash and cash equivalents at the end of the period were $847."
"How much cash was paid for income taxes in the most recent period?","$249","Cash paid for income taxes was $249."
"What was the amount of cash paid for interest during the recent period?","$138","Cash paid for interest was $138."
"How does NVIDIA recognize revenue from license and development arrangements?","NVIDIA recognizes revenue from license and development arrangements as a single performance obligation over the period in which the development services are performed, based on the percentage of actual cost incurred to date relative to the estimated total project cost.","Our license and development arrangements with customers typically require significant customization of our intellectual property components. As a result, we recognize the revenue from the license and the revenue from the development services as a single performance obligation over the period in which the development services are performed. We measure progress to completion based on actual cost incurred to date as a percentage of the estimated total cost required to complete each project."
"What happens if a loss on an arrangement becomes probable during a period at NVIDIA?","If a loss on an arrangement becomes probable during a period, NVIDIA records a provision for such loss in that period.","If a loss on an arrangement becomes probable during a period, we record a provision for such loss in that period."
"How does NVIDIA recognize revenue from software licenses that are made available to customers?","Revenue from software licenses is recognized up front when the software is made available to the customer.","Revenue from software licenses is recognized up front when the software is made available to the customer."
"What is included in the cost of revenue for NVIDIA's product warranties?","The cost of revenue includes the estimated cost of product warranties calculated at the point of revenue recognition.","Cost of revenue includes the estimated cost of product warranties that are calculated at the point of revenue recognition."
"What method does NVIDIA use to estimate the fair value of performance stock units based on market conditions?","NVIDIA uses a Monte Carlo simulation on the date of grant to estimate the fair value of performance stock units that are based on market conditions.","We use a Monte Carlo simulation on the date of grant to estimate the fair value of performance stock units that are based on market conditions, or market-based PSUs."
"How does NVIDIA handle foreign currency remeasurement for its subsidiaries?","NVIDIA uses the United States dollar as its functional currency, remeasuring foreign currency monetary assets and liabilities into U.S. dollars at end-of-period exchange rates, while non-monetary assets and liabilities are remeasured at historical exchange rates.","We use the United States dollar as our functional currency for all of our subsidiaries. Foreign currency monetary assets and liabilities are remeasured into United States dollars at end-of-period exchange rates. Non-monetary assets and liabilities such as property and equipment, and equity are remeasured at historical exchange rates."
"What factors influence changes in the estimates of deferred tax assets and liabilities?","Changes in estimates of deferred tax assets and liabilities may be influenced by added certainty or finality to anticipated outcomes, changes in accounting standards or tax laws in the United States or foreign jurisdictions, or changes in other facts or circumstances.","Our estimates of deferred tax assets and liabilities may change based, in part, on added certainty or finality to an anticipated outcome, changes in accounting standards or tax laws in the United States, or foreign jurisdictions where we operate, or changes in other facts or circumstances."
"When is a valuation allowance recorded for deferred tax assets?","A valuation allowance is recorded to reduce deferred tax assets by the amount of any tax benefits not expected to be realized based on available evidence and judgment.","...we record a valuation allowance to reduce any deferred tax assets by the amount of any tax benefits that, based on available evidence and judgment, are not expected to be realized."
"What is considered a cash equivalent in terms of investment maturity?","Investments that are readily convertible into cash and have an original maturity of three months or less at the time of purchase are considered cash equivalents.","We consider all highly liquid investments that are readily convertible into cash and have an original maturity of three months or less at the time of purchase to be cash equivalents."
"How are available-for-sale marketable securities reported?","Available-for-sale marketable securities are reported at fair value with unrealized gains and losses included in accumulated other comprehensive income or loss, net of tax.","We generally classify our cash equivalents and marketable securities related to debt securities at the date of acquisition as available-for-sale. These available-for-sale debt securities are reported at fair value with the related unrealized gains and losses included in accumulated other comprehensive income or loss, a component of shareholders’ equity, net of tax."
"How is fair value of financial instruments determined for items like marketable securities?","The fair value of financial instruments like marketable securities is determined based on quoted market prices.","Fair value of the marketable securities is determined based on quoted market prices."
"Under what condition is the effect of equity awards excluded from diluted net income per share calculations?","The effect of equity awards is excluded from diluted net income per share calculations for periods when their effect is anti-dilutive.","Under the treasury stock method, the effect of equity awards outstanding is not included in the computation of diluted net income per share for periods when their effect is anti-dilutive."
"How is the fair value of marketable securities determined?","The fair value of marketable securities is determined based on quoted market prices.","Fair value of the marketable securities is determined based on quoted market prices."
"Where are the effective gains or losses on cash-flow hedges initially reported?","They are initially reported as a component of other comprehensive income or loss.","For derivative instruments designated as cash-flow hedges, the effective portion of the gains or losses on the derivatives is initially reported as a component of other comprehensive income or loss."
"What financial instruments could subject the company to concentrations of credit risk?","Cash equivalents, marketable securities, and accounts receivable could subject the company to concentrations of credit risk.","Financial instruments that potentially subject us to concentrations of credit risk consist primarily of cash equivalents, marketable securities, and accounts receivable."
"How are inventory costs computed?","Inventory costs are computed on an adjusted standard basis, which approximates actual cost on an average or first-in, first-out basis.","Inventory cost is computed on an adjusted standard basis, which approximates actual cost on an average or first-in, first-out basis."
"What method is used to compute depreciation of property and equipment?","Depreciation of property and equipment is computed using the straight-line method based on the estimated useful lives of the assets.","Depreciation of property and equipment is computed using the straight-line method based on the estimated useful lives of the assets."
"When is goodwill subject to an impairment test?","Goodwill is subject to an annual impairment test during the fourth quarter of the fiscal year or earlier if indicators of potential impairment exist.","Goodwill is subject to our annual impairment test during the fourth quarter of our fiscal year, or earlier if indicators of potential impairment exist."
"What triggers the annual impairment test of a reporting unit?","The annual impairment test is triggered during the fourth quarter of the fiscal year or earlier if indicators of potential impairment exist.","The annual impairment test is subject to our annual impairment test during the fourth quarter of our fiscal year, or earlier if indicators of potential impairment exist."
"What factors are considered in the qualitative analysis for impairment testing?","The qualitative analysis considers industry and market considerations, overall financial performance, and other relevant events and factors affecting the reporting units.","Qualitative factors include industry and market considerations, overall financial performance, and other relevant events and factors affecting the reporting units."
"How does the quantitative impairment test estimate a reporting unit's fair value?","The quantitative impairment test estimates a reporting unit's fair value using the income approach and the market approach, which consider prospective financial information, growth rates, residual values, discount rates, and comparable multiples from publicly traded companies.","Our quantitative impairment test considers both the income approach and the market approach to estimate a reporting unit’s fair value. The income and market valuation approaches consider a number of factors that include, but are not limited to, prospective financial information, growth rates, residual values, discount rates, and comparable multiples from publicly traded companies."
"Over what range of periods are intangible assets amortized?","Intangible assets are amortized over periods ranging from two to twenty years, using a method reflecting the pattern of consumption of the asset's economic benefits or a straight-line method if the pattern can't be reliably determined.","We currently amortize our intangible assets with finite lives over periods ranging from two to twenty years using a method that reflects the pattern in which the economic benefits of the intangible asset are consumed or otherwise used up or, if that pattern cannot be reliably determined, using a straight-line amortization method."
"How is fair value determined for assets considered for impairment?","Fair value is determined based on the estimated discounted future cash flows expected to be generated by the asset or asset group.","Fair value is determined based on the estimated discounted future cash flows expected to be generated by the asset or asset group."
"How does management allocate the fair value of the purchase price during an acquisition?","Management allocates the fair value of the purchase price to tangible assets acquired, liabilities assumed, and intangible assets acquired, including IPR&D, based on their estimated fair values, with the excess amount recorded as goodwill.","We allocate the fair value of the purchase price of an acquisition to the tangible assets acquired, liabilities assumed, and intangible assets acquired, including IPR&D, based on their estimated fair values. The excess of the fair value of the purchase price over the fair values of these net tangible and intangible assets acquired is recorded as goodwill."
"When did NVIDIA complete the acquisition of Mellanox Technologies, Ltd.?","April 27, 2020","On April 27, 2020, we completed the acquisition of all outstanding shares of Mellanox for a total purchase consideration of $7.13 billion."
"What was the total purchase consideration for the acquisition of Mellanox by NVIDIA?","$7.13 billion","On April 27, 2020, we completed the acquisition of all outstanding shares of Mellanox for a total purchase consideration of $7.13 billion."
"What is fair value based on in the context of the investee's activities?","Fair value is based on quantitative and qualitative factors, including subsequent financing activities by the investee.","Fair value is based on quantitative and qualitative factors, including subsequent financing activities by the investee."
"What potential earn out is included in the acquisition of Arm Limited, contingent on financial performance targets?","If the financial targets are achieved, SoftBank can elect to receive either up to an additional $5 billion in cash or up to an additional 10.3 million shares of our common stock.","The transaction includes a potential earn out, which is contingent on the achievement of certain financial performance targets by Arm during the fiscal year ending March 31, 2022. If the financial targets are achieved, SoftBank can elect to receive either up to an additional $5 billion in cash or up to an additional 10.3 million shares of our common stock."
"The following text is a CSV row: How was the $2 billion paid upon signing the agreement for the acquisition of Arm Limited allocated?","The $2 billion paid upon signing was allocated between advanced consideration for the acquisition of $1.36 billion and the prepayment of intellectual property licenses from Arm of $0.17 billion and royalties of $0.47 billion, both with a 20-year term.","The $2 billion paid upon signing was allocated between advanced consideration for the acquisition of $1.36 billion and the prepayment of intellectual property licenses from Arm of $0.17 billion and royalties of $0.47 billion, both with a 20-year term."
"What methodology replaced the incurred loss impairment model according to the new accounting standard issued in June 2016 by the FASB?","The new accounting standard replaced the incurred loss impairment methodology with a methodology that reflects expected credit losses and requires consideration of a broader range of reasonable and supportable information to inform credit loss estimates for accounts receivable and other financial instruments, including available-for-sale debt securities.","In June 2016, the Financial Accounting Standards Board issued a new accounting standard to replace the existing incurred loss impairment methodology with a methodology that reflects expected credit losses and requires consideration of a broader range of reasonable and supportable information to inform credit loss estimates for accounts receivable and other financial instruments, including available-for-sale debt securities."
"How many Mellanox stock options were held by employees and non-employee directors?","Approximately 249 thousand","Approximately 249 thousand Mellanox stock options were held by employees and non-employee directors of Mellanox."
"To which segment was the goodwill from the Mellanox acquisition allocated?","Compute and Networking segment","Goodwill arising from the Mellanox acquisition has been allocated to the Compute and Networking segment."
"What was the fair value of developed technology acquired from Mellanox?","$1,640 million","The fair value and useful life of the acquired intangible assets include developed technology valued at $1,640 million with a useful life of 5 years."
"How much was the acquisition-related cost attributable to Mellanox for fiscal year 2021 included in expenses?","$28 million","Acquisition-related costs attributable to Mellanox of $28 million were included in selling, general, and administrative expense for fiscal year 2021."
"What was the approximate percentage of revenue attributable to Mellanox in fiscal year 2021?","Approximately 10%","Revenue attributable to Mellanox was approximately 10% for fiscal year 2021."
"How much was recorded as the indefinite-lived intangible asset for Mellanox's IPR&D project?","$630 million","An indefinite-lived intangible asset of $630 million was recorded for Mellanox's IPR&D project which had not yet reached technological feasibility as of the acquisition date."
"What was the step-up expense for inventory reflected in the fiscal year 2020?","$161 million","The pro forma results reflect the inventory step-up expense of $161 million in the fiscal year 2020 and were excluded from the pro forma results for fiscal year 2021."
"How much were the total future minimum lease payments under non-cancelable operating leases as of January 31, 2021?","$870 million","Future minimum lease payments under our non-cancelable operating leases as of January 31, 2021, are as follows: Total","870."
"What was the operating lease expense for the fiscal year 2020?","$114 million","Operating lease expense for fiscal years 2021, 2020, and 2019 was $145 million, $114 million, $80 million, respectively."
"What is the weighted average remaining lease term of operating leases as of January 31, 2021?","7.6 years","As of January 31, 2021, our operating leases had a weighted average remaining lease term of 7.6 years and a weighted average discount rate of 2.87%."
"How much stock-based compensation expense was recorded in the cost of revenue for the fiscal year ending January 31, 2021?","$88 million","Our Consolidated Statements of Income include stock-based compensation expense, net of amounts allocated to inventory, as follows: Cost of revenue","$","88","January 31,2021."
"As of January 31, 2021, what was the estimated total grant-date fair value of the equity awards granted under the equity incentive plans for RSUs, PSUs, and Market-based PSUs for the year ended January 31, 2021?","$2,764 million","The following is a summary of equity awards granted under our equity incentive plans: Year Ended January 31, 2021 - Estimated total grant-date fair value","$","2,764"
"$3.17 billion","As of January 31, 2021, there was $3.17 billion of aggregate unearned stock-based compensation expense, net of forfeitures."
"What is the expected recognition period for RSUs, PSUs, and market-based PSUs stock-based compensation expense?","2.5 years","This amount is expected to be recognized over a weighted average period of 2.5 years for RSUs, PSUs, and market-based PSUs."
"How are forfeitures estimated for RSU, PSU, and market-based PSU awards?","Forfeitures are estimated based on historical experience and revised in subsequent periods if actual forfeitures differ.","Additionally, for RSU, PSU, and market-based PSU awards, we estimate forfeitures semi-annually and revise the estimates of forfeiture in subsequent periods if actual forfeitures differ from those estimates. Forfeitures are estimated based on historical experience."
"The following text is a CSV row: Which equity incentive plan was approved by the shareholders of NVIDIA Corporation in 2007?","The NVIDIA Corporation 2007 Equity Incentive Plan","In 2007, our shareholders approved the NVIDIA Corporation 2007 Equity Incentive Plan, as most recently amended and restated."
"244 million shares","As of January 31, 2021, up to 244 million shares of our common stock could be issued pursuant to stock awards granted under the 2007 Plan."
"What is the vesting schedule for market-based PSUs granted under the 2007 Plan?","Market-based PSUs vest 100% on approximately the three-year anniversary of the date of grant.","Subject to certain exceptions, Market-based PSUs vest 100% on approximately the three-year anniversary of the date of grant."
"What percentage of their earnings could employees have withheld to purchase shares of common stock starting in March 2021?","Up to 15%","Starting in March 2021, employees who participate may have up to 15% of their earnings withheld to purchase shares of common stock. The Board may decrease this percentage at its discretion."
"How is the price of common stock determined for purchase under the 2012 Employee Stock Purchase Plan?","The price is equal to 85% of the lower of the fair market value of the common stock on the commencement date of each offering period and the fair market value on each purchase date within the offering.","The price of common stock purchased under our 2012 Plan will be equal to 85% of the lower of the fair market value of the common stock on the commencement date of each offering period and the fair market value on each purchase date within the offering."
"As of January 31, 2021, how many shares were reserved for future issuance under the 2012 Plan?","60 million shares","As of January 31, 2021, we had 60 million shares reserved for future issuance under the 2012 Plan."
"What was the total intrinsic value of options exercised in fiscal year 2021?","$521 million","The total intrinsic value of options exercised was $521 million, $84 million, and $180 million for fiscal years 2021, 2020, and 2019, respectively."
"What was the basic net income per share for the year ended January 31, 2021?","$7.02","Net income per share: Basic (1)","$","7.02","for the year ended January 31, 2021. (1) Calculated as net income divided by basic weighted average shares."
"To which new reportable segments did NVIDIA reassign the goodwill balance starting in the first quarter of fiscal year 2021?","Graphics and Compute & Networking","We changed our reportable segments to 'Graphics' and 'Compute & Networking' starting with the first quarter of fiscal year 2021, as discussed in Note 17 of these Notes to the Consolidated Financial Statements. As a result, our reporting units also changed, and we reassigned the goodwill balance to the new reporting units based on their relative fair values."
"What was the total carrying amount of goodwill as of January 31, 2021?","$4.19 billion","As of January 31, 2021, the total carrying amount of goodwill was $4.19 billion and the amount of goodwill allocated to our Graphics and Compute & Networking reporting units was $347 million and $3.85 billion, respectively."
"How much goodwill was allocated to the Compute & Networking reporting unit as of January 31, 2021?","$3.85 billion","As of January 31, 2021, the total carrying amount of goodwill was $4.19 billion and the amount of goodwill allocated to our Compute & Networking reporting units was $3.85 billion."
"What caused the $3.57 billion increase in goodwill in fiscal year 2021?","Goodwill increased by $3.57 billion due to a $3.43 billion acquisition of Mellanox and $143 million from other acquisition activities.","Goodwill increased by $3.57 billion in fiscal year 2021 due to goodwill of $3.43 billion arising from the Mellanox acquisition, and goodwill of $143 million from other acquisition activities, all of which were allocated to the Compute & Networking reporting unit."
"What was the amount of acquisition-related intangible assets not yet amortized as of January 31, 2021?","$630 million","As of January 31, 2021, acquisition-related intangible assets include the fair value of a Mellanox IPR&D project of $630 million, which has not been amortized."
"What was the gross carrying amount of patents and licensed technology as of January 31, 2021?","$706 million","Patents and licensed technology had a gross carrying amount of $706 million as of January 31, 2021."
"What is the estimated amortization expense for fiscal year 2022 related to intangible assets?","$548 million","Future amortization expense related to the net carrying amount of intangible assets as of January 31, 2021 is estimated to be $548 million in fiscal year 2022."
"What is the estimated fair value of money market funds as of January 26, 2020?","$7,507 million","As of January 26, 2020, the estimated fair value of money market funds was $7,507 million."
"How much were the cash equivalents and marketable securities amortized costs as of January 31, 2021?","$11,348 million","As of January 31, 2021, the amortized cost of cash equivalents and marketable securities was $11,348 million."
"Under which level of the fair value hierarchy are the corporate debt securities classified?","Level 2","Corporate debt securities are classified under Level 2 of the fair value hierarchy."
"What is the estimated fair value of foreign government bonds as of January 31, 2021?","$67 million","As of January 31, 2021, the estimated fair value of foreign government bonds was $67 million."
"What type of securities were considered Level 1 assets as of January 31, 2021?","Money market funds","As of January 31, 2021, money market funds were considered Level 1 assets."
"What was the fair value of the 2.20% Notes Due 2021 as of January 31, 2021?","$1,011 million","As of January 31, 2021, the fair value of the 2.20% Notes Due 2021 was $1,011 million."
"What was the total value of 3.50% Notes Due 2040 as of the reporting date?","$1,152 million","3.50% Notes Due 2040 (2)","Level 2","","$","1,152","","$","—"
"How much was recorded as total inventories as of January 31, 2021?","$1,826 million","Total inventories","$","1,826","","","$","979"
"What is the estimated useful life of building assets?","25-30 years","Building","341","","","340","","","25-30"
"Which type of property and equipment is considered non-depreciable?","Land","Land is a non-depreciable asset."
"What was the amount for advanced consideration for acquisition in other assets as of January 31, 2021?","$1,357 million","Advanced consideration for acquisition","$","1,357","","","$","—"
"How much was accrued for customer program accruals as of January 31, 2021?","$630 million","Customer program accruals","$","630","","","$","462"
"What was the total accrued payroll and related expenses as of January 31, 2021?","$297 million","Accrued payroll and related expenses were $297 million as of January 31, 2021."
"How much was the deferred revenue at the end of the period on January 31, 2021?","$451 million","The balance of deferred revenue at the end of the period on January 31, 2021 was $451 million."
"What was the total of other long-term liabilities as of January 31, 2021?","$1,375 million","Total other long-term liabilities as of January 31, 2021 amounted to $1,375 million."
"What percentage of the remaining performance obligations is expected to be recognized as revenue over the next twelve months from January 31, 2021?","44%","As of January 31, 2021, approximately 44% of the remaining performance obligations is expected to be recognized as revenue over the next twelve months."
"What was the notional value of foreign currency forward contracts designated as cash flow hedges outstanding as of January 31, 2021?","$840 million","As of January 31, 2021, the notional value of foreign currency forward contracts designated as cash flow hedges was $840 million."
"How much income tax payable represents the long-term portion of the one-time transition tax payable?","$284 million","The long-term portion of the one-time transition tax payable under income tax payable is $284 million."
"What is the maturity term for all designated foreign currency forward contracts?","All designated foreign currency forward contracts mature within eighteen months.","All designated foreign currency forward contracts mature within eighteen months."
"What was the net proceeds from the March 2020 Notes?","$4.97 billion, after deducting debt discount and issuance costs.","The net proceeds from the March 2020 Notes were $4.97 billion, after deducting debt discount and issuance costs."
"When is interest payable on the September 2016 Notes?","Interest on the September 2016 Notes is payable on March 16 and September 16 of each year.","Interest on the September 2016 Notes is payable on March 16 and September 16 of each year."
"What effective interest rate was associated with the 3.70% Notes Due 2060?","The effective interest rate for the 3.70% Notes Due 2060 was 3.73%.","The carrying value of the Notes and the associated interest rates were as follows: 3.70% Notes Due 2060","EffectiveInterest Rate","3.73%."
"What are the net carrying amounts for all the Notes as of January 31, 2021?","The net carrying amount is $6,963 million, with the long-term portion being $5,964 million.","Net carrying amount","","","6,963","","","1,991","Less short-term portion","","","(999)","","","—","Total long-term portion","","","$","5,964","","","$","1,991"
"What is the maximum amount that can be borrowed under the Credit Agreement for general corporate purposes?","Under the Credit Agreement, up to $575 million may be borrowed for general corporate purposes.","We have a Credit Agreement under which we may borrow up to $575 million for general corporate purposes."
"What was the status of NVIDIA's compliance with required covenants under their Credit Agreement as of January 31, 2021?","NVIDIA was in compliance with the required covenants under their Credit Agreement as of January 31, 2021.","As of January 31, 2021, we had not borrowed any amounts and were in compliance with the required covenants under this agreement. The Credit Agreement expires October 2021."
"How much borrowing capacity did NVIDIA's Credit Agreement provide for general corporate purposes?","$575 million","We have a Credit Agreement under which we may borrow up to $575 million for general corporate purposes and can obtain revolving loan commitments up to $425 million."
"What is the total amount of NVIDIA's outstanding inventory purchase obligations as of January 31, 2021?","$2.54 billion","As of January 31, 2021, we had outstanding inventory purchase obligations totaling $2.54 billion, which are expected to occur over the next 12 months."
"What were the estimated product warranty liabilities for NVIDIA as of January 31, 2021?","$22 million","The estimated amount of product warranty liabilities was $22 million and $15 million as of January 31, 2021 and January 26, 2020, respectively."
"What corporate agreement provides NVIDIA support for general corporate purposes without any issuance as of January 31, 2021?","A $575 million commercial paper program.","We have a $575 million commercial paper program to support general corporate purposes. As of January 31, 2021, we had not issued any commercial paper."
"What action did NVIDIA take in response to the amended complaint in the securities litigation case on June 29, 2020?","NVIDIA moved to dismiss the amended complaint on the basis that plaintiffs failed to state any claims for violations of the securities laws.","On June 29, 2020, NVIDIA moved to dismiss the amended complaint on the basis that plaintiffs failed to state any claims for violations of the securities laws by NVIDIA or the individual defendants."
"What legal claims are being made against NVIDIA regarding allegedly false and misleading statements?","The claims are based on Sections 14(a), 10(b), and 20(a) of the Exchange Act, related to allegedly false and misleading statements concerning channel inventory and the impact of cryptocurrency mining on GPU demand.","The claims against NVIDIA involve Sections 14(a), 10(b), and 20(a) of the Exchange Act based on the dissemination of allegedly false, and misleading statements related to channel inventory and the impact of cryptocurrency mining on GPU demand."
"What relief are the plaintiffs seeking in the legal claims against NVIDIA?","Plaintiffs are seeking unspecified damages, disgorgement of profits from the sale of NVIDIA stock, and unspecified corporate governance measures.","The plaintiffs seek unspecified damages and other relief, including disgorgement of profits from the sale of NVIDIA stock and unspecified corporate governance measures."
"What has NVIDIA recorded for contingent liabilities related to the described legal proceedings as of January 31, 2021?","NVIDIA has not recorded any accrual for contingent liabilities related to the described legal proceedings, believing that liabilities, while possible, are not probable.","As of January 31, 2021, we have not recorded any accrual for contingent liabilities associated with the legal proceedings described above based on our belief that liabilities, while possible, are not probable."
"How might additional legal actions impact NVIDIA according to the context provided?","Additional suits or allegations could be filed against NVIDIA or its officers and directors in relation to these or other matters.","It is possible that additional suits will be filed, or allegations received from shareholders, with respect to these same or other matters, naming NVIDIA and/or its officers and directors as defendants."
"What is the total income before income tax for NVIDIA as of January 31, 2021?","NVIDIA's total income before income tax as of January 31, 2021, was $4,409 million.","Income before income tax consists of the following: Year Ended January 31,2021 (In millions) Domestic $ 1,437 Foreign $ 2,972 Income before income tax $ 4,409."
"How did the U.S. federal R&D tax credit affect NVIDIA's income tax expense in the year ended January 31, 2021?","The U.S. federal R&D tax credit reduced NVIDIA's income tax expense by $173 million in the year ended January 31, 2021.","The income tax expense differs from the amount computed by applying the U.S. federal statutory rate of 21% to income before income taxes. In the year ended January 31, 2021, the U.S. federal R&D tax credit amounted to $173 million."
"What was the total valuation allowance as of January 31, 2021?","$728 million","As of January 31, 2021, we had a valuation allowance of $728 million related to state and certain foreign deferred tax assets that management determined not likely to be realized."
"What were the net operating loss carryforwards for federal, state, and foreign categories as of January 31, 2021?","Federal: $333 million, State: $308 million, Foreign: $344 million","As of January 31, 2021, we had federal, state and foreign net operating loss carryforwards of $333 million, $308 million and $344 million, respectively."
"What income tax expense was recognized for fiscal year 2021?","$77 million","We recognized an income tax expense of $77 million and $174 million for fiscal years 2021 and 2020, respectively."
"What is the net deferred tax asset reported for fiscal year 2020?","$519 million","Net deferred tax asset includes long-term deferred tax assets of $806 million and $548 million and long-term deferred tax liabilities of $241 million and $29 million for fiscal years 2021 and 2020, respectively."
"What was the company's annual effective tax rate in fiscal year 2021?","1.7%","Our annual effective tax rate was 1.7%, 5.9%, and (6.3)% for fiscal years 2021, 2020, and 2019, respectively."
"What factors contributed to the decrease in the effective tax rate in fiscal year 2021 compared to 2020?","Decrease in the proportional amount of earnings subject to United States tax and increase of tax benefits from stock-based compensation.","The decrease in our effective tax rate in fiscal year 2021 as compared to fiscal year 2020 was primarily due to a decrease in the proportional amount of earnings subject to United States tax and an increase of tax benefits from stock-based compensation."
"What is the total amount of unrecognized tax benefits that would affect the effective tax rate if recognized as of January 31, 2021?","$606 million","As of January 31, 2021, we had $776 million of gross unrecognized tax benefits, of which $606 million would affect our effective tax rate if recognized."
"How much of the state research tax credit carryforwards attributable to California can be carried over indefinitely?","$944 million","We have state research tax credit carryforwards of $987 million, of which $944 million is attributable to the State of California and may be carried over indefinitely."
"When will the federal research tax credit carryforwards begin to expire?","Fiscal year 2035","As of January 31, 2021, we had federal research tax credit carryforwards of $238 million that will begin to expire in fiscal year 2035."
"Which tax jurisdictions are significant for potential examination as of January 31, 2021?","United States, Hong Kong, Taiwan, China, United Kingdom, Germany, Israel, and India","As of January 31, 2021, the significant tax jurisdictions that may be subject to examination include the United States, Hong Kong, Taiwan, China, United Kingdom, Germany, Israel, and India for fiscal years 2005 through 2020."
"What is the amount of foreign net operating loss carryforwards that may be carried forward indefinitely?","$344 million","The foreign net operating loss carryforwards of $344 million may be carried forward indefinitely."
"Which countries are currently under tax examination as of January 31, 2021?","United States, United Kingdom, Germany, Israel, and India","As of January 31, 2021, the significant tax jurisdictions for which we are currently under examination include the United States, United Kingdom, Germany, Israel and India, for fiscal years 2005 through 2019."
"Which tax jurisdictions were under examination as of January 31, 2021, for fiscal years 2005 through 2019?","United States, United Kingdom, Germany, Israel, and India.","As of January 31, 2021, the significant tax jurisdictions for which we are currently under examination include the United States, United Kingdom, Germany, Israel, and India, for fiscal years 2005 through 2019."
"How much has been repurchased under the share repurchase program by January 31, 2021?","260 million shares for a total cost of $7.08 billion.","Through January 31, 2021, we have repurchased an aggregate of 260 million shares under our share repurchase program for a total cost of $7.08 billion."
"What were the two new operating segments reported in fiscal year 2021?","Graphics and Compute & Networking.","During the first quarter of fiscal year 2021, we changed our operating segments to be consistent with the revised manner in which our CODM reviews our financial performance and allocates resources. The two new operating segments are 'Graphics' and 'Compute & Networking'."
"How much did the 'Graphics' segment revenue amount to in the year ended January 31, 2021?","$9,834 million.","Year Ended January 31, 2021: Revenue","$","9,834","for the 'Graphics' segment."
"What total amount of cash dividends was paid to shareholders during fiscal year 2021?","$395 million.","During fiscal year 2021, we paid $395 million in cash dividends to our shareholders."
"What segments are included in the company’s reportable segments as of fiscal year 2021?","Graphics and Compute & Networking.","During the first quarter of fiscal year 2021, we changed our operating segments to be consistent with the revised manner in which our CODM reviews our financial performance and allocates resources. The two new operating segments are 'Graphics' and 'Compute & Networking'. Our operating segments are equivalent to our reportable segments."
"$3,886 million","Revenue for China (including Hong Kong) for the year ended January 31, 2021, was $3,886 million."
"$16,675 million","The total revenue for NVIDIA Corporation for the year ended January 31, 2021, was $16,675 million."
"$3,267 million","Operating income for the year ended January 31, 2021, was $3,267 million."
"How much was the stock-based compensation expense for the year ended January 31, 2021?","$1,397 million","Stock-based compensation expense for the year ended January 31, 2021, was $1,397 million."
"What were the long-lived assets for NVIDIA in the United States as of January 31, 2021?","$1,643 million","As of January 31, 2021, NVIDIA's long-lived assets in the United States were $1,643 million."
"Which geographic region had the highest revenue for NVIDIA during the year ended January 31, 2021?","Taiwan","During the year ended January 31, 2021, Taiwan had the highest revenue with $4,531 million."
"What was the total value of long-lived assets reported?","$2,149 million","Total long-lived assets","$","2,149","","","$","1,674."
"Did any customer account for 10% or more of total revenue in fiscal year 2020?","Yes, one customer represented 11% of total revenue in fiscal year 2020.","One customer represented 11% of our total revenue for fiscal year 2020 and was attributable primarily to the Graphics segment."
"What percentage of the accounts receivable balance was attributed to one customer as of January 31, 2021?","16%","One customer represented 16% of our accounts receivable balance as of January 31, 2021."
"For fiscal year 2019, what was the allowance for doubtful accounts at the end of the period?","$2 million","Allowance for doubtful accounts for fiscal year 2019","$ 4","(1)","$ 2","(1)","$ 2"
"What was the sales return allowance at the start of fiscal year 2021?","$9 million","Sales return allowance at the beginning of fiscal year 2021","$ 9"
"Which exhibit number corresponds to the Agreement and Plan of Merger dated March 10, 2019?","Exhibit 2.1","Agreement and Plan of Merger, dated March 10, 2019, by and among NVIDIA Corporation, NVIDIA International Holdings Inc., Mellanox Technologies Ltd. and Teal Barvaz Ltd.","Exhibit No. 2.1"
"What is the date of the indenture between the Company and Wells Fargo Bank, National Association, as Trustee?","September 16, 2016","Indenture, dated as of September 16, 2016, by and between the Company and Wells Fargo Bank, National Association, as Trustee"
"Which form is the specimen stock certificate associated with?","S-1/A","Specimen Stock Certificate","S-1/A","333-47495","4.2","4/24/1998"
"Officer's Certificate dated March 31, 2020","Officers’ Certificate, dated as of March 31, 2020","8-K","0-23985","4.2","3/31/2020"
"What does exhibit 10.1 relate to in the context of agreements?","Form of Indemnity Agreement between NVIDIA Corporation and each of its directors and officers","Form of Indemnity Agreement between NVIDIA Corporation and each of its directors and officers","8-K","0-23985","10.1","3/7/2006"
"What is the identifier number for the 2007 Equity Incentive Plan detailed on 8/22/2012?","10.1","Amended and Restated 2007 Equity Incentive Plan - Non Statutory Stock Option","10-Q","0-23985","10.1","8/22/2012"
"Which exhibit number refers to a description of securities?","4.7*","4.7*","Description of Securities"
"What is the title of the grant notice associated with non-employee directors in the Amended and Restated 2007 Equity Incentive Plan from 2016?","Non-Employee Director Deferred Restricted Stock Unit Grant Notice and Deferred Restricted Stock Unit Agreement (2016)","10-K","Amended and Restated 2007 Equity Incentive Plan - Non-Employee Director Deferred Restricted Stock Unit Grant Notice and Deferred Restricted Stock Unit Agreement (2016)"
"Which agreement is associated with the 2018 Amended and Restated 2007 Equity Incentive Plan document?","Restricted Stock Unit Grant Notice and Restricted Stock Unit Agreement & Performance-Based Restricted Stock Unit Grant Notice and Performance-Based Restricted Stock Unit Agreement","10-Q","Amended and Restated 2007 Equity Incentive Plan - Restricted Stock Unit Grant Notice and Restricted Stock Unit Agreement & Performance-Based Restricted Stock Unit Grant Notice and Performance-Based Restricted Stock Unit Agreement (2018)"
"What type of document was issued by NVIDIA Corporation with Wells Fargo Bank and other lenders in 2016?","Credit Agreement","8-K","Credit Agreement, dated as of October 7, 2016 by and among NVIDIA Corporation, Wells Fargo Bank, National Association, as administrative agent, and the lenders party thereto"
"Which two individuals received offer letters from NVIDIA Corporation in 2013 and 2017?","Colette Kress (2013) and Tim Teter (2017)","8-K","Offer Letters between NVIDIA Corporation and individuals: Colette Kress (September 13, 2013) and Tim Teter (December 16, 2016)"
"What is the purpose of the certifications by the Chief Executive Officer and Chief Financial Officer mentioned in the content?","To comply with Rules 13a-14(a) and 13a-14(b) of the Securities Exchange Act of 1934","Certifications of CEO and CFO as required by Rule 13a-14(a) and Rule 13a-14(b) of the Securities Exchange Act of 1934"
"According to the text, what is the significance of certifications furnished in Exhibits 32.1 and 32.2?","The certifications are deemed to accompany the Annual Report on Form 10-K but are not deemed “filed” for purposes of Section 18 of the Exchange Act, nor are they incorporated by reference into any filing.","In accordance with Item 601(b)(32)(ii) of Regulation S-K and SEC Release Nos. 33-8238 and 34-47986, the certifications furnished in Exhibits 32.1 and 32.2 hereto are deemed to accompany this Annual Report on Form 10-K and will not be deemed “filed” for purpose of Section 18 of the Exchange Act. Such certifications will not be deemed to be incorporated by reference into any filing under the Securities Act or the Exchange Act, except to the extent that the registrant specifically incorporates it by reference."
"How can a shareholder request copies of exhibits not contained in the text?","Copies of exhibits not contained in the text are available upon written request to Investor Relations at NVIDIA Corporation, located at 2788 San Tomas Expressway, Santa Clara, CA 95051.","Copies of above exhibits not contained herein are available to any shareholder upon written request to: Investor Relations: NVIDIA Corporation, 2788 San Tomas Expressway, Santa Clara, CA 95051."
"Under what regulation are certain exhibits and schedules omitted?","Certain exhibits and schedules have been omitted in accordance with Regulation S-K Item 601(a)(5).","Certain exhibits and schedules have been omitted in accordance with Regulation S-K Item 601(a)(5)."
